id,title,description,video_url,download_url,google_drive_url,thumbnail_url,duration,release_date,genre,language,quality,required_packages,created_at,updated_at,views,is_active,is_adult,adult_category,rating,cast_list,director,search_keywords,content_purchase_enabled,content_price,content_price_days,content_purchase_packages,video_embed_code
0265561c-7f4b-4c58-9605-27225b4bdce0,Mission: Impossible  The Final Reckoning,,https://iframe.mediadelivery.net/play/155292/7320395d-3702-4ba3-907e-c9cd07741956,,,https://swahiliplay.com/wp-content/uploads/2026/01/MV5BN2ZhMGU1MTItMzBkMi00MjZmLWI2MDQtMWE1ODNjMWFhZjY4XkEyXkFqcGc@._V1_QL75_UX154_-154x169.jpg,,,,,,,2026-06-26 01:16:43.832+00,2026-06-26 01:16:43.832+00,1,true,,,,,,,,,,,
02ffbd0f-8761-4ba0-afe5-9ffebaafaf8f,Survival,,https://iframe.mediadelivery.net/play/155292/23aaa049-52d5-4fa7-afd0-ef8a3051b400,,,https://swahiliplay.com/wp-content/uploads/2024/12/MV5BNmI1MTBjMDItZGI4Ni00ZjYxLThlNzMtNDE4MThiYjY2MGIzXkEyXkFqcGc@._V1_FMjpg_UX1000_-300x169.jpg,,,,,,,2026-06-26 01:16:43.829+00,2026-06-26 01:16:43.829+00,0,true,,,,,,,,,,,
037d2187-ed96-4399-a292-6bbee859fdcc,Cleaner,,"https://iframe.mediadelivery.net/play/155292/ba65a501-b1da-4dca-acad-5202a798c971,https://iframe.mediadelivery.net/play/155292/27f4dbce-9a5e-43f0-a934-ee3835e7eb77",,,https://swahiliplay.com/wp-content/uploads/2025/10/images-190x169.jpg,,,,,,,2026-06-26 01:16:43.84+00,2026-06-26 01:16:43.84+00,1,true,,,,,,,,,,,
06cfeb69-d3ca-471b-9bc3-e5296973eedd,Deathstalker,,https://iframe.mediadelivery.net/play/155292/c296f5bb-c5ec-47bb-9941-0550f422d3fa,,,https://swahiliplay.com/wp-content/uploads/2024/08/images-2024-08-21T083026.171-300x169.jpeg,,,,,,,2026-06-26 01:16:43.826+00,2026-06-26 01:16:43.826+00,0,true,,,,,,,,,,,
074bff9e-7146-4ee8-9d57-5bfa93d0a84a,7up,,https://iframe.mediadelivery.net/play/155292/0b964677-03cb-4808-8b3f-ca790e358a2f,,,https://swahiliplay.com/wp-content/uploads/2024/08/images-2024-08-23T073316.058-300x169.jpeg,,,,,,,2026-06-26 01:16:43.848+00,2026-06-26 01:16:43.848+00,0,true,,,,,,,,,,,
07ca9cb5-7600-4443-913e-3abc513040e5,Hunt the wicked,,https://iframe.mediadelivery.net/play/155292/547b860f-d332-4245-9586-847acc5e28ef,,,https://swahiliplay.com/wp-content/uploads/2025/11/MV5BNmYzNjAyMTAtMGE5MC00MzliLTkyODktOWU1ZTI1MjRjMzA4XkEyXkFqcGc@._V1_-300x169.jpg,,,,,,,2026-06-26 01:16:43.838+00,2026-06-26 01:16:43.838+00,0,true,,,,,,,,,,,
0a34f4a5-ae2b-425d-aa7f-28748d7ec0df,Moana 2,,https://iframe.mediadelivery.net/play/155292/c010fee3-8726-4c24-a035-c1637966b6e1,,,https://swahiliplay.com/wp-content/uploads/2025/01/MV5BZWVjNzUyYzUtNDA3Ny00N2Q3LTg4MGMtZDBkMDFjOTRlNDBhXkEyXkFqcGc@._V1_-300x169.jpg,,,,,,,2026-06-26 01:16:43.87+00,2026-06-26 01:16:43.87+00,22,true,,,,,,,,,,,
0a4f80f0-2a06-412c-853c-2dc7c0d9d251,Bribe Hard,,"https://iframe.mediadelivery.net/play/155292/3263271a-44b2-44dd-b2c0-6de64d2eebe3,https://iframe.mediadelivery.net/play/155292/e22662e5-2c25-44ef-9c15-5f4cdbce3ab0",,,https://swahiliplay.com/wp-content/uploads/2025/11/MV5BOGM5MzA3MDAtYmEwMi00ZDNiLTg4MDgtMTZjOTc0ZGMyNTIwXkEyXkFqcGc@._V1_-300x169.jpg,,,,,,,2026-06-26 01:05:01.982+00,2026-06-26 01:05:01.982+00,2,true,,,,,,,,,,,
0b83755c-c80c-48af-9240-370299e0bc9f,Alarum,,https://iframe.mediadelivery.net/play/155292/d601d255-1695-4af0-8ab9-921d52571e96,,,https://swahiliplay.com/wp-content/uploads/2024/08/Gangs-of-Godavari_1693828891-300x169.jpg,,,,,,,2026-06-26 01:16:43.848+00,2026-06-26 01:16:43.848+00,4,true,,,,,,,,,,,
0c98e788-2bd1-469f-b0f8-026ee043ef7f,Holiday Monday,,https://iframe.mediadelivery.net/play/155292/c4d5f4bf-3fd2-40d7-8790-e256081699ec,,,https://swahiliplay.com/wp-content/uploads/2024/08/MV5BNzg1MDQxMTQ2OF5BMl5BanBnXkFtZTcwMTk3MjAzOQ@@._V1_-300x169.jpg,,,,,,,2026-06-26 01:16:43.85+00,2026-06-26 01:16:43.85+00,25,true,,,,,,,,,,,
0ce1afd2-7f4a-4961-8c39-934fff463830,Diablo,,"https://iframe.mediadelivery.net/play/155292/3263271a-44b2-44dd-b2c0-6de64d2eebe3,https://iframe.mediadelivery.net/play/155292/cdb11797-d09a-4744-880b-2b7c85ce0dcb",,,https://swahiliplay.com/wp-content/uploads/2024/07/Dhoom_3_Film_Poster-237x169.jpg,,,,,,,2026-06-26 01:16:43.838+00,2026-06-26 01:16:43.838+00,1,true,,,,,,,,,,,
0e7ec4e0-9adf-4b00-bda7-7bf4e0cf0d77,Gladiator Underground,,"https://iframe.mediadelivery.net/play/155292/564bdd2e-6cc6-443f-,https://iframe.mediadelivery.net/play/155292/2484259d-bac0-49c3-bd0f-d125a1104cff",,,https://swahiliplay.com/wp-content/uploads/2025/03/MV5BZjQ3NDM4YmQtMDU0Zi00N2RiLWIzYzQtNmU1ZTMyODIzYzgxXkEyXkFqcGc@._V1_FMjpg_UX1000_-300x169.jpg,,,,,,,2026-06-26 01:05:01.983+00,2026-06-26 01:05:01.983+00,0,true,,,,,,,,,,,
109c49d3-ee4c-490c-a0d2-0c1c04d408c1,Stand your Ground,,https://iframe.mediadelivery.net/play/155292/6c2fa7d2-01fb-40bd-89f8-fbf87e2925a2,,,https://swahiliplay.com/wp-content/uploads/2025/08/MV5BODA5Y2M0NjctNWQzMy00ODRhLWE0MzUtYmE1YTAzZjYyYmQyXkEyXkFqcGc@._V1_FMjpg_UX1000_-300x169.jpg,,,,,,,2026-06-26 01:16:43.837+00,2026-06-26 01:16:43.837+00,0,true,,,,,,,,,,,
10e547a7-aa78-4e13-b1bb-2e2681181c52,11 Rebels,,https://iframe.mediadelivery.net/play/155292/ca5a9118-88a3-4326-93f8-cd682361aeb3,,,https://swahiliplay.com/wp-content/uploads/2025/07/MV5BMGE5MTIxZDQtNGM0OS00NmU5LWFkZmYtMzRlZGJjOWI1ZmNmXkEyXkFqcGc@._V1_-300x169.jpg,,,,,,,2026-06-26 01:05:01.983+00,2026-06-26 01:05:01.983+00,0,true,,,,,,,,,,,
112dbe22-9c4a-4f46-baab-404e0b71cf8b,Upgrade,,https://iframe.mediadelivery.net/play/155292/5bdfd3e1-642b-4b04-b92f-32d1543d4602,,,https://swahiliplay.com/wp-content/uploads/2024/09/images-2024-09-29T090208.207-300x169.jpeg,,,,,,,2026-06-26 01:16:43.84+00,2026-06-26 01:16:43.84+00,3,true,,,,,,,,,,,
11a028f3-e707-46f8-8b51-3bbd37b6f403,The Jurassic Games Extinction,,https://iframe.mediadelivery.net/play/155292/9acaafda-35c3-44ef-9efc-188e0ab94ddf,,,https://swahiliplay.com/wp-content/uploads/2025/06/MV5BNGQ0ODdlZmUtNDJlZi00ODRmLTk0MTktN2UxMWYzOTBhM2UyXkEyXkFqcGc@._V1_-300x169.jpg,,,,,,,2026-06-26 01:16:43.83+00,2026-06-26 01:16:43.83+00,1,true,,,,,,,,,,,
138e249a-880a-402c-9665-14d5473eaf12,The Long Walk,,https://iframe.mediadelivery.net/play/155292/a4b736ec-ca8e-4c58-b690-f71023ef849d,,,https://swahiliplay.com/wp-content/uploads/2025/02/images-2-193x169.jpg,,,,,,,2026-06-26 01:16:43.83+00,2026-06-26 01:16:43.83+00,0,true,,,,,,,,,,,
13a3f8cf-938a-4d44-9179-b991041f6b22,Felix and The Hidden Treasure,,https://iframe.mediadelivery.net/play/155292/ea5d9b9f-475f-4315-ac6d-9819010ef2d0,,,https://swahiliplay.com/wp-content/uploads/2024/08/Incredibles_2_2018_animated_film-259x169.jpg,,,,,,,2026-06-26 01:16:43.87+00,2026-06-26 01:16:43.87+00,24,true,,,,,,,,,,,
162fc912-3b36-4808-a212-3bd8fc09ebe6,Game Changer,,https://iframe.mediadelivery.net/play/155292/58d60a85-ef9c-4646-8ff3-5827b07357fe,,,https://swahiliplay.com/wp-content/uploads/2025/07/MV5BOGUwNzQwMzYtZTkyYi00OTM3LWJiOGEtNzVkN2UxOGZlMmE3XkEyXkFqcGc@._V1_-300x169.jpg,,,,,,,2026-06-26 01:16:43.833+00,2026-06-26 01:16:43.833+00,1,true,,,,,,,,,,,
16c6934a-b80b-4c7f-86e2-b113b4ab1ce3,Utopia,,https://iframe.mediadelivery.net/play/155292/f2532045-0f00-4bb4-87fa-1227a7a3156d,,,https://swahiliplay.com/wp-content/uploads/2024/09/images-2024-09-10T091922.732-300x169.jpeg,,,,,,,2026-06-26 01:16:43.849+00,2026-06-26 01:16:43.849+00,10,true,,,,,,,,,,,
1874e74c-1765-4f8f-a128-daa0ed79b47e,Thunderbolts,,https://iframe.mediadelivery.net/play/155292/6f50dd95-476a-489a-9e85-3347c57e5586,,,https://swahiliplay.com/wp-content/uploads/2024/08/images-2024-08-21T135633.285-300x169.jpeg,,,,,,,2026-06-26 01:16:43.826+00,2026-06-26 01:16:43.826+00,0,true,,,,,,,,,,,
18940157-5ec9-4401-96f8-90413e32ccf8,The Internship,,https://iframe.mediadelivery.net/play/155292/a4828a3c-54bf-4ebd-b3ef-4fcb79e9f9e7,,,https://swahiliplay.com/wp-content/uploads/2025/08/images-185x169.jpg,,,,,,,2026-06-26 01:16:43.826+00,2026-06-26 01:16:43.826+00,2,true,,,,,,,,,,,
1ab7b848-ff1d-48ad-a1e3-d1aa3d796995,Buried Alive and Survived,,https://iframe.mediadelivery.net/play/155292/4a653f9d-1403-40c7-a1ca-4400202997c0,,,https://swahiliplay.com/wp-content/uploads/2024/09/images-2024-09-02T022858.236-300x169.jpeg,,,,,,,2026-06-26 01:16:43.849+00,2026-06-26 01:16:43.849+00,9,true,,,,,,,,,,,
1b07ca3b-c892-4b8a-896d-156f17f1b26f,Mr Bones 3 Son Of Bones,,https://iframe.mediadelivery.net/play/155292/732679ac-b780-410f-b75d-374dffbbd8c8,,,https://swahiliplay.com/wp-content/uploads/2026/01/MV5BY2IzMTA4ZWUtNDY4MC00ZTNkLTkxMWUtOTk4YmNhMmQ1M2UyXkEyXkFqcGc@._V1_-300x169.jpg,,,,,,,2026-06-26 01:16:43.84+00,2026-06-26 01:16:43.84+00,1,true,,,,,,,,,,,
1b3b0ef1-63c7-4888-a6d4-df825fb40f25,Paddington in Peru,,https://iframe.mediadelivery.net/play/155292/20d3a007-6d58-4143-afc3-b53255706a33,,,https://swahiliplay.com/wp-content/uploads/2025/03/MV5BZWMyODZlZTktNWE0Ny00YzUzLWFkOTQtZjFjYjA5ZWMyZmU0XkEyXkFqcGc@._V1_-300x169.jpg,,,,,,,2026-06-26 01:16:43.87+00,2026-06-26 01:16:43.87+00,6,true,,,,,,,,,,,
1bc9c8b6-5cae-48f1-9508-6fb8c33cd2f8,Shadow Force,,https://iframe.mediadelivery.net/play/155292/bde45d25-32bb-44cc-b00b-945ea7423c7d,,,https://swahiliplay.com/wp-content/uploads/2025/10/MV5BMzY1NDJhOTQtNzhiYS00YWMzLWIxYWItM2NiYjMzYjZiZTRhXkEyXkFqcGc@._V1_-300x169.jpg,,,,,,,2026-06-26 01:16:43.838+00,2026-06-26 01:16:43.838+00,0,true,,,,,,,,,,,
1ca07165-a7bb-4b4a-8f06-7ff0c821e6a9,Ihostage,,https://iframe.mediadelivery.net/play/155292/df5c111c-368f-4e8d-b6d3-0d88dad6b103,,,https://swahiliplay.com/wp-content/uploads/2024/09/images-2024-09-07T234628.150-300x169.jpeg,,,,,,,2026-06-26 01:16:43.839+00,2026-06-26 01:16:43.839+00,7,true,,,,,,,,,,,
1d42c210-0593-44ab-816a-b4f014a4f74f,Panda Bear in Africa,,https://iframe.mediadelivery.net/play/155292/d67dd030-37c5-4ac2-8273-8c80c6c7562d,,,https://swahiliplay.com/wp-content/uploads/2025/08/MV5BODA5Y2M0NjctNWQzMy00ODRhLWE0MzUtYmE1YTAzZjYyYmQyXkEyXkFqcGc@._V1_FMjpg_UX1000_-300x169.jpg,,,,,,,2026-06-26 01:16:43.87+00,2026-06-26 01:16:43.87+00,19,true,,,,,,,,,,,
1fe7748a-d19c-46a3-9063-9b8949eec187,Salmankhan,,https://iframe.mediadelivery.net/play/155292/827825b4-1aed-4e06-adfe-c7ac64c89efd,,,https://swahiliplay.com/wp-content/uploads/2024/08/Trigger_Warning-220x169.jpg,,,,,,,2026-06-26 01:16:43.843+00,2026-06-26 01:16:43.843+00,2,true,,,,,,,,,,,
1RNnWadCNE2IinG50Vc4,dogo aliemla mwalimu,dogo wa miaka 16,https://iframe.mediadelivery.net/play/555904/55105109-3b6e-4acd-b2c3-c61aabb88382,https://vz-d9bb3b5b-3a4.b-cdn.net/55105109-3b6e-4acd-b2c3-c61aabb88382/original,,https://i.ibb.co/Ndj2q2Vf/Whats-App-Image-2025-12-06-at-11-21-48-e9f21da3.jpg,0,2026-05-02 00:00:00+00,[],sw,"[""HD""]",[],2026-05-02 08:49:46.672+00,2026-07-19 23:40:16.131+00,74,true,true,zilizovuja,0,[],,[],true,2000,3,[],
1udXe8asV9rW3Ao7E5I2,"War 2 ","War 2 (2025) inahusu ajenti Kabir Dhaliwal (Hrithik Roshan) ambaye anajiunga kwa siri na kundi la wahalifu la kimataifa, Kali, ili kuwalipua kutoka ndani, huku akionekana kama msaliti kwa serikali ya India.

RAW inamtuma afisa wao bora, Vikram Chelapathi (Jr. NTR), ajenti wa vitengo maalum na rafiki wa utotoni wa Kabir, ili kumwinda. Mbio za paka na panya huanza duniani kote zikiwa zimejaa mapigano ya kutisha, ambapo mipango mingi ya siri inafichuliwa.


Inaonyesha msingi wa urafiki na uhasama wa Kabir na Vikram na jinsi wote wanavyoishia kupigana dhidi ya maadui wa kweli. Mwishowe, Kabir na Vikram wanaungana kwa siri, huku ulimwengu ukiwaamini kuwa mmoja ni msaliti na mwingine amekufa, ili kuhakikisha usalama wa India.",https://iframe.mediadelivery.net/play/554297/9151dafa-66ec-4dd1-a2fc-60052a4d2112,https://vz-12176983-62c.b-cdn.net/9151dafa-66ec-4dd1-a2fc-60052a4d2112/original,,https://vz-12176983-62c.b-cdn.net/9151dafa-66ec-4dd1-a2fc-60052a4d2112/thumbnail_1accee17.jpg,120,2025-12-07 00:00:00+00,"[""Action"",""Thriller""]",en,"[""HD""]","[""CHUMA"",""FEDHA"",""ALMASI"",""MALKIA"",""DHAHABU""]",2024-01-01 00:00:00+00,,151,true,false,,0,[],	Ayan Mukerji,[],false,,30,[],
201baed5-d538-47db-b5de-8e7b42b8ab02,Crocodile Swarm,,https://iframe.mediadelivery.net/play/155292/90318d06-040e-48bc-adb9-7d33371eac1c,,,https://swahiliplay.com/wp-content/uploads/2024/08/images-92-300x169.jpeg,,,,,,,2026-06-26 01:16:43.84+00,2026-06-26 01:16:43.84+00,4,true,,,,,,,,,,,
219a4ba6-cce2-4548-b42b-8c0818533a7a,Fight or Flight,,https://iframe.mediadelivery.net/play/155292/64281f74-5cc2-4a87-b5d8-4dffeaf6f367,,,https://swahiliplay.com/wp-content/uploads/2025/02/images-1-1-194x169.jpg,,,,,,,2026-06-26 01:16:43.843+00,2026-06-26 01:16:43.843+00,6,true,,,,,,,,,,,
21f03d29-3536-43af-abfd-c171b60828bd,Flight Risk,,https://iframe.mediadelivery.net/play/155292/b375aa43-9ffe-4daf-a6c3-135cc7c5d8a5,,,https://swahiliplay.com/wp-content/uploads/2025/03/MV5BYzA4ZmI0ODEtOTFkZi00YjQ1LThlM2EtMmU3MjY1MzNmMDkwXkEyXkFqcGc@._V1_-300x169.jpg,,,,,,,2026-06-26 01:16:43.847+00,2026-06-26 01:16:43.847+00,5,true,,,,,,,,,,,
2395f660-bdc1-4795-8e30-e7564cd7ea69,Ad Vitam,,https://iframe.mediadelivery.net/play/155292/97e5c82f-466c-4d57-95e8-fccf77bead14,,,https://swahiliplay.com/wp-content/uploads/2024/12/MV5BODY2MTAzOTQ4M15BMl5BanBnXkFtZTgwNzg5MTE0MjI@._V1_-300x169.jpg,,,,,,,2026-06-26 01:16:43.848+00,2026-06-26 01:16:43.848+00,33,true,,,,,,,,,,,
2614439d-67ef-4391-a3c0-06a822dcc57c,Astro Boy 1,"Astro Boy ni animation inayomuhusu mtoto roboti mwenye nguvu za kipekee aliyeundwa na mwanasayansi baada ya kumpoteza mwanawe. Astro Boy hutumia uwezo wake kupambana na uhalifu, kulinda binadamu na roboti, na kuleta amani katika dunia ya teknolojia ya hali ya juu


",https://iframe.mediadelivery.net/embed/552231/470366b0-a17e-4f52-88da-3414e5e94d2f,https://vz-efe8986b-460.b-cdn.net/470366b0-a17e-4f52-88da-3414e5e94d2f/play_240p.mp4,,https://i.ibb.co/j9mfvsYs/Astro-boy-ver7.jpg,,,"[""Animation""]",en,"[""HD""]","[""FEDHA"",""CHUMA"",""DHAHABU"",""MALKIA"",""ALMASI""]",2026-05-21 21:16:13.966+00,2026-05-22 13:43:49.187+00,135,true,false,,0,[],,[],false,0,30,[],
2633a5e7-d4cb-41a6-b0e2-9626a9ba4312,Brick,,"https://iframe.mediadelivery.net/play/155292/138bfa37-7781-46ac-8d5b-35550b571a71,https://iframe.mediadelivery.net/play/155292/b59c8286-43ac-4b97-86c2-4bceecaadf26",,,https://swahiliplay.com/wp-content/uploads/2025/07/MV5BNjUzMjhkZjktNTU5Mi00MzhmLWJhMTQtZjhkYjczOTEzM2M5XkEyXkFqcGc@._V1_FMjpg_UX1000_-300x169.jpg,,,,,,,2026-06-26 01:16:43.837+00,2026-06-26 01:16:43.837+00,0,true,,,,,,,,,,,
2830ba94-3df8-4865-9940-4b3e5de9f429,Day of Reckoning,,"https://iframe.mediadelivery.net/play/155292/92ddaf23-2abc-4f2f-82bc-573550fdcbd5,https://iframe.mediadelivery.net/play/155292/69b002bc-b450-4dce-bfb2-9d53edecb7b1",,,https://swahiliplay.com/wp-content/uploads/2025/08/MV5BYTgyYTkyODktNjkwMC00ZmNlLWE1NDItZjRkZDQ2ZDBhZjA5XkEyXkFqcGc@._V1_FMjpg_UX1000_-300x169.jpg,,,,,,,2026-06-26 01:16:43.838+00,2026-06-26 01:16:43.838+00,0,true,,,,,,,,,,,
283c33ce-4dca-4fce-a5fb-bf4bd205611d,Den of Thieves 2: Pantera,,https://iframe.mediadelivery.net/play/155292/d4c396fd-a01a-423e-8fdf-b40b7458e081,,,https://swahiliplay.com/wp-content/uploads/2024/11/images-2024-11-17T183657.042-300x169.jpeg,,,,,,,2026-06-26 01:16:43.848+00,2026-06-26 01:16:43.848+00,6,true,,,,,,,,,,,
2a079f7b-eced-4e29-a95b-d1e45057fa2d,Pets on a Train,,https://iframe.mediadelivery.net/play/155292/6011567d-a1ad-4884-8191-8318bffdf07e,,,https://swahiliplay.com/wp-content/uploads/2024/08/81MyZZaQFUL._AC_UF10001000_QL80_-300x169.jpg,,,,,,,2026-06-26 01:16:43.87+00,2026-06-26 01:16:43.87+00,9,true,,,,,,,,,,,
2a2fc562-e10a-4ccf-9514-a44377c6c024,mama amina,,https://iframe.mediadelivery.net/play/555904/9892bcec-356d-4204-9c86-7dde719458d4,https://vz-d9bb3b5b-3a4.b-cdn.net/9892bcec-356d-4204-9c86-7dde719458d4/original,,https://i.ibb.co/wFCqZX79/bg-1.webp,0,2026-05-05 00:00:00+00,[],sw,"[""HD""]",[],2026-05-05 22:10:16.646+00,2026-05-23 12:03:29.78+00,43,true,true,zilizovuja,0,[],,[],true,2000,3,[],
2CnmLegKzLcVNcpaN27L,Martyrs 2,"ni filamu ya kutisha inayomfuata msichana aliyeteswa utotoni anayerudi kulipiza kisasi dhidi ya waliomuumiza. Safari yake inageuka kuwa ya kikatili zaidi wakati siri ya kundi linalofanya majaribio ya kinyama kwa binadamu inafichuka, ikileta mateso ya hali ya juu.",https://iframe.mediadelivery.net/play/552231/21ecfb4c-2c84-4f0c-acf5-626d26d7e623,https://vz-efe8986b-460.b-cdn.net/21ecfb4c-2c84-4f0c-acf5-626d26d7e623/play_480p.mp4,,https://upload.wikimedia.org/wikipedia/en/d/da/Martyrs_tp01.jpg,48,,"[""Horror"",""Thriller""]",en,"[""HD""]","[""FEDHA"",""CHUMA"",""DHAHABU"",""MALKIA"",""ALMASI""]",2024-01-01 00:00:00+00,,43,true,false,,0,[],Pascal Laugier,"[""aliyeteswa"",""almasi"",""anayerudi"",""binadamu"",""chuma"",""dhahabu"",""dhidi"",""en"",""fedha"",""filamu"",""hali"",""horror"",""ikileta"",""inafichuka"",""inageuka"",""inayomfuata"",""juu"",""kikatili"",""kinyama"",""kisasi"",""kulipiza"",""kundi"",""kutisha"",""kuwa"",""laugier"",""linalofanya"",""majaribio"",""malkia"",""martyrs"",""martyrs 2"",""mateso"",""msichana"",""ni"",""pascal"",""pascal laugier"",""safari"",""siri"",""thriller"",""utotoni"",""wakati"",""waliomuumiza"",""yake"",""zaidi""]",false,,30,[],
2Ct5HvpJ61CtU9FxNEHu,VIDEO  ZA WAKUBWA,TAZAMA HAPA ZIPO KAMA ZOTE,https://www.rahapremium.com/adult,https://infotonystarmode-ui.github.io/Video/,,https://i.ibb.co/PGkr9LvJ/bg-123x300.webp,0,2026-05-05 00:00:00+00,[],sw,"[""HD""]",[],2026-07-31 01:31:21.774392+00,2026-05-05 23:17:31.884+00,51,true,true,ngono,0,[],,[],true,4000,1,[],
2d583094-00ef-46a8-9a21-935a0fa237d9,Hostile Takeover,,https://iframe.mediadelivery.net/play/155292/84a7dca5-e957-45ae-b70a-9c32f62c6823,,,https://swahiliplay.com/wp-content/uploads/2025/11/MV5BNzMzMDdiNjctODMxOS00MWVjLWI2ZjYtMDVkYmM0NTIxZDhkXkEyXkFqcGc@._V1_FMjpg_UX1000_-300x169.jpg,,,,,,,2026-06-26 01:16:43.832+00,2026-06-26 01:16:43.832+00,0,true,,,,,,,,,,,
2d6c2c66-7e81-4dfb-9f16-e186663c0688,A Line of Fire,,"https://iframe.mediadelivery.net/play/155292/99c8458f-9a67-46a0-b27a-2c58a740fed6,https://iframe.mediadelivery.net/play/155292/e72a581c-12cb-4e03-ae93-a1ebcb7d07fa",,,https://swahiliplay.com/wp-content/uploads/2025/04/download-23-184x169.jpg,,,,,,,2026-06-26 01:16:43.83+00,2026-06-26 01:16:43.83+00,0,true,,,,,,,,,,,
2eOt65UAqP40LTSFOT6x,anko t 2,daah,https://iframe.mediadelivery.net/play/555904/52639ebb-948a-460c-b861-b73e411d56a1,https://vz-d9bb3b5b-3a4.b-cdn.net/52639ebb-948a-460c-b861-b73e411d56a1/original,,https://i.ibb.co/99Hr36Mr/images.jpg,0,2026-05-02 00:00:00+00,[],sw,"[""HD""]",[],2026-05-02 08:51:26.11+00,2026-05-23 12:05:04.086+00,29,true,true,zilizovuja,0,[],,[],true,2000,3,[],
2f298bef-0f7a-4ae9-90fd-53a14ff65552,Agents,,https://iframe.mediadelivery.net/play/155292/7e065f48-8d15-43cd-8264-c6d9fc4417e0,,,https://swahiliplay.com/wp-content/uploads/2024/08/images-76-300x169.jpeg,,,,,,,2026-06-26 01:16:43.84+00,2026-06-26 01:16:43.84+00,1,true,,,,,,,,,,,
2i9jnPTHs1c5LVi1TZPC,Prisoner of War,"ni filamu ya vita inayomfuata askari aliyeangukia mikononi mwa adui baada ya shambulio lisilotarajiwa. Akitengwa na timu yake, analazimika kupambana na mateso, usaliti na kukata tamaa ili kupata uhuru na kufichua siri nzito za kijeshi.",https://iframe.mediadelivery.net/play/552231/9bdde697-ab62-47a8-938f-23e3633e37c7,https://vz-efe8986b-460.b-cdn.net/9bdde697-ab62-47a8-938f-23e3633e37c7/play_360p.mp4,,https://blogger.googleusercontent.com/img/b/R29vZ2xl/AVvXsEgJf_JSJ_yyZK88zvP-YAv7m4djfCNY1PiQ38di0k25r-lHq85J1VYUU0BGpq63CFRUVIw-Oao8K8oENGwN5o5p2roHNEsT0HrEYIPZHyq3wxZ1LCehs5hW7vLCM5cvW2w3qUWMxrZjjor6_shOr40b8KKPPhR07t_hASRc-epuk4BRjAjZpvB5dgTiyjw/s385/Prisoner_of_War_(2025_film)_poster.jpg,120,,"[""War""]",en,"[""HD""]","[""FEDHA"",""CHUMA"",""DHAHABU"",""MALKIA"",""ALMASI""]",2024-01-01 00:00:00+00,,206,true,false,,0,[],	Louis Mandylor,[],false,,30,[],
30f9d2e6-78a2-4f0f-af08-7079197eac1a,Fight another Day,,https://iframe.mediadelivery.net/play/155292/27aa5bb0-546b-4c79-a78e-46acefa212d6,,,https://swahiliplay.com/wp-content/uploads/2025/08/MV5BZTQ3NGM3MTgtZGNiZi00YzZmLWI5YzktOGVmMTE0YjQyMDg4XkEyXkFqcGc@._V1_-300x169.jpg,,,,,,,2026-06-26 01:16:43.847+00,2026-06-26 01:16:43.847+00,0,true,,,,,,,,,,,
30ffde88-acc6-49df-bd2b-7687ea87a0f6,Smile 2,,https://iframe.mediadelivery.net/play/155292/47c9e8fe-5fcb-47c9-95d5-afa1ba051185,,,https://swahiliplay.com/wp-content/uploads/2024/08/images-2024-08-18T190339.880-300x169.jpeg,,,,,,,2026-06-26 01:16:43.847+00,2026-06-26 01:16:43.847+00,1,true,,,,,,,,,,,
322343ac-73a5-4099-a210-5716ef55af94,Yadang The Snitch,,https://iframe.mediadelivery.net/play/155292/a94e1349-7bf9-4ba8-bf61-9386d1639829,,,https://swahiliplay.com/wp-content/uploads/2025/02/MV5BZGIyYTI5N2QtZmQ5ZC00NDE4LThhYWMtNGE5NjI1OGU2M2NjXkEyXkFqcGc@._V1_-300x169.jpg,,,,,,,2026-06-26 01:16:43.83+00,2026-06-26 01:16:43.83+00,0,true,,,,,,,,,,,
336aff1e-95ac-4f1f-a19a-126d5946227d,Into the deep,,https://iframe.mediadelivery.net/play/155292/a8d768ce-a39c-4676-94f4-ad3b2016f69b,,,https://swahiliplay.com/wp-content/uploads/2025/01/MV5BNzk2YzczOWYtMWQwYS00MzM3LWIxN2MtYjc4NzU3NTE5ZjU3XkEyXkFqcGc@._V1_-300x169.jpg,,,,,,,2026-06-26 01:16:43.848+00,2026-06-26 01:16:43.848+00,6,true,,,,,,,,,,,
33de53cf-b0e8-45de-bce4-b1881600b89c,The Amateur,,https://iframe.mediadelivery.net/play/155292/99a53df0-d3d8-47da-ab45-ead8cf135b0a,,,https://swahiliplay.com/wp-content/uploads/2024/09/images-2024-09-29T090208.207-300x169.jpeg,,,,,,,2026-06-26 01:16:43.838+00,2026-06-26 01:16:43.838+00,1,true,,,,,,,,,,,
34757ae3-6a89-407b-8ee8-501d7cc0bcbf,Angels Fallen: Warriors of Peace,,"https://iframe.mediadelivery.net/play/155292/3c88b329-3c81-4fe1-b6dc-51adf21cec95,https://iframe.mediadelivery.net/play/155292/71de36d9-5b12-4386-b6bf-5cb4f874a03b",,,https://swahiliplay.com/wp-content/uploads/2024/07/images-14-191x169.jpg,,,,,,,2026-06-26 01:16:43.85+00,2026-06-26 01:16:43.85+00,2,true,,,,,,,,,,,
34b3fe15-3f80-456d-b35b-59de4e705665,B.R.I,,https://iframe.mediadelivery.net/play/155292/66e80e07-08a5-4e6e-844a-ed30eb97e313,,,https://swahiliplay.com/wp-content/uploads/MV5BMTFjZTg5ZjQtZDgwYy00M2EwLWJiZjItMGMyNzE4YTcyMTIwXkEyXkFqcGc@._V1_-300x169.jpg,,,,,,,2026-06-26 01:16:43.84+00,2026-06-26 01:16:43.84+00,0,true,,,,,,,,,,,
35bc1114-3fb7-4be2-807b-c592782621a3,The Bodyguard,,https://iframe.mediadelivery.net/play/155292/246d50e7-53ae-47f5-ae47-61029bb8be56,,,https://swahiliplay.com/wp-content/uploads/2024/09/Pagalpanti_film_poster-262x169.jpg,,,,,,,2026-06-26 01:16:43.847+00,2026-06-26 01:16:43.847+00,12,true,,,,,,,,,,,
35ol7PQpghhCw1Q0Wo2I,piglet,"Wakati marafiki wa Kate wanapoenda kambi msituni kusherehekea siku yake ya 21, furaha inageuka hofu. Wanakumbana na kiumbe hatari — “Piglet”, mchanganyiko wa binadamu-nyama ambaye hushambulia bila huruma. Baada ya mmoja wao kuuawa vibaya, kundi limezingirwa: simu hakuna, jenereta imeharibika, gari halina mafuta — hivyo kambi yao ya furaha inageuka kuwa kifo-mashambulizi. Wakiwa wameachwa peke yao, Kate na marafiki lazima waelewe asili ya Piglet na yatupwe wivu wa “horror classic”. Kate anapaswa kukabiliana na majeraha ya mapema na kutumia nguvu ya ndani – ili kuishi na kumaliza piguli. “Piglet” ni simanzi, woga, na vita ya maisha dhidi ya kiumbe asiye na huruma",https://iframe.mediadelivery.net/play/552231/48c8ee62-9d80-4ec6-bb1c-7d3cc1a20ab4,https://vz-efe8986b-460.b-cdn.net/48c8ee62-9d80-4ec6-bb1c-7d3cc1a20ab4/play_720p.mp4,,https://www.themoviedb.org/t/p/w600_and_h900_face/mW7PYDUeWYwTdbtzThqLMfdNa56.jpg,60,,"[""Horror""]",en,"[""HD""]","[""FEDHA"",""CHUMA"",""DHAHABU"",""MALKIA"",""ALMASI""]",2026-05-24 12:54:42.645+00,2026-05-24 12:54:42.645+00,545,true,false,,0,[],Andrea M. Catinella,[],false,0,30,[],
35zL6UT9XD8iVg6oyN3T,Almarhum (HORROR) 2025,"**Almarhum** (2025) ni filamu ya kutisha ('horror') ya Kimalei ambayo inahusu msichana aitwaye **Dina** ambaye anasafiri kurudi kwenye **kijiji cha wazazi wake** ili kutekeleza **majaribio ya urithi** wa familia yao baada ya kifo chao.

Baada ya kufika, anagundua kuwa nyumba yao imefungwa na **laana ya kutisha** iliyosababishwa na **roho ya 'Almarhum'** (Marehemu), mwanaume mwenye **kiburi na ukatili** aliyeuawa huko zamani. Kijiji chote kinaishi kwa **hofu** ya roho hii ambayo inarudi **kulipiza kisasi** kwa wanafamilia wa Dina.

Dina anaanza kuona **vitisho** na **maono ya kutisha** na anapata ushahidi kuwa **siri chafu** kuhusu kifo cha Almarhum ilifichwa na familia yake. Analazimika kuungana na **mzee wa kijiji** kufanya **ibada za kale** ili **kuondoa roho** hiyo na kuokoa **urithi** wake kutoka kwenye **mkono wa kifo** na **vizuka** vinavyomzunguka. Ni kuhusu **laana ya familia** na **siri iliyozikwa**.",https://iframe.mediadelivery.net/play/554297/65c9c770-bdbb-44da-a3b4-8515c469996d,https://vz-12176983-62c.b-cdn.net/65c9c770-bdbb-44da-a3b4-8515c469996d/original,,https://vz-12176983-62c.b-cdn.net/65c9c770-bdbb-44da-a3b4-8515c469996d/thumbnail_502ff4af.jpg,120,2025-12-07 00:00:00+00,"[""Horror""]",en,"[""HD""]","[""FEDHA"",""CHUMA"",""DHAHABU"",""MALKIA"",""ALMASI""]",2024-01-01 00:00:00+00,,64,true,false,,0,[],Adhe Dharmastriya,[],false,,30,[],
36670355-f293-4377-8678-05cd41d24f40,Wolf Pack,,https://iframe.mediadelivery.net/play/155292/ba33ece3-bbe4-463b-b4ce-ef1057996957,,,https://swahiliplay.com/wp-content/uploads/2025/03/MV5BZDBmMTVkNWItZWY4Yy00MjI0LWFiMmMtMWM4ZGQ3NTg0MDE1XkEyXkFqcGc@._V1_-300x169.jpg,,,,,,,2026-06-26 01:16:43.847+00,2026-06-26 01:16:43.847+00,2,true,,,,,,,,,,,
367ad033-b7b5-46ae-91a5-82cc00b3c311,Dog Man,,https://iframe.mediadelivery.net/play/155292/cd9161fb-4dd1-4ee7-a635-564687f738b0,,,https://swahiliplay.com/wp-content/uploads/2025/03/MV5BYmYyZjUzYjgtY2U1My00MTA4LTllNWEtNWU3ZThkOWRmMTY1XkEyXkFqcGc@._V1_FMjpg_UX1000_-1-300x169.jpg,,,,,,,2026-06-26 01:16:43.87+00,2026-06-26 01:16:43.87+00,7,true,,,,,,,,,,,
36beae45-8cfe-40f6-96de-3f6542973e55,The Proud Princess,,"https://iframe.mediadelivery.net/play/155292/162e7590-0b46-4d4e-a5cc-5bc2b4cecdec,https://iframe.mediadelivery.net/play/155292/2156e078-d881-4483-90f8-337416be58ab",,,https://swahiliplay.com/wp-content/uploads/2025/01/MV5BOGI1MTA1ODQtY2Q1Ny00YTdiLThmYjEtNTM5YjhhNzBjNGYzXkEyXkFqcGc@._V1_-300x169.jpg,,,,,,,2026-06-26 01:16:43.87+00,2026-06-26 01:16:43.87+00,18,true,,,,,,,,,,,
37075a46-78e7-453f-ad3e-74a4aea390aa,Dirty Angels,,https://iframe.mediadelivery.net/play/155292/d0a47428-434e-4f6d-805a-f88caaeb7877,,,https://swahiliplay.com/wp-content/uploads/2025/01/The_Greatest_of_All_Time-258x169.jpg,,,,,,,2026-06-26 01:16:43.85+00,2026-06-26 01:16:43.85+00,15,true,,,,,,,,,,,
37af1f20-bb07-4099-83c6-1e380c00420f,Sisu Road to Revenge,,https://iframe.mediadelivery.net/play/155292/1f2b56cd-7360-4a5e-8940-a7923ae8004b,,,https://swahiliplay.com/wp-content/uploads/2025/05/MV5BYzEyYjE1NmEtOTFmNy00ZmQxLThlYzctOGRjNmQ0N2VjMmNmXkEyXkFqcGc@._V1_-300x169.jpg,,,,,,,2026-06-26 01:16:43.826+00,2026-06-26 01:16:43.826+00,0,true,,,,,,,,,,,
38000854-9a43-4fb4-9fb3-cb90aa5bf42e,The Wrecker,,https://iframe.mediadelivery.net/play/155292/75a65ee6-8a9e-48ae-9d6f-e33e92c5476e,,,https://swahiliplay.com/wp-content/uploads/2024/09/images-2024-09-10T091922.732-300x169.jpeg,,,,,,,2026-06-26 01:16:43.826+00,2026-06-26 01:16:43.826+00,3,true,,,,,,,,,,,
38f1812c-e590-46b1-9f64-a4bd9041b591,Rampage: President Down,,"https://iframe.mediadelivery.net/play/155292/dd8fd5bd-5d72-48fb-8390-dbf24ae5d881,https://iframe.mediadelivery.net/play/155292/fd0bb182-3845-48e1-bfaa-be894569a6b0",,,https://swahiliplay.com/wp-content/uploads/2025/01/MV5BYWIxNzdhNWQtNjAzYi00MTk4LTlmNTAtZDdiOGQ4ZWI0ZGU2XkEyXkFqcGc@._V1_-1-300x169.jpg,,,,,,,2026-06-26 01:16:43.847+00,2026-06-26 01:16:43.847+00,4,true,,,,,,,,,,,
394a906b-b7b3-44de-8db4-9d7d3135c6b2,Valiant One,,https://iframe.mediadelivery.net/play/155292/950861b4-3258-40f7-8ecb-c4542616ee07,,,https://swahiliplay.com/wp-content/uploads/2024/08/images-99-300x169.jpeg,,,,,,,2026-06-26 01:16:43.843+00,2026-06-26 01:16:43.843+00,1,true,,,,,,,,,,,
3a357a47-3d88-4ad6-908f-3bb22abe0b5b,The Price of Money: A Largo Winch Adventure,,https://iframe.mediadelivery.net/play/155292/67a22a7b-aeed-4a11-a259-ee1452e352db,,,https://swahiliplay.com/wp-content/uploads/2026/02/images-1-193x169.jpg,,,,,,,2026-06-26 01:16:43.85+00,2026-06-26 01:16:43.85+00,15,true,,,,,,,,,,,
3a8a54b4-9e31-49ed-b936-fccd0ff55e5d,Undercover,,https://iframe.mediadelivery.net/play/155292/292b9013-8915-419e-81bb-82b4d960f5f9,,,https://swahiliplay.com/wp-content/uploads/2025/08/MV5BODM4NmFkNWUtYjY3MS00ZDY1LWI5YjEtMzRmMjI3ZDFlNjkyXkEyXkFqcGc@._V1_-300x169.jpg,,,,,,,2026-06-26 01:16:43.843+00,2026-06-26 01:16:43.843+00,3,true,,,,,,,,,,,
3b5a7976-4817-47ec-92fc-160f476096d9,PlayDate,,https://iframe.mediadelivery.net/play/155292/5a172427-0913-4ccb-a47e-29bbb5161784,,,https://swahiliplay.com/wp-content/uploads/2025/01/MV5BMTcxZGNkMDEtNmIxMy00NDdiLWFmZDYtOWZhNjRhY2QxZTA5XkEyXkFqcGc@._V1_-300x169.jpg,,,,,,,2026-06-26 01:16:43.829+00,2026-06-26 01:16:43.829+00,3,true,,,,,,,,,,,
3b834e4c-416b-4a90-a800-a7325344f157,28 Years Later,,https://iframe.mediadelivery.net/play/155292/c03a0b96-2c76-4937-9d22-4ad71ed6f595,,,https://swahiliplay.com/wp-content/uploads/2024/08/images-2024-08-21T084517.235-300x169.jpeg,,,,,,,2026-06-26 01:16:43.837+00,2026-06-26 01:16:43.837+00,0,true,,,,,,,,,,,
3dffb928-b706-434d-87d2-e3e41b802237,Kingdom 4,,https://iframe.mediadelivery.net/play/155292/064018d1-4b4c-47cf-9d32-e09bbc565530,,,https://swahiliplay.com/wp-content/uploads/2024/07/MV5BMTEyMWQyMGItZDI5Zi00ZTZlLWE4YmMtYzI5YjE4OGJhZmJkXkEyXkFqcGdeQXVyMjY2ODcxNw@@._V1_FMjpg_UX1000_-300x169.jpg,,,,,,,2026-06-26 01:16:43.848+00,2026-06-26 01:16:43.848+00,0,true,,,,,,,,,,,
3e4a4491-9137-4570-b381-87e806a1fed0,Deep Cover,,https://iframe.mediadelivery.net/play/155292/6ae044c0-692f-40bd-95c5-0c99ab30f27a,,,https://swahiliplay.com/wp-content/uploads/2024/08/images-2024-08-21T095524.822-300x169.jpeg,,,,,,,2026-06-26 01:16:43.83+00,2026-06-26 01:16:43.83+00,0,true,,,,,,,,,,,
3f53ec65-6b77-46b7-875c-3cee179ff026,Exterritorial,,https://iframe.mediadelivery.net/play/155292/7d7ae730-43dd-4bb7-9d18-fc3e3e484cc0,,,https://swahiliplay.com/wp-content/uploads/2024/08/images-70-300x169.jpeg,,,,,,,2026-06-26 01:16:43.839+00,2026-06-26 01:16:43.839+00,2,true,,,,,,,,,,,
3f775ab1-50c7-4798-813b-588840f4e9ef,Last Bullet,,https://iframe.mediadelivery.net/play/155292/a9074f3c-176b-4e3e-9a7a-066d6f2e24d5,,,https://swahiliplay.com/wp-content/uploads/MV5BOGEyYmQxNjQtNDlkYy00MDlkLTgyNDUtZDA0NGY3ZTNlZWU0XkEyXkFqcGc@._V1_-1-300x169.jpg,,,,,,,2026-06-26 01:05:01.983+00,2026-06-26 01:05:01.983+00,0,true,,,,,,,,,,,
3UlRceNjZbf68isMfKLM,faustina part 4,hatari,https://iframe.mediadelivery.net/play/555904/de281bd3-7503-4347-b661-09acaf3949c4,https://vz-d9bb3b5b-3a4.b-cdn.net/de281bd3-7503-4347-b661-09acaf3949c4/original,,https://blogger.googleusercontent.com/img/b/R29vZ2xl/AVvXsEisyCGUfBAVS9lQCGy7hVGcWA87JH5Imn3y8arBLt3lZFNLLSSi8XDyaUcwPDasjMD397FvNeYwNNpQ92HBjl1t394w-hDrRwoZBd6y0J9pvYJCofohixRHEra01TcTgSxG3TUlYs4nFIVK8YzVqmJ1MJiGb6uV3upGMDVfZ2Q5ekK1VVjtW6wGhyphenhyphenzmiLk/s4096/InShot_20251206_114143245.jpg,0,2026-05-02 00:00:00+00,[],sw,"[""HD""]",[],2026-05-02 08:46:07.122+00,2026-05-02 08:46:38.366+00,15,true,true,zilizovuja,0,[],,[],true,2000,3,[],
402c3f32-42c7-46e2-94ef-273174850541,Storm Crashers,,https://iframe.mediadelivery.net/play/155292/1db1f0d5-5ea4-4a95-a18c-669125895186,,,https://swahiliplay.com/wp-content/uploads/2024/08/images-2024-08-23T074202.929-300x169.jpeg,,,,,,,2026-06-26 01:16:43.87+00,2026-06-26 01:16:43.87+00,16,true,,,,,,,,,,,
403b6334-ee28-46e4-86ff-e0fc91b5397d,Oscar Shaw,,"https://iframe.mediadelivery.net/play/155292/d4e11a2c-1e3c-41f2-8f1e-0f1e90dab3ab,https://iframe.mediadelivery.net/play/155292/fd0bb182-3845-48e1-bfaa-be894569a6b0",,,https://swahiliplay.com/wp-content/uploads/2025/04/download-9-260x169.jpg,,,,,,,2026-06-26 01:16:43.826+00,2026-06-26 01:16:43.826+00,1,true,,,,,,,,,,,
418939f1-3704-47c4-92e4-1bdea14c66a8,President Down,,"https://iframe.mediadelivery.net/play/155292/a3bb0bf2-7e79-4b2b-b381-0187a91228c5,https://iframe.mediadelivery.net/play/155292/fd0bb182-3845-48e1-bfaa-be894569a6b0",,,https://swahiliplay.com/wp-content/uploads/2025/04/images-33-184x169.jpg,,,,,,,2026-06-26 01:16:43.83+00,2026-06-26 01:16:43.83+00,4,true,,,,,,,,,,,
4239108f-ba22-47ca-a850-4112fae93a0f,Ash,,"https://iframe.mediadelivery.net/play/155292/3c88b329-3c81-4fe1-b6dc-51adf21cec95,https://iframe.mediadelivery.net/play/155292/a517b220-cbfe-11ef-a259-4b3c6d26f4a9,https://iframe.mediadelivery.net/play/155292/3c07de19-e914-46cf-8db2-0854718d58a1",,,https://swahiliplay.com/wp-content/uploads/2025/08/images-185x169.jpg,,,,,,,2026-06-26 01:16:43.839+00,2026-06-26 01:16:43.839+00,1,true,,,,,,,,,,,
43ba7025-bd85-4c56-9058-ab7d4a8ec5cc,Ballerina,,https://iframe.mediadelivery.net/play/155292/fa1a8b65-7ec3-4a23-ad86-4623fca9cfcb,,,https://swahiliplay.com/wp-content/uploads/2024/08/images-2024-08-18T180112.686-300x169.jpeg,,,,,,,2026-06-26 01:16:43.838+00,2026-06-26 01:16:43.838+00,4,true,,,,,,,,,,,
43d4a616-0d49-4d6c-a773-20c3fb7731c6,The Shadows Edge,,https://iframe.mediadelivery.net/play/155292/c5cb896a-6806-46ac-a8d0-00ba5fe19620,,,https://swahiliplay.com/wp-content/uploads/2025/11/MV5BYTNmODkxN2MtMzJlNC00ODc4LWFhNjctMTIzZTk5ODc0MjExXkEyXkFqcGc@._V1_-300x169.jpg,,,,,,,2026-06-26 01:16:43.826+00,2026-06-26 01:16:43.826+00,3,true,,,,,,,,,,,
460de0d7-e784-4b36-82ab-60186169c51f,The Shadow Strays,,https://iframe.mediadelivery.net/play/155292/6e76a1c1-f5de-435a-a10d-07637164a6be,,,https://swahiliplay.com/wp-content/uploads/2024/08/images-62-300x169.jpeg,,,,,,,2026-06-26 01:16:43.84+00,2026-06-26 01:16:43.84+00,5,true,,,,,,,,,,,
46c7c3e5-1c2e-4cf8-9fb8-0e2350442dfd,Back in Action,,https://iframe.mediadelivery.net/play/155292/d3768863-6be3-4533-803d-d6f9fd9f07a6,,,https://swahiliplay.com/wp-content/uploads/2026/01/MV5BZGI2NGJlZDEtZDc4MC00YjM1LThiMmEtNDRiMWM3NWI3NzNjXkEyXkFqcGc@._V1_-300x169.jpg,,,,,,,2026-06-26 01:16:43.848+00,2026-06-26 01:16:43.848+00,6,true,,,,,,,,,,,
46de4591-d342-4ede-92a5-0ba37df7a9f7,Kadakan,,https://iframe.mediadelivery.net/play/155292/08da1bb1-5e8b-467a-8a25-5bd59861ee3c,,,https://swahiliplay.com/wp-content/uploads/2025/02/images-183x169.jpg,,,,,,,2026-06-26 01:16:43.849+00,2026-06-26 01:16:43.849+00,5,true,,,,,,,,,,,
47f9cbf8-c4d9-431b-8edb-06f3753cbcbe,Lilo  Stitch,,https://iframe.mediadelivery.net/play/155292/30229d6c-d21b-42d6-8828-ae544d8cc516,,,https://swahiliplay.com/wp-content/uploads/2025/03/tmrjo8M4rm6NhkBKk20wDSj91go-300x169.jpg,,,,,,,2026-06-26 01:16:43.837+00,2026-06-26 01:16:43.837+00,0,true,,,,,,,,,,,
4831bc8b-389e-43cf-860f-7be4cb424270,Heads of State,,https://iframe.mediadelivery.net/play/155292/7dbb634b-78cc-4e71-87cf-85aa15ef9f4f,,,https://swahiliplay.com/wp-content/uploads/2025/02/images-2-193x169.jpg,,,,,,,2026-06-26 01:16:43.838+00,2026-06-26 01:16:43.838+00,0,true,,,,,,,,,,,
48dd0616-615c-47bc-a6e0-c13a74473a4e,Weekend in Taipei,,https://iframe.mediadelivery.net/play/155292/a434d2a4-dc2e-4b73-9309-409fc9c87144,,,https://swahiliplay.com/wp-content/uploads/2025/02/MV5BZjBlNWQ5ZDAtNGExNS00OGFhLWE5MmItYWIwZDU5NWM5MmJmXkEyXkFqcGc@._V1_FMjpg_UX1000_-300x169.jpg,,,,,,,2026-06-26 01:16:43.85+00,2026-06-26 01:16:43.85+00,8,true,,,,,,,,,,,
48HkKU87ATI6NEBzIJr1,Faustina part 1,hatari,https://iframe.mediadelivery.net/play/555904/b5f2b058-74ff-41af-9bcc-001bb4d51975,https://vz-d9bb3b5b-3a4.b-cdn.net/b5f2b058-74ff-41af-9bcc-001bb4d51975/original,,https://blogger.googleusercontent.com/img/b/R29vZ2xl/AVvXsEisyCGUfBAVS9lQCGy7hVGcWA87JH5Imn3y8arBLt3lZFNLLSSi8XDyaUcwPDasjMD397FvNeYwNNpQ92HBjl1t394w-hDrRwoZBd6y0J9pvYJCofohixRHEra01TcTgSxG3TUlYs4nFIVK8YzVqmJ1MJiGb6uV3upGMDVfZ2Q5ekK1VVjtW6wGhyphenhyphenzmiLk/s4096/InShot_20251206_114143245.jpg,0,2026-05-02 00:00:00+00,[],sw,"[""HD""]",[],2026-05-02 08:47:58.373+00,2026-05-02 08:48:23.561+00,23,true,true,zilizovuja,0,[],,[],true,2000,3,[],
4a9e1bb5-3bdb-49c9-bad2-50f5124b351f,Operation Undead,,https://iframe.mediadelivery.net/play/155292/9c3cc615-7884-4740-8505-bce26e15a0e0,,,https://swahiliplay.com/wp-content/uploads/2025/12/MV5BNmE4YmIxNWQtMzJhMy00NDI5LWFmYjEtMGYyMmFhNzdjODVmXkEyXkFqcGc@._V1_-1-300x169.jpg,,,,,,,2026-06-26 01:16:43.85+00,2026-06-26 01:16:43.85+00,20,true,,,,,,,,,,,
4c808977-f391-4a5a-9839-e3e6d2c62d90,ABADI NANI JAYA,"Abadi Nan Jaya ni filamu ya kutisha inayosimulia familia inayoendesha biashara ya dawa za asili. Baada ya kutengenezwa dawa mpya ya ujana wa milele, mambo yanaharibika na kusababisha mlipuko wa watu kubadilika kuwa zombie. Familia hiyo inalazimika kupambana ili kuokoa maisha yao na kuzuia maafa makubwa.",https://iframe.mediadelivery.net/embed/552231/c58331e8-2bdf-4d40-81e5-66d08c45e4b6,https://vz-efe8986b-460.b-cdn.net/c58331e8-2bdf-4d40-81e5-66d08c45e4b6/play_360p.mp4,,https://i.ibb.co/vvJLt5Gf/The-Elixir.jpg,,,"[""Horror""]",en,"[""HD""]","[""FEDHA"",""CHUMA"",""DHAHABU"",""MALKIA"",""ALMASI""]",2026-05-24 14:06:03.791+00,2026-05-24 12:41:44.889+00,53,true,false,,0,[],,[],false,0,30,[],
4d6e6da0-1c7e-4321-8f1d-a6a188c574c4,Demon City,,"https://iframe.mediadelivery.net/play/155292/8c3fb7b4-4262-46c2-88e3-5bf1873eddd0,https://iframe.mediadelivery.net/play/155292/bffdbbb6-a4c1-4530-a683-197ea891e3b1",,,https://swahiliplay.com/wp-content/uploads/2026/02/images-1-193x169.jpg,,,,,,,2026-06-26 01:16:43.843+00,2026-06-26 01:16:43.843+00,3,true,,,,,,,,,,,
4de55412-9ee6-4391-ad1f-995c781f1cd1,Armed,,https://iframe.mediadelivery.net/play/155292/a927af38-4381-41c2-8365-af5044649d37,,,https://swahiliplay.com/wp-content/uploads/2024/08/images-2024-08-23T080615.331-300x169.jpeg,,,,,,,2026-06-26 01:16:43.839+00,2026-06-26 01:16:43.839+00,0,true,,,,,,,,,,,
4e75bc2e-1fc5-4001-ab0f-87fbfc558649,Jaya Janaki Nayaka,,"https://iframe.mediadelivery.net/play/155292/ae48fe14-7a04-4467-bb83-42d865bd0e89,https://iframe.mediadelivery.net/play/155292/e72a581c-12cb-4e03-ae93-a1ebcb7d07fa",,,https://swahiliplay.com/wp-content/uploads/2024/12/MV5BZWY5ZTI5YjUtZjQ2Ny00MzExLWEwMjUtYmUxNTE3MGJlNGQwXkEyXkFqcGc@._V1_-300x169.jpg,,,,,,,2026-06-26 01:16:43.84+00,2026-06-26 01:16:43.84+00,6,true,,,,,,,,,,,
4eb24c71-10b8-4557-99b0-7556a85b30fc,Havoc,,"https://iframe.mediadelivery.net/play/155292/adaba2b5-c922-4d7b-a3db-5ffaa825e6f8,https://iframe.mediadelivery.net/play/155292/cca7ded9-54e9-4bdf-ba6b-6ec31858ab17",,,https://swahiliplay.com/wp-content/uploads/2024/12/Speak_No_Evil_Official_Poster-257x169.jpg,,,,,,,2026-06-26 01:16:43.839+00,2026-06-26 01:16:43.839+00,1,true,,,,,,,,,,,
4f30552a-b290-4833-9fba-8caba3d39690,Dirty Money,,https://iframe.mediadelivery.net/play/155292/b636a5c9-5b42-462d-bf9d-94a95e1eae39,,,https://swahiliplay.com/wp-content/uploads/2025/11/MV5BMzdmOWE0ZDgtMjVhOS00ZTk5LThjZDYtN2U5OTU4OTFkNTA2XkEyXkFqcGc@._V1_FMjpg_UX1000_-300x169.jpg,,,,,,,2026-06-26 01:16:43.839+00,2026-06-26 01:16:43.839+00,2,true,,,,,,,,,,,
50b36a3c-b7ca-4f0a-80cd-3081b51398d4,S.T.A.L.K.E.R.: Shadow of the Zone,,https://iframe.mediadelivery.net/play/155292/34f1e863-f72d-4ec0-8b5e-13ece0974d13,,,https://swahiliplay.com/wp-content/uploads/2025/02/images-46-184x169.jpg,,,,,,,2026-06-26 01:16:43.849+00,2026-06-26 01:16:43.849+00,0,true,,,,,,,,,,,
5271670b-3834-4fad-b4d9-3e901949f14d,Ghost Rider Spirit of Vengeance,,https://iframe.mediadelivery.net/play/155292/8616251c-2d57-4a00-a9cc-688e7a8c55cd,,,https://swahiliplay.com/wp-content/uploads/2025/01/MV5BZWU1M2ZmNTktMjIyZS00ZTdkLTgyZDctNDk0ZTdkNTg1NjVkXkEyXkFqcGc@._V1_FMjpg_UX1000_-300x169.jpg,,,,,,,2026-06-26 01:16:43.847+00,2026-06-26 01:16:43.847+00,14,true,,,,,,,,,,,
52e14209-7aab-4348-8bd2-9cd95ba6f1f6,Druga Furioza,,https://iframe.mediadelivery.net/play/155292/2e9c968f-271f-45f4-ac90-216fcf8dd638,,,https://swahiliplay.com/wp-content/uploads/2024/08/images-76-300x169.jpeg,,,,,,,2026-06-26 01:16:43.83+00,2026-06-26 01:16:43.83+00,0,true,,,,,,,,,,,
52fa3b22-023f-4f1c-8f9d-351366db23da,Man with No Past,,https://iframe.mediadelivery.net/play/155292/64ba02c2-4eae-49eb-8362-7b7f030f5591,,,https://swahiliplay.com/wp-content/uploads/2025/03/285e01eae76cf6d596c47a1ae284529341f94881e1c83d93652b684d049b2fd7-300x169.jpg,,,,,,,2026-06-26 01:16:43.848+00,2026-06-26 01:16:43.848+00,3,true,,,,,,,,,,,
54a6ae1a-b826-43c8-8dd8-2a2e426f7064,The Victims,,https://iframe.mediadelivery.net/play/155292/10aabd71-50ca-452f-b37c-0106a516bb7e,,,https://swahiliplay.com/wp-content/uploads/2024/11/p10508094_v_v8_ab-300x169.jpg,,,,,,,2026-06-26 01:16:43.839+00,2026-06-26 01:16:43.839+00,6,true,,,,,,,,,,,
5684fd9a-5133-4459-bd58-c654238c26c7,The Gardener,,https://iframe.mediadelivery.net/play/155292/cd0c584e-b673-4c89-a5df-2b1b5f0babee,,,https://swahiliplay.com/wp-content/uploads/2024/08/images-2024-08-25T141116.729-300x169.jpeg,,,,,,,2026-06-26 01:16:43.848+00,2026-06-26 01:16:43.848+00,34,true,,,,,,,,,,,
57863dd4-7705-4607-8746-26673857716c,KPop Demon Hunters,,https://iframe.mediadelivery.net/play/155292/bc93a0df-1f41-4caf-8be7-fa5b0b637a34,,,https://swahiliplay.com/wp-content/uploads/2024/08/images-2024-08-21T083806.446-300x169.jpeg,,,,,,,2026-06-26 01:16:43.87+00,2026-06-26 01:16:43.87+00,13,true,,,,,,,,,,,
5832fbd6-b976-41b8-a2bc-c17ee8317688,Fountain of Youth,,"https://iframe.mediadelivery.net/play/155292/63c4e2e7-f710-4d09-9f31-dba3a34c4792,https://iframe.mediadelivery.net/play/155292/fd0bb182-3845-48e1-bfaa-be894569a6b0",,,https://swahiliplay.com/wp-content/uploads/2024/08/images-88-300x169.jpeg,,,,,,,2026-06-26 01:16:43.838+00,2026-06-26 01:16:43.838+00,0,true,,,,,,,,,,,
59f881cd-0706-4096-b4c4-cc510e547219,Play Dead,,https://iframe.mediadelivery.net/play/155292/d099e5f7-fd4b-4262-bb5b-86e6ccb93260,,,https://swahiliplay.com/wp-content/uploads/2024/12/MV5BNzY5ZTAxZDgtN2E3Zi00NTUxLWJmZDUtZTliMTA3Y2Y1NjU0XkEyXkFqcGc@._V1_-300x169.jpg,,,,,,,2026-06-26 01:16:43.826+00,2026-06-26 01:16:43.826+00,3,true,,,,,,,,,,,
5ab6a4e8-2022-4274-91f7-ccbde02ac2bc,Jaat,,"https://iframe.mediadelivery.net/play/155292/5afe1bb3-8345-490e-8e95-54077ca3ffd1,https://iframe.mediadelivery.net/play/155292/5a06bfd3-0fe5-437e-9208-1f65fc3f4e84",,,https://swahiliplay.com/wp-content/uploads/2025/03/MV5BYmExM2ZiOGItMDcxZi00NDc3LTk3MmItNGQyZWNlYzBiOTI2XkEyXkFqcGc@._V1_-300x169.jpg,,,,,,,2026-06-26 01:16:43.838+00,2026-06-26 01:16:43.838+00,6,true,,,,,,,,,,,
5c264c82-8156-4a68-9541-b309ef4ae067,Trap House,,https://iframe.mediadelivery.net/play/155292/eb0c361d-b016-4692-87ea-f2ec80caf8c5,,,https://swahiliplay.com/wp-content/uploads/2025/02/MV5BMjk3ZjBjZjYtMDQ0ZC00MjBiLWE0YTktZjAzYmYyNzdiMTk1XkEyXkFqcGc@._V1_FMjpg_UX1000_-300x169.jpg,,,,,,,2026-06-26 01:16:43.826+00,2026-06-26 01:16:43.826+00,1,true,,,,,,,,,,,
5e73c2c0-af61-4688-b401-cb877fde0b43,Dust Bunny,,https://iframe.mediadelivery.net/play/155292/ce150f59-81ed-48a3-b2bc-4991dcded7c1,,,https://swahiliplay.com/wp-content/uploads/2024/08/images-2024-08-21T130939.430-300x169.jpeg,,,,,,,2026-06-26 01:16:43.826+00,2026-06-26 01:16:43.826+00,0,true,,,,,,,,,,,
5e8df918-acf8-4799-908a-ed0d6c081813,Never a thief,,https://iframe.mediadelivery.net/play/155292/9d14eb59-d3a0-4b01-9010-ba9bc5492865,,,https://swahiliplay.com/wp-content/uploads/2024/08/MV5BYjZmODc5YmQtNjA2Mi00OTIwLWI5OWMtMzgwNGI2NDczNWZlXkEyXkFqcGdeQXVyMTY3ODkyNDkz._V1_-300x169.jpg,,,,,,,2026-06-26 01:16:43.83+00,2026-06-26 01:16:43.83+00,0,true,,,,,,,,,,,
5e9df1c2-a9f2-4c41-8472-76845421dbc4,The war with GrandPa,,https://iframe.mediadelivery.net/play/155292/3685e5f8-ca3e-4fa6-856b-c71db5861a95,,,https://swahiliplay.com/wp-content/uploads/2025/12/MV5BMzZjM2FiZmEtNGZiNC00MmQ3LWI0NWQtYzAxMmEwYTUxM2M4XkEyXkFqcGc@._V1_-300x169.jpg,,,,,,,2026-06-26 01:16:43.848+00,2026-06-26 01:16:43.848+00,6,true,,,,,,,,,,,
5f6612f6-7a17-4425-ae45-4d4463b7e35a,Escobank,,https://iframe.mediadelivery.net/play/155292/e6051697-390b-40f5-987b-17bcd686331c,,,https://swahiliplay.com/wp-content/uploads/2025/01/MV5BNGM1NTVjODYtOTdhNS00MmI2LTg1NjgtMDEwM2UzODhlMjBlXkEyXkFqcGc@._V1_-300x169.jpg,,,,,,,2026-06-26 01:16:43.829+00,2026-06-26 01:16:43.829+00,0,true,,,,,,,,,,,
5fea879a-4689-4eae-884e-44cf7f4d050c,Hunting Grounds,,https://iframe.mediadelivery.net/play/155292/4ac4f80a-7280-4fe0-b9e8-05ff9788aeae,,,https://swahiliplay.com/wp-content/uploads/2024/08/images-86-300x169.jpeg,,,,,,,2026-06-26 01:16:43.837+00,2026-06-26 01:16:43.837+00,1,true,,,,,,,,,,,
5ff9c868-a19a-451c-bf4f-82b0dc10b56a,Mufasa: The Lion King,,https://iframe.mediadelivery.net/play/155292/67d019c2-80f1-469d-8639-b25205193bc9,,,https://swahiliplay.com/wp-content/uploads/2025/08/MV5BODA5Y2M0NjctNWQzMy00ODRhLWE0MzUtYmE1YTAzZjYyYmQyXkEyXkFqcGc@._V1_FMjpg_UX1000_-300x169.jpg,,,,,,,2026-06-26 01:16:43.87+00,2026-06-26 01:16:43.87+00,32,true,,,,,,,,,,,
5zGpHsDN4C9iIxuuPn9x,Sorop 2025,"ni filamu ya horror ya Indonesia kuhusu Hanif na Isti wanaorudi kijijini baada ya kifo cha babu yao. Wanakutana na matukio ya ajabu yanayohusiana na “sorop,” imani ya giza kuhusu roho wanaorejea usiku. Familia yao inaanza kukumbwa na hofu, siri, na tukio la kishirikina linalotishia maisha yao.",https://iframe.mediadelivery.net/play/552231/82fcae27-9017-4792-af9a-5351b231e9c9,https://vz-efe8986b-460.b-cdn.net/82fcae27-9017-4792-af9a-5351b231e9c9/play_360p.mp4,,https://blogger.googleusercontent.com/img/b/R29vZ2xl/AVvXsEh3hgHXCgK8PV0rKmaboUpAC7GYvCP8CY9yD5Yb9Plr6YSIP2TREiWVs2Hf1mxBYVwFpURB2WOyd2Mh45_rPtjyLP5_16kEReJNKZhIq1cOEUXg4iqwyZeDJTqhCYcssezno8oLFuweeGqQiXhOYFkETk-qLZ3he2Euc_IHLrBBZPtZcmP9H1v-goNQaRs/s268/download.jpeg,60,,"[""Horror""]",en,"[""HD""]","[""FEDHA"",""CHUMA"",""DHAHABU"",""MALKIA"",""ALMASI""]",2024-01-01 00:00:00+00,,114,true,false,,0,[]," Upi Avianto",[],false,,30,[],
60912b5f-1c3b-4441-9c16-01dd096d26de,Stolen Girl,,https://iframe.mediadelivery.net/play/155292/845977c0-04d7-46d5-aa30-01a5bbaab994,,,https://swahiliplay.com/wp-content/uploads/2024/09/images-2024-09-02T025049.811-300x169.jpeg,,,,,,,2026-06-26 01:16:43.83+00,2026-06-26 01:16:43.83+00,0,true,,,,,,,,,,,
60b55560-3f5c-417d-9684-00e665dbbf2d,Mr. Peabody  Sherman,,https://iframe.mediadelivery.net/play/155292/f148be92-8142-406a-a24f-e416b13d0c99,,,https://swahiliplay.com/wp-content/uploads/2024/08/images-2024-08-21T083806.446-300x169.jpeg,,,,,,,2026-06-26 01:16:43.87+00,2026-06-26 01:16:43.87+00,11,true,,,,,,,,,,,
6263f6de-ac79-4573-9b47-ac3b32b85b2e,Thugs of Hindostan,,"https://iframe.mediadelivery.net/play/155292/417fb8a3-89cd-4115-a543-cf965c7009ca,https://iframe.mediadelivery.net/play/155292/92856c09-34f4-43ef-9ba0-22caa4f1551f",,,https://swahiliplay.com/wp-content/uploads/2025/02/MV5BMWQ4YWYxYTAtZTlhNC00Nzc3LWE3OWUtZjY5MThlNWNiYTBiXkEyXkFqcGc@._V1_FMjpg_UX1000_-1-300x169.jpg,,,,,,,2026-06-26 01:16:43.826+00,2026-06-26 01:16:43.826+00,0,true,,,,,,,,,,,
630c3beb-e6eb-4bf9-a1dc-a39cc03e419e,Crakk,,"https://iframe.mediadelivery.net/play/155292/1f4813ae-5be0-4774-b870-a535e66034bb,https://iframe.mediadelivery.net/play/155292/fd0bb182-3845-48e1-bfaa-be894569a6b0",,,https://swahiliplay.com/wp-content/uploads/2024/07/Pariah_2024_film_poster-220x169.jpg,,,,,,,2026-06-26 01:16:43.84+00,2026-06-26 01:16:43.84+00,19,true,,,,,,,,,,,
63e7c617-adca-4f94-a047-efe508f9caa9,The BadGuys 2,,https://iframe.mediadelivery.net/play/155292/42949c61-bced-44bf-9149-6635654035d0,,,https://swahiliplay.com/wp-content/uploads/2024/08/images-2024-08-22T155625.938-300x169.jpeg,,,,,,,2026-06-26 01:16:43.87+00,2026-06-26 01:16:43.87+00,21,true,,,,,,,,,,,
6438f9b8-5db2-4a72-a69f-74dabc5d77eb,Conquer: Lahad Datu,,https://iframe.mediadelivery.net/play/155292/7eae49eb-f6cd-416c-b0e1-43eb5285f385,,,https://swahiliplay.com/wp-content/uploads/2024/08/Gangs-of-Godavari_1693828891-300x169.jpg,,,,,,,2026-06-26 01:16:43.85+00,2026-06-26 01:16:43.85+00,4,true,,,,,,,,,,,
647deef3-1705-4036-a893-d8f19755760d,Warfare,,https://iframe.mediadelivery.net/play/155292/b8263d68-17a3-4c10-acbd-c6b1b9b79958,,,https://swahiliplay.com/wp-content/uploads/2024/08/images-90-300x169.jpeg,,,,,,,2026-06-26 01:16:43.83+00,2026-06-26 01:16:43.83+00,0,true,,,,,,,,,,,
64c2c1fd-76b4-415b-ae1b-23a73257fb66,Max,,"https://iframe.mediadelivery.net/play/155292/34119000-3eeb-4191-832f-d109dd12e8b4,https://iframe.mediadelivery.net/play/155292/a517b220-cbfe-11ef-a259-4b3c6d26f4a9",,,https://swahiliplay.com/wp-content/uploads/2025/02/images-3-1-178x169.jpg,,,,,,,2026-06-26 01:16:43.847+00,2026-06-26 01:16:43.847+00,10,true,,,,,,,,,,,
66442d10-44d1-438f-a103-a35a7c865fa9,No Chains No Masters,,"https://iframe.mediadelivery.net/play/155292/e756dea2-3563-4c45-adcd-d52c4c941431,https://iframe.mediadelivery.net/play/155292/ba65a501-b1da-4dca-acad-5202a798c971",,,https://swahiliplay.com/wp-content/uploads/2024/08/1683463045_youloveit_com_the_little_mermaid_new_posters-300x169.jpg,,,,,,,2026-06-26 01:16:43.84+00,2026-06-26 01:16:43.84+00,7,true,,,,,,,,,,,
66c8441c-3fbb-453a-a8f7-85982cffcd67,Wolf Hiding,,https://iframe.mediadelivery.net/play/155292/ee4595cd-014d-4e4a-90ea-fca8333d2bb1,,,https://swahiliplay.com/wp-content/uploads/2024/11/images-2024-11-17T184602.785-300x169.jpeg,,,,,,,2026-06-26 01:16:43.839+00,2026-06-26 01:16:43.839+00,1,true,,,,,,,,,,,
68072bfa-9232-4769-a6e6-0d430cbab425,40 Acres,,https://iframe.mediadelivery.net/play/155292/55833d63-0f9a-4f9e-a541-0956bff3139f,,,https://swahiliplay.com/wp-content/uploads/2024/08/images-88-300x169.jpeg,,,,,,,2026-06-26 01:16:43.832+00,2026-06-26 01:16:43.832+00,0,true,,,,,,,,,,,
6861d6e3-b1d3-438a-a650-a99cf803e996,Sunray Fallen Soldier,,https://iframe.mediadelivery.net/play/155292/b3eaf3c7-ef55-4958-ab8f-2a4680a63bd4,,,https://swahiliplay.com/wp-content/uploads/images-2024-10-17T185759.984-300x169.jpeg,,,,,,,2026-06-26 01:16:43.837+00,2026-06-26 01:16:43.837+00,0,true,,,,,,,,,,,
6bb4adda-08a5-4a1c-b2ea-c358376f55f4,The SpongeBob Movie Search For SquarePants,,https://iframe.mediadelivery.net/play/155292/473380b8-0347-4fc6-a24d-963d80a888d0,,,https://swahiliplay.com/wp-content/uploads/2024/08/images-2024-08-17T174911.328-300x169.jpeg,,,,,,,2026-06-26 01:16:43.859+00,2026-06-26 01:16:43.859+00,13,true,,,,,,,,,,,
6e02e8cb-872b-4d37-bdfe-c0533a5520ec,The Electric State,,"https://iframe.mediadelivery.net/play/155292/e067eaba-8bac-443e-97c8-fcecd6246060,https://iframe.mediadelivery.net/play/155292/e72a581c-12cb-4e03-ae93-a1ebcb7d07fa",,,https://swahiliplay.com/wp-content/uploads/2024/08/MV5BY2U5YmQ3YjgtM2I2OC00YmM5LTkyM2MtN2I5Zjg2MDE0ODkwXkEyXkFqcGdeQXVyMDM2NDM2MQ@@._V1_-300x169.jpg,,,,,,,2026-06-26 01:16:43.84+00,2026-06-26 01:16:43.84+00,3,true,,,,,,,,,,,
6e22c244-f99b-4c0b-9c84-220de4bf9bb3,Clown in a Cornfield,,https://iframe.mediadelivery.net/play/155292/aced30a5-3206-4ed1-9c33-cc6f094feb49,,,https://swahiliplay.com/wp-content/uploads/2025/01/MV5BNzk2YzczOWYtMWQwYS00MzM3LWIxN2MtYjc4NzU3NTE5ZjU3XkEyXkFqcGc@._V1_-300x169.jpg,,,,,,,2026-06-26 01:16:43.838+00,2026-06-26 01:16:43.838+00,0,true,,,,,,,,,,,
6e3aff88-1d51-4a88-b2d6-c583dd746a28,Off The Grid,,https://iframe.mediadelivery.net/play/155292/bb20ea3c-7f75-499c-9e92-eb0ac3ae1a2d,,,https://swahiliplay.com/wp-content/uploads/2024/07/Gurudev_Hoysala-282x169.jpg,,,,,,,2026-06-26 01:16:43.838+00,2026-06-26 01:16:43.838+00,1,true,,,,,,,,,,,
6e78c675-917f-42e4-a33b-9b68147ae814,Marco,,https://iframe.mediadelivery.net/play/155292/dfcf3ead-24b3-43c7-a3ab-bfeadce0ace1,,,https://swahiliplay.com/wp-content/uploads/2024/07/Chandu_Champion_film_poster-283x169.jpg,,,,,,,2026-06-26 01:16:43.84+00,2026-06-26 01:16:43.84+00,0,true,,,,,,,,,,,
6f270740-c20a-446e-9a79-5d6dae45c296,A Breed Apart,,https://iframe.mediadelivery.net/play/155292/6f1db669-bdd7-4dac-91d2-c4daf6c2e020,,,https://swahiliplay.com/wp-content/uploads/2025/11/MV5BNzMzMDdiNjctODMxOS00MWVjLWI2ZjYtMDVkYmM0NTIxZDhkXkEyXkFqcGc@._V1_FMjpg_UX1000_-300x169.jpg,,,,,,,2026-06-26 01:16:43.838+00,2026-06-26 01:16:43.838+00,3,true,,,,,,,,,,,
6oOiMAWNEhtK0Nf9OTW1,She Rides Shotgun,"ni filamu ya crime-thriller inayomuhusu msichana mdogo na baba yake aliyehusika na genge hatari. Baada ya mauaji kutishia maisha yao, wanakimbia pamoja barabarani wakijaribu kuishi, kujenga tena uhusiano wao, na kukwepa majangili wanaowafuata bila huruma.",https://iframe.mediadelivery.net/play/552231/975b779f-a464-417d-81af-a42c8912958c,https://vz-efe8986b-460.b-cdn.net/975b779f-a464-417d-81af-a42c8912958c/play_360p.mp4,,https://blogger.googleusercontent.com/img/b/R29vZ2xl/AVvXsEjG4BahRTipzAHQef88zkcdss-SliF57c__grBr7vzHomaqO-3ioV_c4wf91X1v1aS63-YcaE64Zt5sHPHhcayY_xgkLM-wlauhlG2aQ9w8hGPl-PN2EHEVZCrCSFx-bV3UILoWA5aIHQ74YJjfa52IjH00kcTM6xZPF2Lc2ehtqErnsaZkGD-md0R9qYA/s375/She_Rides_Shotgun_poster.jpg,60,,"[""Thriller""]",en,"[""HD""]","[""FEDHA"",""CHUMA"",""DHAHABU"",""MALKIA"",""ALMASI""]",2024-01-01 00:00:00+00,,50,true,false,,0,[],	Nick Rowland,[],false,,30,[],
6TpKiifJmoyJBoFknrjn,The Long Walk B,ni filamu ya vijana 100 wanaolazimishwa kutembea bila kusimama kwenye mashindano hatari. Ukipunguza mwendo unauawa. Ni safari ya kisaikolojia ya Ray Garraty akijaribu kuishi hadi awe mshindi wa mwisho.,https://iframe.mediadelivery.net/play/552231/0df2a256-ad0d-46ab-bacc-c0257876641c,https://vz-efe8986b-460.b-cdn.net/0df2a256-ad0d-46ab-bacc-c0257876641c/play_360p.mp4,,https://upload.wikimedia.org/wikipedia/en/thumb/e/e8/The_Long_Walk_%282025_film%29.jpg/250px-The_Long_Walk_%282025_film%29.jpg,60,,"[""Action""]",en,"[""HD""]","[""FEDHA"",""CHUMA"",""DHAHABU"",""MALKIA"",""ALMASI""]",2024-01-01 00:00:00+00,,98,true,false,,0,[],Francis Lawrence,"[""100"",""action"",""akijaribu"",""almasi"",""awe"",""chuma"",""dhahabu"",""en"",""fedha"",""filamu"",""francis"",""francis lawrence"",""garraty"",""hadi"",""hatari"",""kisaikolojia"",""kuishi"",""kusimama"",""kutembea"",""lawrence"",""long"",""malkia"",""mashindano"",""mshindi"",""mwendo"",""mwisho"",""ni"",""ray"",""safari"",""the long walk b"",""ukipunguza"",""unauawa"",""vijana"",""wa"",""walk"",""wanaolazimishwa""]",false,,30,[],
70c7a696-b7f9-475e-bcec-8f2216559277,The Working Man,,"https://iframe.mediadelivery.net/play/155292/698f9b7e-d320-4abc-a570-6831f7f215ef,https://iframe.mediadelivery.net/play/155292/fd0bb182-3845-48e1-bfaa-be894569a6b0",,,https://swahiliplay.com/wp-content/uploads/2024/08/Land_of_Bad_Poster-250x169.jpg,,,,,,,2026-06-26 01:16:43.839+00,2026-06-26 01:16:43.839+00,1,true,,,,,,,,,,,
7553a44c-cc96-4e59-ae5c-08217dad70e2,Almost Cops,,https://iframe.mediadelivery.net/play/155292/138bfa37-7781-46ac-8d5b-35550b571a71,,,https://swahiliplay.com/wp-content/uploads/2025/05/MV5BYzEyYjE1NmEtOTFmNy00ZmQxLThlYzctOGRjNmQ0N2VjMmNmXkEyXkFqcGc@._V1_-300x169.jpg,,,,,,,2026-06-26 01:16:43.837+00,2026-06-26 01:16:43.837+00,0,true,,,,,,,,,,,
7562702c-5bbb-43a1-a676-d76029d94ea7,The Thousand Faces of Dunjia,,https://iframe.mediadelivery.net/play/155292/bcd7a2af-9eb9-431a-ad4b-16e8dea09fa6,,,https://swahiliplay.com/wp-content/uploads/2024/09/images-2024-09-10T132256.351-300x169.jpeg,,,,,,,2026-06-26 01:16:43.847+00,2026-06-26 01:16:43.847+00,2,true,,,,,,,,,,,
79edc5f1-f575-4621-98c0-3f6e8b191817,Sugar Mama,,"https://iframe.mediadelivery.net/play/155292/332491b7-148f-47e9-b63c-928c72d128d1,https://iframe.mediadelivery.net/play/155292/9f985cad-16af-4f85-a5f3-2cc1a3b9ca03",,,https://swahiliplay.com/wp-content/uploads/2026/02/MV5BNDMyNzM2ZTUtOTBlZS00ZTExLTliZjYtZDkzYzQxOTQ3ZDUzXkEyXkFqcGc@._V1_-300x169.jpg,,,,,,,2026-06-26 01:16:43.84+00,2026-06-26 01:16:43.84+00,3,true,,,,,,,,,,,
7a501a88-e156-459b-90f5-d14f1aa2214d,Sniper: The Last Stand,,https://iframe.mediadelivery.net/play/155292/d6ee2d78-1288-4b6f-8be7-1fdfbb01dc42,,,https://swahiliplay.com/wp-content/uploads/2024/08/images-2024-08-17T174143.143-300x169.jpeg,,,,,,,2026-06-26 01:16:43.848+00,2026-06-26 01:16:43.848+00,1,true,,,,,,,,,,,
7ad1d24c-0a6b-476c-861c-217a647418ea,The Orphans,,https://iframe.mediadelivery.net/play/155292/e5130ea8-9979-4cc1-9f22-b0f31e164de4,,,https://swahiliplay.com/wp-content/uploads/2025/08/MV5BNDUxOTFlOGUtZTg0MC00NjNmLThiYTQtM2MxYjBlMmEyMDQ1XkEyXkFqcGc@._V1_FMjpg_UX1000_-300x169.jpg,,,,,,,2026-06-26 01:05:01.982+00,2026-06-26 01:05:01.982+00,1,true,,,,,,,,,,,
7b07a186-f3d4-478e-b68c-5ed8b12519f8,Star Trek: Section 31,,https://iframe.mediadelivery.net/play/155292/7dbb15b7-e5b4-4cc7-8e91-97f7ff1c7d74,,,https://swahiliplay.com/wp-content/uploads/2024/08/images-2024-08-24T143043.305-300x169.jpeg,,,,,,,2026-06-26 01:16:43.839+00,2026-06-26 01:16:43.839+00,1,true,,,,,,,,,,,
7b9139d9-8aa9-45bf-a05d-b91c7d4bdd67,The Twits,,"https://iframe.mediadelivery.net/play/155292/371bbd82-61c8-427e-b8ac-e15a1e041f89,https://iframe.mediadelivery.net/play/155292/a517b220-cbfe-11ef-a259-4b3c6d26f4a9",,,https://swahiliplay.com/wp-content/uploads/2025/02/MV5BZDEzZDcxYTAtN2YxZC00OGYzLWI3MDktNmEzYWJmMjQyNDBiXkEyXkFqcGc@._V1_FMjpg_UX1000_-300x169.jpg,,,,,,,2026-06-26 01:16:43.83+00,2026-06-26 01:16:43.83+00,0,true,,,,,,,,,,,
7c78d810-390c-4364-a77c-9dcc6fb6c67b,The Instigators,,https://iframe.mediadelivery.net/play/155292/79a16b23-f44e-41c9-bcd9-5fa120f1c880,,,https://swahiliplay.com/wp-content/uploads/2025/03/MV5BOGZlZjAyYTItMDdjYy00OGZlLWI3NDAtYzM5ZjAwNjg0NWUxXkEyXkFqcGc@._V1_-300x169.jpg,,,,,,,2026-06-26 01:16:43.847+00,2026-06-26 01:16:43.847+00,0,true,,,,,,,,,,,
7e3f54ef-a1cf-4a44-9764-61aadc35bcd6,Sinners,,https://iframe.mediadelivery.net/play/155292/4faec33b-e27a-4cde-a4bc-137241b07486,,,https://swahiliplay.com/wp-content/uploads/2024/09/ems.cHJkLWVtcy1hc3NldHMvbW92aWVzLzcyMDc5NDcyLTljYWQtNDRkYi1iMDcxLTZkOGZlZjIzYmYxYS5qcGc-300x169.jpg,,,,,,,2026-06-26 01:05:01.983+00,2026-06-26 01:05:01.983+00,0,true,,,,,,,,,,,
7gTRMiMPxR54bVY9mJ2f,Indra (2025 film),"ni filamu ya kusisimua ya uhalifu ya Kitamil inayoigizwa na Vasanth Ravi.

Inamhusu Indra, afisa wa zamani wa polisi aliyeachishwa kazi na kupoteza uwezo wa kuona kutokana na ulevi. Maisha yake yanageuka kuwa mabaya zaidi mke wake, Kayal, anauawa kinyama nyumbani kwao, na mauaji hayo yanafana na yale ya muuaji wa mfululizo.

Licha ya upofu wake, Indra anaanzisha uwindaji wa kisasi ili kumpata muuaji. Uchunguzi unafunua siri chafu za maisha yake ya zamani, akigundua kwamba muuaji halisi ana uhusiano wa moja kwa moja na matendo yake ya zamani. Filamu inahusu uwindaji hatari ambapo wawindaji anageuka kuwa mwindwa.",https://iframe.mediadelivery.net/play/554297/594eaab3-12ec-410a-9c7f-437b86e6eb97,https://vz-12176983-62c.b-cdn.net/594eaab3-12ec-410a-9c7f-437b86e6eb97/original,,https://vz-12176983-62c.b-cdn.net/594eaab3-12ec-410a-9c7f-437b86e6eb97/thumbnail.jpg,120,2025-12-07 00:00:00+00,"[""Action"",""Thriller""]",en,"[""HD""]","[""FEDHA"",""CHUMA"",""DHAHABU"",""MALKIA"",""ALMASI""]",2024-01-01 00:00:00+00,,18,true,false,,0,[],	Sabarish Nanda,[],false,,30,[],
803caaec-8fdc-42cf-8db9-a182d7361611,Disaster Holiday,,"https://iframe.mediadelivery.net/play/155292/ba65a501-b1da-4dca-acad-5202a798c971,https://iframe.mediadelivery.net/play/155292/1c3d910b-4369-4ce8-a966-7231dab4c1d5",,,https://swahiliplay.com/wp-content/uploads/2025/03/285e01eae76cf6d596c47a1ae284529341f94881e1c83d93652b684d049b2fd7-300x169.jpg,,,,,,,2026-06-26 01:16:43.837+00,2026-06-26 01:16:43.837+00,0,true,,,,,,,,,,,
8066f118-c437-458b-955f-f40c04621eda,Checkmate,,https://iframe.mediadelivery.net/play/155292/5647cb80-fa76-49ba-a2d4-11c5d91fb911,,,https://swahiliplay.com/wp-content/uploads/MV5BMTFjZTg5ZjQtZDgwYy00M2EwLWJiZjItMGMyNzE4YTcyMTIwXkEyXkFqcGc@._V1_-300x169.jpg,,,,,,,2026-06-26 01:16:43.843+00,2026-06-26 01:16:43.843+00,2,true,,,,,,,,,,,
82aecfa4-5ded-44f9-938c-a2443bcd4315,Kromoleo,,https://iframe.mediadelivery.net/play/155292/186d7b27-3959-4621-8b42-27dff493afd8,,,https://swahiliplay.com/wp-content/uploads/2025/01/MV5BOTExMWJmMjItODkwYS00ZDgzLWE5ZDctZmQ5YTI5ZjFkZDM5XkEyXkFqcGc@._V1_-300x169.jpg,,,,,,,2026-06-26 01:16:43.848+00,2026-06-26 01:16:43.848+00,0,true,,,,,,,,,,,
854fec52-0b3d-4c1b-bc94-4ee0e522017f,Plankton: The Movie,,"https://iframe.mediadelivery.net/play/155292/bd63a542-36c6-4340-9e51-68f41b1c15f9,https://iframe.mediadelivery.net/play/155292/e72a581c-12cb-4e03-ae93-a1ebcb7d07fa",,,https://swahiliplay.com/wp-content/uploads/2024/08/images-48-300x169.jpeg,,,,,,,2026-06-26 01:16:43.87+00,2026-06-26 01:16:43.87+00,31,true,,,,,,,,,,,
86eb278e-1dcd-4296-a02d-a76b7ba1735c,Formed Police Unit,,"https://iframe.mediadelivery.net/play/155292/a517b220-cbfe-11ef-a259-4b3c6d26f4a9,https://iframe.mediadelivery.net/play/155292/065a56a0-531c-45be-b05f-ce0b958ac1e6",,,https://swahiliplay.com/wp-content/uploads/2025/05/MV5BYzJmMDEyMDMtOTUwZi00MjNlLWI4ZDUtZGJiNDU5MTlhZmE3XkEyXkFqcGc@._V1_-300x169.jpg,,,,,,,2026-06-26 01:16:43.848+00,2026-06-26 01:16:43.848+00,2,true,,,,,,,,,,,
89c3f49b-3120-4a0c-98fc-334f06d6ea82,Gunslingers,,https://iframe.mediadelivery.net/play/155292/1d,,,https://swahiliplay.com/wp-content/uploads/2024/08/images-56-300x169.jpeg,,,,,,,2026-06-26 01:05:01.983+00,2026-06-26 01:05:01.983+00,0,true,,,,,,,,,,,
8a0a0a33-f718-48c7-9c2d-a703e7891a82,Home Sweet Home Rebirth,,https://iframe.mediadelivery.net/play/155292/faea8797-7e4d-4cfb-816a-bda1108e1a8d,,,https://swahiliplay.com/wp-content/uploads/2025/02/MV5BNGI5OTU4MmItNTUwMC00MTEzLWFhODYtNGU0YWNmZmIzNWYyXkEyXkFqcGc@._V1_FMjpg_UX1000_-300x169.jpg,,,,,,,2026-06-26 01:16:43.84+00,2026-06-26 01:16:43.84+00,0,true,,,,,,,,,,,
8a18e770-ef16-4994-9268-9b86b01d86e4,Love Hurts,,https://iframe.mediadelivery.net/play/155292/4acd23f7-03e7-4e0d-ae37-31633130888e,,,https://swahiliplay.com/wp-content/uploads/2025/07/MV5BZTExNjM4NzAtY2FiZS00M2VmLWE1MjUtNWM1MTk3YTg1ZjQwXkEyXkFqcGc@._V1_FMjpg_UX1000_-300x169.jpg,,,,,,,2026-06-26 01:16:43.843+00,2026-06-26 01:16:43.843+00,0,true,,,,,,,,,,,
8b14c9df-2026-4870-98c8-797d3be3ba8f,Filamu ya Yesu,,https://iframe.mediadelivery.net/play/155292/3225fe81-234f-4d39-ae23-7bbb520fbc7f,,,https://swahiliplay.com/wp-content/uploads/images-2024-10-29T104216.073-300x169.jpeg,,,,,,,2026-06-26 01:16:43.84+00,2026-06-26 01:16:43.84+00,4,true,,,,,,,,,,,
8b58bbcb-4cf2-4bfc-b163-132fa3b2c8f6,Mafia Wars,,https://iframe.mediadelivery.net/play/155292/3d9e8eea-46a3-4abe-8513-fd9b71bae670,,,https://swahiliplay.com/wp-content/uploads/2024/08/MV5BZjI1ZjM3NjUtYTc1Ni00ODJmLWI5YjQtMWZiZTAyNTFiZGY1XkEyXkFqcGc@._V1_FMjpg_UX1000_-300x169.jpg,,,,,,,2026-06-26 01:16:43.838+00,2026-06-26 01:16:43.838+00,3,true,,,,,,,,,,,
8b70e2df-0f2c-4f7c-aa93-b4e15063e5be,Safe House,,https://iframe.mediadelivery.net/play/155292/cd78fe07-757f-4c8a-87be-6f8173b88e95,,,https://swahiliplay.com/wp-content/uploads/MV5BNGE0NzA5OWMtNmFmMy00NWUwLWExZjgtNzc5YWE5MDRkYmNjXkEyXkFqcGc@._V1_-300x169.jpg,,,,,,,2026-06-26 01:16:43.826+00,2026-06-26 01:16:43.826+00,0,true,,,,,,,,,,,
8BnKrWkeeTiUnCA06Jed,Red Sonja,"ni filamu ya fantasy inayomuhusu Sonja, shujaa mwenye nguvu anayesaka kisasi baada ya familia yake kuuawa. Akitumia upanga wake wa hadithi, anakabiliana na wachawi, maadui wakubwa na hatari za ulimwengu wa kale ili kurejesha haki na kuokoa ufalme.",https://iframe.mediadelivery.net/play/552231/18a4e9a3-61f1-45c4-acb8-5b19256ef4ea,https://vz-efe8986b-460.b-cdn.net/18a4e9a3-61f1-45c4-acb8-5b19256ef4ea/play_360p.mp4,,https://blogger.googleusercontent.com/img/b/R29vZ2xl/AVvXsEiKlx5teh9lXX385cCGqCoVAAM_GsH48OFvNjz3Ye6GVUG8UfZjzzfk4gTlVd2uOSf8baOz4STzSiX6ADtD1VUCwbcnHGgM1mrbiT6S4r4niTccnTpt8oGIv6lD2rEeQxn22XBr9FJ4IUHz7zDut8NmdH9Ul8q_Ysnu_ZFk1T2ZRETe4hU9Ne9mpzyh2DI/s370/Red_Sonja_(2025)_official_poster.jpg,60,,"[""Action"",""Adventure""]",en,"[""HD""]","[""FEDHA"",""CHUMA"",""DHAHABU"",""MALKIA"",""ALMASI""]",2024-01-01 00:00:00+00,,107,true,false,,0,[],	M. J. Bassett,[],false,,30,[],
8c44d815-3ac8-48c8-b152-fec0a91db59d,Dead to Rights,,https://iframe.mediadelivery.net/play/155292/b9004c21-183c-4568-90a3-e0245dfa199d,,,https://swahiliplay.com/wp-content/uploads/2025/11/MV5BOGM5MzA3MDAtYmEwMi00ZDNiLTg4MDgtMTZjOTc0ZGMyNTIwXkEyXkFqcGc@._V1_-300x169.jpg,,,,,,,2026-06-26 01:16:43.826+00,2026-06-26 01:16:43.826+00,1,true,,,,,,,,,,,
8ca57472-c897-4b7f-a0d6-cec3f2a1b5d5,Gatao Like father like son,,https://iframe.mediadelivery.net/play/155292/ab48821b-bea8-4849-9100-d3415646befb,,,https://swahiliplay.com/wp-content/uploads/2025/08/images-1-187x169.jpg,,,,,,,2026-06-26 01:16:43.838+00,2026-06-26 01:16:43.838+00,1,true,,,,,,,,,,,
8ce4775c-f6d9-4725-b614-6438e4a095ba,High Rollers,,https://iframe.mediadelivery.net/play/155292/a519bdd4-d2fb-4342-b8e0-b20394289317,,,https://swahiliplay.com/wp-content/uploads/2024/08/images-57-300x169.jpeg,,,,,,,2026-06-26 01:16:43.84+00,2026-06-26 01:16:43.84+00,0,true,,,,,,,,,,,
8f8c4bf7-ae67-4ccf-91fa-968ff7f4d314,Astro Boy 2,"Astro Boy ni animation inayomuhusu mtoto roboti mwenye nguvu za kipekee aliyeundwa na mwanasayansi baada ya kumpoteza mwanawe. Astro Boy hutumia uwezo wake kupambana na uhalifu, kulinda binadamu na roboti, na kuleta amani katika dunia ya teknolojia ya hali ya juu.",https://iframe.mediadelivery.net/embed/552231/3a403b7d-baba-4235-8441-b8cc94cbeda2,https://vz-efe8986b-460.b-cdn.net/3a403b7d-baba-4235-8441-b8cc94cbeda2/play_240p.mp4,,https://i.ibb.co/j9mfvsYs/Astro-boy-ver7.jpg,,,"[""Animation""]",en,"[""HD""]","[""FEDHA"",""CHUMA"",""MALKIA"",""ALMASI"",""DHAHABU""]",2026-05-21 21:20:39.51+00,2026-05-22 13:43:57.191+00,126,true,false,,0,[],,[],false,0,30,[],
8fc9e1e9-fbe1-456c-8998-54ae88df2842,Infiltrate (2026) A,"Infiltrate (2026) ni filamu ya action na thriller inayomfuata wakala wa serikali aitwaye Lily Chen. Baada ya mume wake kutekwa nyara, analazimishwa kufanya misheni hatari dhidi ya wahalifu wakubwa ili kumuokoa. Kadri anavyoingia zaidi kwenye ulimwengu wa uhalifu, anagundua mtandao mkubwa wa rushwa na kulazimika kufanya maamuzi magumu yatakayobadilisha maisha yake milele.",https://iframe.mediadelivery.net/embed/552231/e6d6a7ea-c6f1-4959-b2b5-974ba9ff2208,https://vz-efe8986b-460.b-cdn.net/e6d6a7ea-c6f1-4959-b2b5-974ba9ff2208/play_480p.mp4,,https://i.ibb.co/Y4ksWcGm/download.jpg,,,"[""Action"",""Thriller""]",en,"[""HD""]","[""FEDHA"",""CHUMA"",""DHAHABU"",""MALKIA"",""ALMASI""]",2026-05-24 14:04:36.491+00,2026-05-21 21:40:31.692+00,30,true,false,,0,[],,[],false,0,30,[],
902ae94e-9d10-4c04-828d-ad4c4b3fb94e,Dada wa UDSM,daah sio kwa ilo shimo daah,https://vz-d9bb3b5b-3a4.b-cdn.net/e9b18a32-79b2-4e36-8bf5-3f1aa8ae06dd/play_1080p.mp4,https://vz-d9bb3b5b-3a4.b-cdn.net/e9b18a32-79b2-4e36-8bf5-3f1aa8ae06dd/play_1080p.mp4,,https://i.ibb.co/LD5dxQcC/Whats-App-Image-2026-04-18-at-11-59-14-AM.webp,0,2026-05-05 00:00:00+00,[],sw,"[""HD""]",[],2026-05-05 22:16:48.845+00,2026-07-20 21:26:05.216+00,135,true,true,zilizovuja,0,[],,[],true,2000,3,[],
9048834b-c3d6-442b-968b-bb9793acbf84,Prison of war,,https://iframe.mediadelivery.net/play/155292/111dabb6-e9eb-4cfd-9bec-1965b7aae8ba,,,https://swahiliplay.com/wp-content/uploads/2024/09/images-2024-09-02T025049.811-300x169.jpeg,,,,,,,2026-06-26 01:16:43.83+00,2026-06-26 01:16:43.83+00,1,true,,,,,,,,,,,
90d67824-05c9-428d-96da-a900a2abb34b,SkipTrace,,https://iframe.mediadelivery.net/play/155292/8fefa5d0-7f83-4b44-a5bd-71f78e2b6504,,,https://swahiliplay.com/wp-content/uploads/2024/08/images-2024-08-21T095524.822-300x169.jpeg,,,,,,,2026-06-26 01:16:43.839+00,2026-06-26 01:16:43.839+00,3,true,,,,,,,,,,,
92a75c67-98cc-4013-ab69-12b52a96ebc6,Wolf Man,,https://iframe.mediadelivery.net/play/155292/58e8c811-9e3c-4a4b-bd6d-9113d64e9bdc,,,https://swahiliplay.com/wp-content/uploads/2025/08/MV5BNTg1ODk1OTMtZjY3MS00NTQ1LTljNDctODQ4NjEzZjdlZGRmXkEyXkFqcGc@._V1_FMjpg_UX1000_-300x169.jpg,,,,,,,2026-06-26 01:16:43.847+00,2026-06-26 01:16:43.847+00,4,true,,,,,,,,,,,
92ac9c96-f563-4bba-a4b2-2ab550f57c3a,Silent Zone,,https://iframe.mediadelivery.net/play/155292/a871f8a0-d513-4c88-a1ba-afd4804c7daa,,,https://swahiliplay.com/wp-content/uploads/2024/12/MV5BODY2MTAzOTQ4M15BMl5BanBnXkFtZTgwNzg5MTE0MjI@._V1_-300x169.jpg,,,,,,,2026-06-26 01:16:43.84+00,2026-06-26 01:16:43.84+00,14,true,,,,,,,,,,,
92d13cb4-b0a0-4583-9ad2-9d6bdc9400d9,The Girl in the Spiders Web,,https://iframe.mediadelivery.net/play/155292/561b1dd0-8cb4-44c0-91c8-f90dfaa848b8,,,https://swahiliplay.com/wp-content/uploads/2026/02/MV5BZTdjYWVhZDgtMDYyMy00YzkzLTgyZGYtNjA3MTM3OTVjYWI5XkEyXkFqcGc@._V1_-300x169.jpg,,,,,,,2026-06-26 01:16:43.847+00,2026-06-26 01:16:43.847+00,1,true,,,,,,,,,,,
943dbcd8-ffbf-41c7-8085-64eda765b3be,The Green Inferno,,https://iframe.mediadelivery.net/play/155292/c9169614-d456-4bc1-a22d-7d02d66d3f93,,,https://swahiliplay.com/wp-content/uploads/2026/01/images-1-183x169.jpg,,,,,,,2026-06-26 01:16:43.849+00,2026-06-26 01:16:43.849+00,3,true,,,,,,,,,,,
945b6fd1-ba57-4076-8c8c-b21bb05d1219,Baby Assasins Nice Days,,https://iframe.mediadelivery.net/play/155292/81edcb74-41a6-43fd-9dec-a9bafac4eb78,,,https://swahiliplay.com/wp-content/uploads/2024/08/images-2024-08-23T080124.406-300x169.jpeg,,,,,,,2026-06-26 01:16:43.83+00,2026-06-26 01:16:43.83+00,0,true,,,,,,,,,,,
94635f48-0ea4-42b8-bcf7-52950c138d3a,Sonic the hedgehog 3,,https://iframe.mediadelivery.net/play/155292/889c5944-7980-4305-b941-cb1eb90feb26,,,https://swahiliplay.com/wp-content/uploads/2024/08/images-2024-08-17T174911.328-300x169.jpeg,,,,,,,2026-06-26 01:16:43.87+00,2026-06-26 01:16:43.87+00,32,true,,,,,,,,,,,
94c0580c-8b49-41aa-ae46-705615ef5ec3,Holy Night: Demon Hunters,,https://iframe.mediadelivery.net/play/155292/567b4f36-16b0-4ea2-b3c0-f331da9e27ad,,,https://swahiliplay.com/wp-content/uploads/2024/12/MV5BM2QzZWI2OTctMzQyNC00OTU0LThjOTMtMTRjZDZlZjg5MTg0XkEyXkFqcGc@._V1_FMjpg_UX1000_-300x169.jpg,,,,,,,2026-06-26 01:16:43.837+00,2026-06-26 01:16:43.837+00,1,true,,,,,,,,,,,
96837c2a-b756-4d22-aecb-51185666ed85,High Five,,https://iframe.mediadelivery.net/play/155292/70eda3b5-84f7-427a-9025-c9b1bb960e61,,,https://swahiliplay.com/wp-content/uploads/2026/02/MV5BNDFjZjBhNTUtM2RlOS00YWFiLThmNDktYmMzZjk4YWYwYTg0XkEyXkFqcGc@._V1_-300x169.jpg,,,,,,,2026-06-26 01:16:43.83+00,2026-06-26 01:16:43.83+00,0,true,,,,,,,,,,,
96f86559-7a71-4c90-a338-e7e584c42668,Captain America: Brave New World,,"https://iframe.mediadelivery.net/play/155292/53727ccc-fd8f-4570-bd67-da127465bd14,https://iframe.mediadelivery.net/play/155292/e72a581c-12cb-4e03-ae93-a1ebcb7d07fa",,,https://swahiliplay.com/wp-content/uploads/2025/03/mm00278963-300x169.jpg,,,,,,,2026-06-26 01:16:43.84+00,2026-06-26 01:16:43.84+00,4,true,,,,,,,,,,,
97871490-f93e-4428-b745-b86c09be1e17,How to train a Dragon,,https://iframe.mediadelivery.net/play/155292/b3ca6713-b1d6-4647-9824-53573f1756ab,,,https://swahiliplay.com/wp-content/uploads/2024/08/Lights_Out_2024_poster-259x169.jpg,,,,,,,2026-06-26 01:16:43.837+00,2026-06-26 01:16:43.837+00,0,true,,,,,,,,,,,
988fe122-7bf0-4444-b690-a68c1e166777,Alluri,,"https://iframe.mediadelivery.net/play/155292/2600e23a-721b-4e14-85ae-28dfdde303dc,https://iframe.mediadelivery.net/play/155292/d2aea548-c16c-4e08-a97b-8ea8adf40dd6,https://iframe.mediadelivery.net/play/155292/2484259d-bac0-49c3-bd0f-d125a1104cff",,,https://swahiliplay.com/wp-content/uploads/2025/02/images-20-190x169.jpg,,,,,,,2026-06-26 01:16:43.838+00,2026-06-26 01:16:43.838+00,0,true,,,,,,,,,,,
99167113-eb20-42d9-98d8-e65232a9d275,Piglet,,https://iframe.mediadelivery.net/play/155292/95e15bdd-13eb-49a0-903d-1556a7303801,,,https://swahiliplay.com/wp-content/uploads/2024/12/MV5BNGZlN2RmM2MtODgyYS00MGJiLWE4OGEtNzJiMjlhMzVjZDc0XkEyXkFqcGc@._V1_-300x169.jpg,,,,,,,2026-06-26 01:16:43.847+00,2026-06-26 01:16:43.847+00,2,true,,,,,,,,,,,
99280149-520c-4ea6-aa40-dabd733d2818,Grand Prix of Europe,,https://iframe.mediadelivery.net/play/155292/9acaafda-35c3-44ef-9efc-188e0ab94ddf,,,https://swahiliplay.com/wp-content/uploads/MV5BOTVlYjk3MTUtZTg5NC00OGRiLWJmNDctMWJkOGQ0NTZlMmU3XkEyXkFqcGc@._V1_FMjpg_UX1000_-300x169.jpg,,,,,,,2026-06-26 01:16:43.83+00,2026-06-26 01:16:43.83+00,0,true,,,,,,,,,,,
992ec78e-b5f1-440c-ae1e-6f14d723594b,The Bayou,,https://iframe.mediadelivery.net/play/155292/975db93a-7c07-4ff4-a508-4540d73a7ed7,,,https://swahiliplay.com/wp-content/uploads/2024/08/images-2024-08-21T092153.101-300x169.jpeg,,,,,,,2026-06-26 01:16:43.843+00,2026-06-26 01:16:43.843+00,2,true,,,,,,,,,,,
994ef0aa-3722-43c5-ba28-758131db0671,The EOD Squad,,https://iframe.mediadelivery.net/play/155292/8e298852-73df-42ca-a653-774fb8f8dd6e,,,https://swahiliplay.com/wp-content/uploads/2025/05/images-188x169.jpg,,,,,,,2026-06-26 01:16:43.849+00,2026-06-26 01:16:43.849+00,5,true,,,,,,,,,,,
9be9d9ba-9317-4242-bf63-2813d216ede3,Raqa,,https://iframe.mediadelivery.net/play/155292/3bceed6d-a077-48bc-b736-4c9f2a0edba1,,,https://swahiliplay.com/wp-content/uploads/2024/08/images-39-300x169.jpeg,,,,,,,2026-06-26 01:16:43.826+00,2026-06-26 01:16:43.826+00,1,true,,,,,,,,,,,
9c04278d-5996-419b-810f-f3b510d19e12,Pusaka,,https://iframe.mediadelivery.net/play/155292/6e911db3-4067-4fb2-be08-a474b9cb5181,,,https://swahiliplay.com/wp-content/uploads/2024/07/Ooru_Peru_Bhairavakona-240x169.jpg,,,,,,,2026-06-26 01:16:43.838+00,2026-06-26 01:16:43.838+00,2,true,,,,,,,,,,,
9c66f467-341e-459e-897a-b41a5483b44a,Counter Strike,,https://iframe.mediadelivery.net/play/155292/749cf3a1-6ff3-44b3-a3ac-f47aecd88d15,,,https://swahiliplay.com/wp-content/uploads/2025/08/images-1-187x169.jpg,,,,,,,2026-06-26 01:16:43.841+00,2026-06-26 01:16:43.841+00,2,true,,,,,,,,,,,
9c7445e4-cce5-4f8f-bcf7-4dbcce336325,Speed Train,,https://iframe.mediadelivery.net/play/155292/7460d16d-5d05-4521-8dfb-1523e270ad38,,,https://swahiliplay.com/wp-content/uploads/2025/04/download-15-145x169.jpg,,,,,,,2026-06-26 01:16:43.829+00,2026-06-26 01:16:43.829+00,1,true,,,,,,,,,,,
9d2d1392-ebc0-472d-a2bc-914e7fb34373,Border Hunters,,"https://iframe.mediadelivery.net/play/155292/c46d9b92-2d54-49d8-b178-c6629564dea4,https://iframe.mediadelivery.net/play/155292/fd0bb182-3845-48e1-bfaa-be894569a6b0",,,https://swahiliplay.com/wp-content/uploads/2025/03/images-34-190x169.jpg,,,,,,,2026-06-26 01:16:43.826+00,2026-06-26 01:16:43.826+00,0,true,,,,,,,,,,,
a03a4fe7-33c5-4ed7-87a9-5b3e08075a6f,Bang,,https://iframe.mediadelivery.net/play/155292/5c44f4c6-c76b-4ac3-b9bb-1caf4e60625a,,,https://swahiliplay.com/wp-content/uploads/2024/07/MV5BMzNiYWYxNWYtZDYzMC00MzA0LTkzY2UtNDAwNDhiYmVjNmEwXkEyXkFqcGdeQXVyNDUzOTQ5MjY@._V1_-1-300x169.jpg,,,,,,,2026-06-26 01:16:43.83+00,2026-06-26 01:16:43.83+00,0,true,,,,,,,,,,,
a29634b8-7203-4997-ab45-b5d562de2fbb,Night Call,,https://iframe.mediadelivery.net/play/155292/00396550-1f98-454e-aa2d-9d7cee90be69,,,https://swahiliplay.com/wp-content/uploads/2024/07/mail-300x169.webp,,,,,,,2026-06-26 01:16:43.848+00,2026-06-26 01:16:43.848+00,11,true,,,,,,,,,,,
a2f2bb5c-6e0f-4866-9cd4-640097fbfa7b,anko t 1,,https://iframe.mediadelivery.net/play/555904/470fc588-83b7-4357-99e4-46a1d6da000e,https://vz-d9bb3b5b-3a4.b-cdn.net/470fc588-83b7-4357-99e4-46a1d6da000e/originalhttps://vz-d9bb3b5b-3a4.b-cdn.net/470fc588-83b7-4357-99e4-46a1d6da000e/original,,https://i.ibb.co/5g2yjK7Z/images.jpg,0,2026-05-05 00:00:00+00,[],sw,"[""HD""]",[],2026-05-05 22:04:54.663+00,2026-05-23 12:04:07.059+00,40,true,true,zilizovuja,0,[],,[],true,2000,3,[],
a4e1de83-d11f-4625-9c93-9bd7b8d83dfe,Sorgavaasal,,https://iframe.mediadelivery.net/play/155292/d1514c9a-26c4-4c3c-9016-e0e1dac1cf7b,,,https://swahiliplay.com/wp-content/uploads/2024/08/Lights_Out_2024_poster-259x169.jpg,,,,,,,2026-06-26 01:16:43.849+00,2026-06-26 01:16:43.849+00,3,true,,,,,,,,,,,
a4f45675-cf69-4e94-8fb1-03c79422874e,Venganza (2026),"Venganza (2026) ni filamu ya action na thriller inayomfuata Carlos Estrada, mwanajeshi wa kikosi maalum ambaye mke wake anauawa kikatili. Baada ya kupata utajiri mkubwa bila kutarajia, anatumia fedha zake kuunda timu maalum na kuanza msako mkali wa kuwatafuta waliohusika na kifo hicho. Safari yake imejaa mapambano, hatari na kutafuta haki kwa njia ya kulipiza kisasi.",https://iframe.mediadelivery.net/embed/552231/9761c7ca-ade9-4105-8f19-ef2a12c30e99,https://vz-efe8986b-460.b-cdn.net/9761c7ca-ade9-4105-8f19-ef2a12c30e99/play_480p.mp4,,https://i.ibb.co/4Zx6PX9Z/download-1.jpg,,,"[""Action"",""Thriller""]",en,"[""HD""]","[""FEDHA"",""CHUMA"",""MALKIA"",""ALMASI"",""DHAHABU""]",2026-05-24 14:05:37.619+00,2026-05-21 21:44:01.549+00,119,true,false,,0,[],,[],false,0,30,[],
a6212b5f-21a8-4c4a-a0e9-aa157631a8bb,The Partisan,,https://iframe.mediadelivery.net/play/155292/7009a5a6-2df1-4283-b82d-fab3f81a6535,,,https://swahiliplay.com/wp-content/uploads/2025/03/MV5BZjQ3NDM4YmQtMDU0Zi00N2RiLWIzYzQtNmU1ZTMyODIzYzgxXkEyXkFqcGc@._V1_FMjpg_UX1000_-300x169.jpg,,,,,,,2026-06-26 01:16:43.83+00,2026-06-26 01:16:43.83+00,0,true,,,,,,,,,,,
a72c29d0-bc45-49e1-bd08-bc3a716474a5,Battle of the wolf,,https://iframe.mediadelivery.net/play/155292/61b7e1b4-13b0-4842-8341-4c01a8752931,,,https://swahiliplay.com/wp-content/uploads/2025/05/MV5BM2YwY2U1ZmYtNjI1Yy00MDY2LTk1MzMtYmVjMDU2OWQzOThkXkEyXkFqcGc@._V1_-300x169.jpg,,,,,,,2026-06-26 01:16:43.83+00,2026-06-26 01:16:43.83+00,0,true,,,,,,,,,,,
a7a96774-e8d7-4d02-af52-573a9baf4a86,Absolution,,https://iframe.mediadelivery.net/play/155292/52b82ede-1bce-4788-a8ef-52f5cbe0e4e8,,,https://swahiliplay.com/wp-content/uploads/2024/08/images-94-300x169.jpeg,,,,,,,2026-06-26 01:16:43.843+00,2026-06-26 01:16:43.843+00,4,true,,,,,,,,,,,
a7d38bd2-d70e-4d76-a8e8-66aa24078dd9,Zootopia 2,,https://iframe.mediadelivery.net/play/155292/afdebdfd-ad76-4a6d-a0bc-ce088408cb33,,,https://swahiliplay.com/wp-content/uploads/2025/08/MV5BODA5Y2M0NjctNWQzMy00ODRhLWE0MzUtYmE1YTAzZjYyYmQyXkEyXkFqcGc@._V1_FMjpg_UX1000_-300x169.jpg,,,,,,,2026-06-26 01:16:43.87+00,2026-06-26 01:16:43.87+00,26,true,,,,,,,,,,,
a85bb418-49ee-4987-a937-71209fb625de,Elio,,https://iframe.mediadelivery.net/play/155292/36fdecd1-938a-4de0-9eef-7f778015c137,,,https://swahiliplay.com/wp-content/uploads/2025/10/REPU-00092_KPOP_DemonHunters_CollectionPage-Banner-02Mobile-1-300x169.webp,,,,,,,2026-06-26 01:16:43.87+00,2026-06-26 01:16:43.87+00,16,true,,,,,,,,,,,
a943e643-dcfc-4f37-b004-898aa0b9c883,The Prosecutor,,"https://iframe.mediadelivery.net/play/155292/162e7590-0b46-4d4e-a5cc-5bc2b4cecdec,https://iframe.mediadelivery.net/play/155292/bc745449-e0ac-4cd0-84a0-34c233aa0bff",,,https://swahiliplay.com/wp-content/uploads/2025/10/MV5BMjBhN2Y5NmMtODZjYy00ZDQxLTg2OTYtOTBhYTU4MTA1OTUyXkEyXkFqcGc@._V1_-300x169.jpg,,,,,,,2026-06-26 01:16:43.847+00,2026-06-26 01:16:43.847+00,7,true,,,,,,,,,,,
a9fa71f0-d654-42f4-948e-9c2cb329dccc,We Belong Together,,https://iframe.mediadelivery.net/play/155292/50bd51be-c713-4514-a8c1-8f42e3c08698,,,https://swahiliplay.com/wp-content/uploads/2025/01/MV5BYzFmZDQwOGUtZjc0ZC00MTMzLWIwZjYtZTBkOWE0NmNhZTBmXkEyXkFqcGc@._V1_-300x169.jpg,,,,,,,2026-06-26 01:16:43.848+00,2026-06-26 01:16:43.848+00,6,true,,,,,,,,,,,
af5c071f-7165-4fa8-94b0-92496291060d,The Fix,,https://iframe.mediadelivery.net/play/155292/92c24591-ea43-4fdb-ba00-6a9b0543cd59,,,https://swahiliplay.com/wp-content/uploads/2024/07/Dhoom_3_Film_Poster-237x169.jpg,,,,,,,2026-06-26 01:16:43.849+00,2026-06-26 01:16:43.849+00,5,true,,,,,,,,,,,
AisUdV4LxYNgDGxBPxW7,ENAI SADUM,"**Enai Sudum Pani** (2025) ni filamu ya Kitamil yenye **vitendo vya uhalifu** na **mapenzi** ('action-romance thriller').

Hadithi inamfuata **Adithya** (mfano wa jina), **mpiga picha** aliye na maisha ya kawaida, ambaye anajikuta katika **safari ya hatari** anapokutana na msichana **Maya**. Maya anafuatiliwa na **kundi la uhalifu** lenye nguvu, likiongozwa na **bosi katili** na **mfanyabiashara wa dawa za kulevya**.

Adithya, kwa upendo, anaanza **kumlinda Maya**, huku akigundua kuwa **Maya** ana **siri kubwa** inayohusisha **fedha chafu** na **ushahidi wa uhalifu**. Anabadilika kutoka **mpiga picha** wa kawaida hadi **mtu wa vitendo** ambaye lazima **apigane** na genge zima la wahalifu. Filamu inaonyesha **mapigano makali**, **mifuatano ya magari** (car chases), na **hisia kali** huku wakijaribu **kutoroka** kutoka kwenye **mkono wa sheria** na **majeshi ya uhalifu**.",https://iframe.mediadelivery.net/play/554297/b041fa2c-46fc-4188-9a83-79c3b7464775,https://vz-12176983-62c.b-cdn.net/b041fa2c-46fc-4188-9a83-79c3b7464775/ORIGINAL,,https://vz-12176983-62c.b-cdn.net/b041fa2c-46fc-4188-9a83-79c3b7464775/thumbnail_be5b4e14.jpg,120,2025-12-07 00:00:00+00,"[""Action""]",en,"[""HD""]","[""FEDHA"",""CHUMA"",""DHAHABU"",""MALKIA"",""ALMASI""]",2024-01-01 00:00:00+00,,42,true,false,,0,[]," Ram Sevaa",[],false,,30,[],
aKdgziBeVld9d7G7KDoo,Lights Out,"Lights Out ni filamu ya kutisha kuhusu kiumbe hatari kinachojitokeza pale mwanga unapozimika. Familia inalazimika kupambana na hofu, kulinda maisha yao na kufichua siri ya nguvu za giza zinazodhibiti kiumbe huyo. Kadri mwanga unavyopotea, ndivyo hatari inavyoongezeka na kila sekunde kuwa vita ya kuishi.
",https://iframe.mediadelivery.net/play/552231/2ddc8331-0ac9-4e0d-b3ba-43df1e5b161f,https://vz-efe8986b-460.b-cdn.net/2ddc8331-0ac9-4e0d-b3ba-43df1e5b161f/play_360p.mp4,,https://blogger.googleusercontent.com/img/b/R29vZ2xl/AVvXsEiAZXGk1EPTx6kbA8RTiAJ9Oq4HnJ6n9_01E-d5krP9KkkMmX-dUVJmPl4_GN3crPqC9rydoujNAxzVWxfGobzhTpaJZumCCQDnYDywd5PNQgB7JJgmhf5g9XKxr8jwJjROh8DTAMyt3lnXfAvKeAt8qbhGR7dxjlA7YJOUASeN_QcEeDT8vFUPQcSAjLs/s270/download%20(2).jpeg,60,2025-12-07 00:00:00+00,"[""Action"",""Horror"",""Thriller""]",en,"[""HD""]","[""FEDHA"",""CHUMA"",""DHAHABU"",""MALKIA"",""ALMASI""]",2024-01-01 00:00:00+00,,80,true,false,,0,[]," Christian Sesma",[],false,,30,[],
b06334e6-0e38-4a68-ac01-b3a32ced0cfa,Apex (2026)A,"Apex (2026) ni filamu ya kusisimua (survival thriller) inayomfuata Sasha, mwanamke anayehangaika na majonzi baada ya kumpoteza mpenzi wake. Anapoenda peke yake kwenye pori la Australia kutafuta utulivu, anakutana na mtu hatari anayemuanza kumwinda. Safari yake hugeuka kuwa mapambano makali ya kuokoa maisha dhidi ya adui mkatili na mazingira magumu.",https://iframe.mediadelivery.net/embed/552231/feaf8e21-66b6-415e-8c50-e414bc729dca,https://vz-efe8986b-460.b-cdn.net/feaf8e21-66b6-415e-8c50-e414bc729dca/play_720p.mp4,,https://i.ibb.co/M5PGpz0t/Apex-poster.jpg,,,"[""Action"",""Thriller""]",en,"[""HD""]","[""FEDHA"",""CHUMA"",""MALKIA"",""ALMASI"",""DHAHABU""]",2026-05-24 14:06:41.111+00,2026-05-21 21:34:43.632+00,102,true,false,,0,[],,[],false,0,30,[],
b1735fee-fc54-4e56-b1b2-c1b408cb9be1,Vanangaan,,"https://iframe.mediadelivery.net/play/155292/e8fd7f0d-b384-4449-8b7b-291322b7097e,https://iframe.mediadelivery.net/play/155292/a517b220-cbfe-11ef-a259-4b3c6d26f4a9",,,https://swahiliplay.com/wp-content/uploads/2024/11/images-2024-11-17T184602.785-300x169.jpeg,,,,,,,2026-06-26 01:16:43.847+00,2026-06-26 01:16:43.847+00,0,true,,,,,,,,,,,
b1db5b9c-8e9d-4d79-8904-7e917222b745,Anaconda,,https://iframe.mediadelivery.net/play/155292/609c464b-a98a-468a-9af1-71f2213dc611,,,https://swahiliplay.com/wp-content/uploads/2024/08/MV5BYTA0YTgxNWUtYjllOS00MWNhLTk3MTQtYjQ1N2RmNTZjYzI2XkEyXkFqcGdeQXVyMTQ3Mzk2MDg4._V1_FMjpg_UX1000_-300x169.jpg,,,,,,,2026-06-26 01:16:43.826+00,2026-06-26 01:16:43.826+00,2,true,,,,,,,,,,,
b4610794-d0eb-4d16-94e0-bb6def64e2f8,Invincible Swordsman,,https://iframe.mediadelivery.net/play/155292/4bec01b2-c551-4b5c-baf1-32ac620f4bcc,,,https://swahiliplay.com/wp-content/uploads/2025/02/images-1-1-194x169.jpg,,,,,,,2026-06-26 01:16:43.83+00,2026-06-26 01:16:43.83+00,1,true,,,,,,,,,,,
b48ffaae-a282-48b3-9139-4d7376e5f77b,Mermaid,,"https://iframe.mediadelivery.net/play/155292/5dc8641b-24cc-4a3e-9d52-d20cfbbffa8b,https://iframe.mediadelivery.net/play/155292/fd0bb182-3845-48e1-bfaa-be894569a6b0",,,https://swahiliplay.com/wp-content/uploads/2024/08/images-2024-08-23T090735.169-300x169.jpeg,,,,,,,2026-06-26 01:16:43.839+00,2026-06-26 01:16:43.839+00,3,true,,,,,,,,,,,
b51f31c3-2dbb-40a2-9e51-4a1c5c1606d4,Speak No Evil,,"https://iframe.mediadelivery.net/play/155292/87a0da9c-8e9d-4f8d-bae9-7adbd9567e7e,https://iframe.mediadelivery.net/play/155292/92ddaf23-2abc-4f2f-82bc-573550fdcbd5,https://iframe.mediadelivery.net/play/155292/5bf5afb3-b950-412c-96ba-01d64ab35b68",,,https://swahiliplay.com/wp-content/uploads/2025/06/MV5BODk2ZTY5NWMtNzBkNy00NGE3LTk4NzMtNjU5N2UzMWVlMWI1XkEyXkFqcGc@._V1_FMjpg_UX1000_-300x169.jpg,,,,,,,2026-06-26 01:16:43.848+00,2026-06-26 01:16:43.848+00,10,true,,,,,,,,,,,
b54d84af-dd53-44e0-bfbf-7fa32509350d,Infiltrate (2026),"Infiltrate (2026) ni filamu ya action na thriller inayomfuata wakala wa serikali aitwaye Lily Chen. Baada ya mume wake kutekwa nyara, analazimishwa kufanya misheni hatari dhidi ya wahalifu wakubwa ili kumuokoa. Kadri anavyoingia zaidi kwenye ulimwengu wa uhalifu, anagundua mtandao mkubwa wa rushwa na kulazimika kufanya maamuzi magumu yatakayobadilisha maisha yake milele.",https://iframe.mediadelivery.net/embed/552231/d4b8dad8-0a47-4ced-abb2-a5d38c0d32b0,https://vz-efe8986b-460.b-cdn.net/d4b8dad8-0a47-4ced-abb2-a5d38c0d32b0/play_480p.mp4,,https://i.ibb.co/Y4ksWcGm/download.jpg,,,"[""Action"",""Thriller""]",en,"[""HD""]","[""FEDHA"",""ALMASI"",""MALKIA"",""CHUMA"",""DHAHABU""]",2026-07-29 18:21:08.1+00,2026-05-21 21:39:07.062+00,1408,true,false,,0,[],,[],false,0,30,[],
b577a059-ba3a-4af6-9d50-a31bc2c43bf4,Babys Day Out,,https://iframe.mediadelivery.net/play/155292/5005f41a-f97b-438c-ad96-ff1c33f9f734,,,https://swahiliplay.com/wp-content/uploads/2024/08/MV5BMDI1ZTc1MDAtYWY3Mi00OWM5LWFkZTUtMWM1Yjc1ZjFiOWYzXkEyXkFqcGdeQXVyMTUzMTg2ODkz._V1_FMjpg_UX1000_-300x169.jpg,,,,,,,2026-06-26 01:16:43.85+00,2026-06-26 01:16:43.85+00,6,true,,,,,,,,,,,
b59ce84a-effc-4171-afaa-20b02f508b69,Dangerous Animals,,"https://iframe.mediadelivery.net/play/155292/775b631f-367b-4be8-8ca3-ac7abfb3038d,https://iframe.mediadelivery.net/play/155292/ba65a501-b1da-4dca-acad-5202a798c971",,,https://swahiliplay.com/wp-content/uploads/2025/06/MV5BM2VhZmM1ZmUtZGJlYi00YjlhLWIwOGQtOWQxZDMwOTMyNDRiXkEyXkFqcGc@._V1_-300x169.jpg,,,,,,,2026-06-26 01:16:43.832+00,2026-06-26 01:16:43.832+00,1,true,,,,,,,,,,,
b6b5a456-155c-4d71-aae7-3e68f2d3b73b,#Alive,,"https://iframe.mediadelivery.net/play/155292/b4b25bf3-3371-4390-aadd-67deccca16bc,https://iframe.mediadelivery.net/play/155292/e72a581c-12cb-4e03-ae93-a1ebcb7d07fa",,,https://swahiliplay.com/wp-content/uploads/2025/03/e72a581c-12cb-4e03-ae93-a1ebcb7d07fa.sized-1000x1000-1-300x169.jpg,,,,,,,2026-06-26 01:16:43.84+00,2026-06-26 01:16:43.84+00,10,true,,,,,,,,,,,
b8f5cc5c-3dee-482d-9891-a9a882cfbacc,Blood Brothers Bara Naga,,https://iframe.mediadelivery.net/play/155292/962ee7ac-3a58-4506-bc93-90073e7c773f,,,https://swahiliplay.com/wp-content/uploads/2025/04/g20-movie-poster-md-300x169.webp,,,,,,,2026-06-26 01:16:43.832+00,2026-06-26 01:16:43.832+00,0,true,,,,,,,,,,,
bb059c87-a815-4024-a29d-08a22c9aa4af,Ziam,,https://iframe.mediadelivery.net/play/155292/0ae6e30c-97c1-407c-94b7-b324f08dd19d,,,https://swahiliplay.com/wp-content/uploads/2025/12/MV5BZTIzNmQzYzUtNTdlNi00NmY5LThmNTYtMGFmZjUxMTgzOGNmXkEyXkFqcGc@._V1_FMjpg_UX1000_-300x169.jpg,,,,,,,2026-06-26 01:16:43.837+00,2026-06-26 01:16:43.837+00,0,true,,,,,,,,,,,
bb6bad8f-c3a4-420b-a7ec-62427b7d12f5,Beast of War,,https://iframe.mediadelivery.net/play/155292/bfbbd6ad-924a-468c-b6ac-5730891b5da4,,,https://swahiliplay.com/wp-content/uploads/2025/08/MV5BYzFhNmFjM2QtZGQzOC00OGEwLWE5NzAtNGRmZDdmODg0ZDQ2XkEyXkFqcGc@._V1_-1-300x169.jpg,,,,,,,2026-06-26 01:16:43.83+00,2026-06-26 01:16:43.83+00,1,true,,,,,,,,,,,
bc977b7f-8a1e-43b6-802a-839fedc31c97,Shadow Side,,https://iframe.mediadelivery.net/play/155292/4f1da865-c71d-4f9c-8e86-b705937fcb6b,,,https://swahiliplay.com/wp-content/uploads/2024/08/images-2024-08-21T134540.265-300x169.jpeg,,,,,,,2026-06-26 01:16:43.83+00,2026-06-26 01:16:43.83+00,0,true,,,,,,,,,,,
be1c01fb-0ad2-41b9-a805-58576ce121b3,The PickUp,,https://iframe.mediadelivery.net/play/155292/04656195-b38d-4dbf-bcb2-c1bfdd7d9908,,,https://swahiliplay.com/wp-content/uploads/2025/03/MV5BNTE4MTU1OTktNDJlNy00YjdiLWEwYzktZGY1NGExZDE0MmM2XkEyXkFqcGc@._V1_FMjpg_UX1000_-300x169.jpg,,,,,,,2026-06-26 01:16:43.832+00,2026-06-26 01:16:43.832+00,4,true,,,,,,,,,,,
be6a2270-019f-49d0-9af2-01dbcf6a782d,Death of a Unicorn,,https://iframe.mediadelivery.net/play/155292/3abeb3d9-7269-4040-a38e-d91f080820be,,,https://swahiliplay.com/wp-content/uploads/2025/01/MV5BMDQ0NGE3ZTYtN2NiYy00MGQ0LTllYWEtNjZhMjBjNjEzZjAxXkEyXkFqcGc@._V1_FMjpg_UX1000_-300x169.jpg,,,,,,,2026-06-26 01:16:43.838+00,2026-06-26 01:16:43.838+00,3,true,,,,,,,,,,,
BURVt0a5sVcgGw46vrka,"bonge la dada ",connection bomba,https://iframe.mediadelivery.net/play/555904/6c8131be-fa6d-4634-b95d-ad0a8d15117b,https://vz-d9bb3b5b-3a4.b-cdn.net/6c8131be-fa6d-4634-b95d-ad0a8d15117b/original,,https://blogger.googleusercontent.com/img/b/R29vZ2xl/AVvXsEgMS2VX3KfsW11CYlhIY2zGhzKtpmLIJ3ayIfrQzJ4sPSvhp2UyHESdZPggamQgbx1UTFX1KJctWulmjkF9DFHNlbvvBRgVOxkWMm18i8awW0R-TPpV_QHPWNdu2dr5pMyY-kbN517eNxI1mgdsDFoJ5M3g9PSD9PPC8qdiRqqLyhSGEIEpQ8AraNeZGyY/s250/download.jpeg,0,2026-05-02 00:00:00+00,[],sw,"[""HD""]",[],2026-05-02 08:50:47.806+00,2026-05-23 12:20:41.812+00,82,true,true,zilizovuja,0,[],,[],true,2000,3,[],
c07d6962-31d1-43cd-8cf3-be1eb50fc7fc,Kill Bill,,https://iframe.mediadelivery.net/play/155292/93c31bff-947b-43b9-9ff6-48669a7d1bea,,,https://swahiliplay.com/wp-content/uploads/2024/08/images-2024-08-24T152221.799-300x169.jpeg,,,,,,,2026-06-26 01:16:43.848+00,2026-06-26 01:16:43.848+00,3,true,,,,,,,,,,,
c1f8543e-a964-4174-9ca9-a5a3c9d8987b,Affinity,,"https://iframe.mediadelivery.net/play/155292/7735279f-692f-456f-8a91-cf8145ed905a,https://iframe.mediadelivery.net/play/155292/fd0bb182-3845-48e1-bfaa-be894569a6b0",,,https://swahiliplay.com/wp-content/uploads/2024/08/images-2024-08-21T124005.001-300x169.jpeg,,,,,,,2026-06-26 01:16:43.83+00,2026-06-26 01:16:43.83+00,0,true,,,,,,,,,,,
c206080f-8493-4a4c-999d-4a901a7996a0,Striking Rescue,,https://iframe.mediadelivery.net/play/155292/e082fa5b-a00d-43eb-ad0c-3ca98444b53c,,,https://swahiliplay.com/wp-content/uploads/2025/10/images-190x169.jpg,,,,,,,2026-06-26 01:16:43.85+00,2026-06-26 01:16:43.85+00,11,true,,,,,,,,,,,
c3235efe-5888-4385-af51-075ef8ba0d65,Desert Dawn,,https://iframe.mediadelivery.net/play/155292/3d47bfc4-1620-40fd-86ea-1f86bce8bb6f,,,https://swahiliplay.com/wp-content/uploads/2024/09/images-2024-09-10T090018.867-300x169.jpeg,,,,,,,2026-06-26 01:16:43.838+00,2026-06-26 01:16:43.838+00,0,true,,,,,,,,,,,
c4d9b1d3-a330-46b9-aba8-1a62844304bb,The Unholy Trinity,,https://iframe.mediadelivery.net/play/155292/f34c9f0e-83e0-4a9b-a030-35caabde61cb,,,https://swahiliplay.com/wp-content/uploads/2024/08/images-2024-08-18T180654.856-300x169.jpeg,,,,,,,2026-06-26 01:16:43.837+00,2026-06-26 01:16:43.837+00,2,true,,,,,,,,,,,
c511afab-f272-4784-8f56-3a097fc838e9,Bogota: City of the Lost,,https://iframe.mediadelivery.net/play/155292/fddce79b-98aa-42a4-b493-7e83241d64d1,,,https://swahiliplay.com/wp-content/uploads/2024/09/Gods_of_Egypt_poster-254x169.jpg,,,,,,,2026-06-26 01:16:43.847+00,2026-06-26 01:16:43.847+00,11,true,,,,,,,,,,,
c7785504-bb60-45d4-a6ff-e34e4fdd8786,Tee Yai Born To Bad,,"https://iframe.mediadelivery.net/play/155292/c7aa3bed-1ac8-403c-ad1e-ab8156ecceac,https://iframe.mediadelivery.net/play/155292/e72a581c-12cb-4e03-ae93-a1ebcb7d07fa",,,https://swahiliplay.com/wp-content/uploads/2024/10/MV5BMTg0ODQ1OTI0Nl5BMl5BanBnXkFtZTcwNDg1NzQ0MQ@@._V1_-300x169.jpg,,,,,,,2026-06-26 01:16:43.83+00,2026-06-26 01:16:43.83+00,0,true,,,,,,,,,,,
c8ba1846-7e42-417f-87cf-5c60b6253b9e,binti wa south,,https://iframe.mediadelivery.net/play/555904/f37cb16a-eb35-4d08-ba63-f2569fd1ba9c,https://vz-d9bb3b5b-3a4.b-cdn.net/f37cb16a-eb35-4d08-ba63-f2569fd1ba9c/play_360p.mp4,,https://i.ibb.co/yzv6CMT/bg-2.webp,0,2026-05-05 00:00:00+00,[],sw,"[""HD""]",[],2026-05-05 22:13:30.309+00,2026-05-23 12:03:17.215+00,33,true,true,zilizovuja,0,[],,[],true,2000,3,[],
cb3e1fc0-ec13-4635-b5b7-e5bed7fc390d,Longlegs,,https://iframe.mediadelivery.net/play/155292/eecce242-05de-4936-baa3-bcb1476b4756,,,https://swahiliplay.com/wp-content/uploads/2024/08/MV5BMDI1ZTc1MDAtYWY3Mi00OWM5LWFkZTUtMWM1Yjc1ZjFiOWYzXkEyXkFqcGdeQXVyMTUzMTg2ODkz._V1_FMjpg_UX1000_-300x169.jpg,,,,,,,2026-06-26 01:16:43.837+00,2026-06-26 01:16:43.837+00,0,true,,,,,,,,,,,
cb59fc5c-81bf-4a6f-a0c2-b3eafdeb449e,Customs Frontline,,https://iframe.mediadelivery.net/play/155292/0a0a8acb-a0b1-446f-88d4-1ca7424b74fe,,,https://swahiliplay.com/wp-content/uploads/2024/12/MV5BNGZlN2RmM2MtODgyYS00MGJiLWE4OGEtNzJiMjlhMzVjZDc0XkEyXkFqcGc@._V1_-300x169.jpg,,,,,,,2026-06-26 01:16:43.848+00,2026-06-26 01:16:43.848+00,2,true,,,,,,,,,,,
cc0553d7-7728-4f86-8ee2-1f0d98162120,Operation Blood Hunt,,https://iframe.mediadelivery.net/play/155292/3506ca24-fffb-41cb-aaab-50a76b69950e,,,https://swahiliplay.com/wp-content/uploads/2024/08/images-44-300x169.jpeg,,,,,,,2026-06-26 01:16:43.84+00,2026-06-26 01:16:43.84+00,0,true,,,,,,,,,,,
cce67a7a-9630-4fe7-8956-7e44b197961e,Art oof Eight Limbs,,https://iframe.mediadelivery.net/play/155292/21639efe-a5a9-4342-9c88-7b5435a693f1,,,https://swahiliplay.com/wp-content/uploads/2025/02/MV5BNDI0NTk5NDktMmIyZi00YThkLTlmMWYtNjUwZDZiOGU2NGRhXkEyXkFqcGc@._V1_FMjpg_UX1000_-300x169.jpg,,,,,,,2026-06-26 01:16:43.85+00,2026-06-26 01:16:43.85+00,6,true,,,,,,,,,,,
ce1b9ee0-e37a-4d07-84aa-4c5e3637ea94,Alangu,,https://iframe.mediadelivery.net/play/155292/fe0bc41e-9d0d-498d-9876-243089d663fc,,,https://swahiliplay.com/wp-content/uploads/images-2024-10-17T191608.111-300x169.jpeg,,,,,,,2026-06-26 01:16:43.847+00,2026-06-26 01:16:43.847+00,1,true,,,,,,,,,,,
cf93c024-9096-4bce-b83b-62d63bf324cd,WAR MACHINE 2026,"War Machine (2026) ni filamu ya action na science fiction inayowafuata wanajeshi wanaopitia mafunzo makali ya kikosi maalum. Wakati wa zoezi lao la mwisho, wanakutana na mashine ya ajabu kutoka nje ya dunia inayowawinda mmoja baada ya mwingine. Wanajeshi hao hulazimika kutumia ujasiri, akili na mafunzo yao kuishi katika vita hatari dhidi ya adui mwenye teknolojia ya hali ya juu",https://iframe.mediadelivery.net/embed/552231/586a552f-96ca-4e63-9fd2-d118a753935b,https://vz-efe8986b-460.b-cdn.net/586a552f-96ca-4e63-9fd2-d118a753935b/play_360p.mp4,,https://i.ibb.co/9k88d4cd/War-Machine-poster.jpg,,,"[""Action"",""Sci-Fi""]",en,"[""HD""]","[""FEDHA"",""CHUMA"",""DHAHABU"",""MALKIA"",""ALMASI""]",2026-05-24 14:03:49.639+00,2026-05-21 21:46:10.93+00,245,true,false,,0,[],,[],false,0,30,[],
cf9737b1-ff7d-4016-a675-c7ee5ae52750,Clear Cut,,https://iframe.mediadelivery.net/play/155292/2aa67b04-95f9-48ad-a9fa-ae1702a76f6d,,,https://swahiliplay.com/wp-content/uploads/2025/02/MV5BNGE3ZjBjZWQtYjI1NS00YjBjLTkzMmMtNzFlODQ3NTliMTU1XkEyXkFqcGc@._V1_FMjpg_UX1000_-300x169.jpg,,,,,,,2026-06-26 01:16:43.848+00,2026-06-26 01:16:43.848+00,0,true,,,,,,,,,,,
cfa538d0-bd62-460f-8bd2-bb4082121420,Car Jackers,,"https://iframe.mediadelivery.net/play/155292/17a6c16d-5bbe-40c4-8a6d-f985901ccbd9,https://iframe.mediadelivery.net/play/155292/ba65a501-b1da-4dca-acad-5202a798c971",,,https://swahiliplay.com/wp-content/uploads/2025/01/images-3-189x169.jpg,,,,,,,2026-06-26 01:16:43.84+00,2026-06-26 01:16:43.84+00,7,true,,,,,,,,,,,
ch_movie_10,Dayo,Mcheza dansi wa klabu anaacha kila kitu na kuanza maisha mapya mahali ambapo hakuna anayemfahamu. Lakini inaonekana tamaa na vishawishi vinamfuata kila mahali anapoenda.,https://iframe.mediadelivery.net/play/285538/7b8a1b88-b6c6-413a-8dd3-b5668cdce9ff,https://vz-6aac71b9-360.b-cdn.net/7b8a1b88-b6c6-413a-8dd3-b5668cdce9ff/play_360p.mp4,,https://m.media-amazon.com/images/M/MV5BNjJlN2Q2ZWUtYThmNC00Mzk0LTkzNDYtYzg5NTc3YzI1YTRmXkEyXkFqcGc@._V1_FMjpg_UX1000_.jpg,112,2026-07-30 22:26:31.921833+00,"[""Drama"",""Adult""]",sw,"[""HD""]",[],,,3,true,true,movies-ngono,0,[],,[],true,2000,3,[],"<div style=""position:relative;padding-top:56.25%;""><iframe src=""https://iframe.mediadelivery.net/embed/285538/7b8a1b88-b6c6-413a-8dd3-b5668cdce9ff?autoplay=false&loop=false&muted=false&preload=true&responsive=true"" loading=""lazy"" style=""border:0;position:absolute;top:0;height:100%;width:100%;"" allow=""accelerometer;gyroscope;autoplay;encrypted-media;picture-in-picture;"" allowfullscreen=""true""></iframe></div>"
ch_movie_11,Desire,"Lucía na Ofelia, dada wawili, hatimaye wanakutana tena baada ya miaka 7 kwenye harusi ya Lucía. Lakini Juan, mume wa Lucía, na Ofelia wanapokutana, wanahisi kana kwamba ndoto ya kuvuruga imevamia akili na miili yao.",https://iframe.mediadelivery.net/play/285538/079c3484-f906-44f4-a2e6-af764a4074ad,https://vz-6aac71b9-360.b-cdn.net/079c3484-f906-44f4-a2e6-af764a4074ad/play_360p.mp4,,https://images.justwatch.com/poster/251791206/s718/desire-2017.jpg,84,2026-07-30 22:26:31.921833+00,"[""Comedy"",""Drama"",""Romance"",""Thriller""]",sw,"[""HD""]",[],,,2,true,true,movies-ngono,0,[],,[],true,2000,3,[],"<div style=""position:relative;padding-top:56.25%;""><iframe src=""https://iframe.mediadelivery.net/embed/285538/079c3484-f906-44f4-a2e6-af764a4074ad?autoplay=false&loop=false&muted=false&preload=true&responsive=true"" loading=""lazy"" style=""border:0;position:absolute;top:0;height:100%;width:100%;"" allow=""accelerometer;gyroscope;autoplay;encrypted-media;picture-in-picture;"" allowfullscreen=""true""></iframe></div>"
ch_movie_12,Nude with Guns,"Mtawa wa kike aliyeachwa akidhaniwa amekufa na kulazimishwa kuingia kwenye ukahaba anaingia kwenye safari ya kulipiza kisasi yenye mauti, akijiona anatenda kazi ya Mungu kwa kuwaadhibu wenye dhambi katika vita yake binafsi ya haki.",https://iframe.mediadelivery.net/play/285538/ba7bb33a-1df4-40c6-bc1b-c94ca1d30d30,https://vz-6aac71b9-360.b-cdn.net/ba7bb33a-1df4-40c6-bc1b-c94ca1d30d30/play_360p.mp4,,https://m.media-amazon.com/images/M/MV5BMjEyNzMzMTUzNl5BMl5BanBnXkFtZTcwMTUyNDMyNA@@._V1_.jpg,0,2026-07-30 22:26:31.921833+00,"[""Action"",""Comedy"",""Thriller"",""Nudes""]",sw,"[""HD""]",[],,,1,true,true,movies-ngono,0,[],,[],true,2000,3,[],"<div style=""position:relative;padding-top:56.25%;""><iframe src=""https://iframe.mediadelivery.net/embed/285538/ba7bb33a-1df4-40c6-bc1b-c94ca1d30d30?autoplay=false&loop=false&muted=false&preload=true&responsive=true"" loading=""lazy"" style=""border:0;position:absolute;top:0;height:100%;width:100%;"" allow=""accelerometer;gyroscope;autoplay;encrypted-media;picture-in-picture;"" allowfullscreen=""true""></iframe></div>"
ch_movie_13,Polar,Sex,https://iframe.mediadelivery.net/play/285538/2b6a1d11-84a8-43e8-b966-4ba4df9e0d0a,https://vz-6aac71b9-360.b-cdn.net/2b6a1d11-84a8-43e8-b966-4ba4df9e0d0a/play_360p.mp4,,https://www.tvguide.com/a/img/resize/7a7a8675713338635e2067c3414ae8ced596acbe/catalog/provider/2/13/2-53002de021e8a786dd4954c2f5bc17dc.jpg?auto=webp&fit=crop&height=300&width=200,117,2026-07-30 22:26:31.921833+00,"[""Sex""]",sw,"[""HD""]",[],,,16,true,true,movies-ngono,0,[],,[],true,2000,3,[],"<div style=""position:relative;padding-top:56.25%;""><iframe src=""https://iframe.mediadelivery.net/embed/285538/2b6a1d11-84a8-43e8-b966-4ba4df9e0d0a?autoplay=false&loop=false&muted=false&preload=true&responsive=true"" loading=""lazy"" style=""border:0;position:absolute;top:0;height:100%;width:100%;"" allow=""accelerometer;gyroscope;autoplay;encrypted-media;picture-in-picture;"" allowfullscreen=""true""></iframe></div>"
ch_movie_14,Sex Fury,"Wakati wa enzi ya Meiji, mcheza kamari aitwaye Ochô analipiza kisasi dhidi ya viongozi watatu waliomuua baba yake, anamficha mwanamapinduzi anayesakwa na mamlaka, na anakutana na mwanamke mrembo lakini hatari kutoka Uingereza.",https://iframe.mediadelivery.net/play/285538/92a87437-0333-4432-8d19-31d75a5198d3,https://vz-6aac71b9-360.b-cdn.net/92a87437-0333-4432-8d19-31d75a5198d3/play_360p.mp4,,https://m.media-amazon.com/images/M/MV5BYTA0MGJhNjMtMDQ2MC00NDBlLWJiYTAtMTYwNmM3Njc5NWI5XkEyXkFqcGc@._V1_.jpg,89,2026-07-30 22:26:31.921833+00,"[""Japanese"",""action"",""crime"",""drama"",""thriller""]",sw,"[""HD""]",[],,,8,true,true,movies-ngono,0,[],,[],true,2000,3,[],"<div style=""position:relative;padding-top:56.25%;""><iframe src=""https://iframe.mediadelivery.net/embed/285538/92a87437-0333-4432-8d19-31d75a5198d3?autoplay=false&loop=false&muted=false&preload=true&responsive=true"" loading=""lazy"" style=""border:0;position:absolute;top:0;height:100%;width:100%;"" allow=""accelerometer;gyroscope;autoplay;encrypted-media;picture-in-picture;"" allowfullscreen=""true""></iframe></div>"
ch_movie_15,Boy Bastos,"Felix ni kijana mwenye tamaa nyingi ambaye anakutana na mwanamke mwenye mvuto mkubwa atakayeishi nyumbani kwake na kumfundisha masuala ya mapenzi na mahusiano.
",https://iframe.mediadelivery.net/play/285538/43224686-6a5a-43ac-a846-6caea94b43a7,https://vz-6aac71b9-360.b-cdn.net/43224686-6a5a-43ac-a846-6caea94b43a7/play_360p.mp4,,https://m.media-amazon.com/images/M/MV5BMDI3OGJlOWUtNDhhZS00MjRiLTkyYWQtN2Q5ODAyZGNmYjJmXkEyXkFqcGc@._V1_FMjpg_UX1000_.jpg,108,2026-07-30 22:26:31.921833+00,"[""Filipino"",""Comedy"",""Slapstick""]",sw,"[""HD""]",[],,,1,true,true,movies-ngono,0,[],,[],true,2000,3,[],"<div style=""position:relative;padding-top:56.25%;""><iframe src=""https://iframe.mediadelivery.net/embed/285538/43224686-6a5a-43ac-a846-6caea94b43a7?autoplay=false&loop=false&muted=false&preload=true&responsive=true"" loading=""lazy"" style=""border:0;position:absolute;top:0;height:100%;width:100%;"" allow=""accelerometer;gyroscope;autoplay;encrypted-media;picture-in-picture;"" allowfullscreen=""true""></iframe></div>"
ch_movie_16,Sisid Marino,"Wanandoa walioko kwenye ndoa wanaingia kwenye huzuni kubwa baada ya kifo cha mtoto wao. Wanageukia ngono kama njia ya kukabiliana na maumivu yao, lakini umasikini unaanza kuwaathiri vibaya.
",https://iframe.mediadelivery.net/play/285538/b090c307-9864-4d04-ab6c-403c39a49ade,https://vz-6aac71b9-360.b-cdn.net/b090c307-9864-4d04-ab6c-403c39a49ade/play_360p.mp4,,https://m.media-amazon.com/images/M/MV5BOGZjOGMwZGYtYTJlNy00OTQzLTkwZGMtMTEwMDdkMjQ4MmEzXkEyXkFqcGc@._V1_FMjpg_UX1000_.jpg,90,2026-07-30 22:26:31.921833+00,"[""Drama""]",sw,"[""HD""]",[],,,4,true,true,movies-ngono,0,[],,[],true,2000,3,[],"<div style=""position:relative;padding-top:56.25%;""><iframe src=""https://iframe.mediadelivery.net/embed/285538/b090c307-9864-4d04-ab6c-403c39a49ade?autoplay=false&loop=false&muted=false&preload=true&responsive=true"" loading=""lazy"" style=""border:0;position:absolute;top:0;height:100%;width:100%;"" allow=""accelerometer;gyroscope;autoplay;encrypted-media;picture-in-picture;"" allowfullscreen=""true""></iframe></div>"
ch_movie_17,Top 1,"Azi na Dex wote wanapigania kuwa mwanafunzi bora wa darasa lao, lakini Dex huwa nyuma ya Azi kila mara. Kisha Dex anapanga kumfanya Azi ampende ili apoteze umakini wake, lakini mpango wake unageuka kuwa upanga wenye makali kuwili.
",https://iframe.mediadelivery.net/play/285538/2b11ac6f-84e3-4614-9add-2cc4e6536687,https://vz-6aac71b9-360.b-cdn.net/2b11ac6f-84e3-4614-9add-2cc4e6536687/play_360p.mp4,,https://images.plex.tv/photo?size=large-1280&url=https%3A%2F%2Fimage.tmdb.org%2Ft%2Fp%2Foriginal%2FaD3ObNzCfNH5WHXzmJXkXA7MRPP.jpg,98,2026-07-30 22:26:31.921833+00,"[""Drama""]",sw,"[""HD""]",[],,,7,true,true,movies-ngono,0,[],,[],true,2000,3,[],"<div style=""position:relative;padding-top:56.25%;""><iframe src=""https://iframe.mediadelivery.net/embed/285538/2b11ac6f-84e3-4614-9add-2cc4e6536687?autoplay=false&loop=false&muted=false&preload=true&responsive=true"" loading=""lazy"" style=""border:0;position:absolute;top:0;height:100%;width:100%;"" allow=""accelerometer;gyroscope;autoplay;encrypted-media;picture-in-picture;"" allowfullscreen=""true""></iframe></div>"
ch_movie_18,Panibugho,"Hadithi kuhusu dada watatu na mwanaume mmoja. Imewekwa mwishoni mwa miaka ya 90, ambapo simulizi ya mapenzi, chuki na wivu inaanza kujitokeza baada ya mgeni kuingia ghafla katika maisha ya dada hao watatu.
",https://iframe.mediadelivery.net/play/285538/45a8f3c4-011a-4a9c-bb0e-cf45f0c1a46b,https://vz-6aac71b9-360.b-cdn.net/45a8f3c4-011a-4a9c-bb0e-cf45f0c1a46b/play_360p.mp4,,https://m.media-amazon.com/images/M/MV5BZWQ2YmZmZWEtMDVhNC00N2QyLWI1ZmQtM2M1YzhhMGVmMWE4XkEyXkFqcGc@._V1_.jpg,107,2026-07-30 22:26:31.921833+00,"[""Drama""]",sw,"[""HD""]",[],,,0,true,true,movies-ngono,0,[],,[],true,2000,3,[],"<div style=""position:relative;padding-top:56.25%;""><iframe src=""https://iframe.mediadelivery.net/embed/285538/45a8f3c4-011a-4a9c-bb0e-cf45f0c1a46b?autoplay=false&loop=false&muted=false&preload=true&responsive=true"" loading=""lazy"" style=""border:0;position:absolute;top:0;height:100%;width:100%;"" allow=""accelerometer;gyroscope;autoplay;encrypted-media;picture-in-picture;"" allowfullscreen=""true""></iframe></div>"
ch_movie_19,Breath Again,Mahusiano ya miaka saba ya wanandoa yanawekwa kwenye mtihani wanapojikuta wakivutiwa kutimiza tamaa zao za ndani kabisa za kimapenzi.,https://iframe.mediadelivery.net/play/285538/c1d79fc7-c97a-4899-bef9-f0c0278ba314,https://vz-6aac71b9-360.b-cdn.net/c1d79fc7-c97a-4899-bef9-f0c0278ba314/play_360p.mp4,,https://m.media-amazon.com/images/M/MV5BMWY3NTIwNWMtYTVhYy00YmE0LWJmMTQtNWVlZDViNTUwMjhlXkEyXkFqcGc@._V1_.jpg,95,2026-07-30 22:26:31.921833+00,"[""Drama""]",sw,"[""HD""]",[],,,0,true,true,movies-ngono,0,[],,[],true,2000,3,[],"<div style=""position:relative;padding-top:56.25%;""><iframe src=""https://iframe.mediadelivery.net/embed/285538/c1d79fc7-c97a-4899-bef9-f0c0278ba314?autoplay=false&loop=false&muted=false&preload=true&responsive=true"" loading=""lazy"" style=""border:0;position:absolute;top:0;height:100%;width:100%;"" allow=""accelerometer;gyroscope;autoplay;encrypted-media;picture-in-picture;"" allowfullscreen=""true""></iframe></div>"
ch_movie_20,TL,"Brenda, wakala bora katika kampuni ya BPO, huwa anapuuzwa kila mara linapokuja suala la kupandishwa cheo. Lakini safari hii ni tofauti, kwani anakuwa karibu sana kimapenzi na kiongozi wake wa timu. Je, nafasi aliyokuwa akiisubiri kwa muda mrefu sasa iko karibu? Au amejiingiza tu kwenye hali mbaya zaidi?",https://iframe.mediadelivery.net/play/285538/3187d541-4cb8-4b1e-a31d-5f8a9839a6b8,https://vz-6aac71b9-360.b-cdn.net/3187d541-4cb8-4b1e-a31d-5f8a9839a6b8/play_360p.mp4,,https://m.media-amazon.com/images/M/MV5BNTg1MDlkMTYtNGVmNC00YzViLWIyYTQtODQwZDc2ZDY0YWEwXkEyXkFqcGc@._V1_.jpg,45,2026-07-30 22:26:31.921833+00,"[""Drama""]",sw,"[""HD""]",[],,,9,true,true,movies-ngono,0,[],,[],true,2000,3,[],"<div style=""position:relative;padding-top:56.25%;""><iframe src=""https://iframe.mediadelivery.net/embed/285538/3187d541-4cb8-4b1e-a31d-5f8a9839a6b8?autoplay=false&loop=false&muted=false&preload=true&responsive=true"" loading=""lazy"" style=""border:0;position:absolute;top:0;height:100%;width:100%;"" allow=""accelerometer;gyroscope;autoplay;encrypted-media;picture-in-picture;"" allowfullscreen=""true""></iframe></div>"
ch_movie_21,Selina''s Gold,"Baba wa Selina anamuuza Tiago ambaye anamfanya kuwa mtumwa wa ngono. Kwa msaada wa Domeng, mtumwa kipofu wa Tiago, Selina anapanga njia ya kutoroka katika kuzimu hii
",https://iframe.mediadelivery.net/play/285538/0296cc09-8023-4f4c-825b-8019c907526b,https://vz-6aac71b9-360.b-cdn.net/0296cc09-8023-4f4c-825b-8019c907526b/play_360p.mp4,,https://m.media-amazon.com/images/M/MV5BY2EyMTgwZTItZWQzOS00NWU5LTk5ZDItYTEyMzhjNzUzYzJhXkEyXkFqcGc@._V1_.jpg,112,2026-07-30 22:26:31.921833+00,"[""Drama""]",sw,"[""HD""]",[],,,1,true,true,movies-ngono,0,[],,[],true,2000,3,[],"<div style=""position:relative;padding-top:56.25%;""><iframe src=""https://iframe.mediadelivery.net/embed/285538/0296cc09-8023-4f4c-825b-8019c907526b?autoplay=false&loop=false&muted=false&preload=true&responsive=true"" loading=""lazy"" style=""border:0;position:absolute;top:0;height:100%;width:100%;"" allow=""accelerometer;gyroscope;autoplay;encrypted-media;picture-in-picture;"" allowfullscreen=""true""></iframe></div>"
ch_movie_22,Check In,"Wapokezi wawili katika moteli ya bei nafuu. Utaratibu wao wa utulivu huongezeka na kuwasili kwa mgeni wa kawaida wa ajabu ambaye anaanza kuzua mvutano, hamu na migogoro katika uhusiano wao dhaifu.",https://iframe.mediadelivery.net/play/285538/ad2cbd5b-89e6-48c6-8a1f-23e1691d9ecb,https://vz-6aac71b9-360.b-cdn.net/ad2cbd5b-89e6-48c6-8a1f-23e1691d9ecb/play_480p.mp4,,https://m.media-amazon.com/images/M/MV5BZTc4N2ExYmQtYzVlOC00ZjRjLTk2NWEtZjkxMzRlZjI0YzIzXkEyXkFqcGc@._V1_.jpg,70,2026-07-30 22:26:31.921833+00,"[""adult"",""filipino"",""drama""]",sw,"[""HD""]",[],,,2,true,true,movies-ngono,0,[],,[],true,2000,3,[],"<div style=""position:relative;padding-top:56.25%;""><iframe src=""https://iframe.mediadelivery.net/embed/285538/ad2cbd5b-89e6-48c6-8a1f-23e1691d9ecb?autoplay=false&loop=false&muted=false&preload=true&responsive=true"" loading=""lazy"" style=""border:0;position:absolute;top:0;height:100%;width:100%;"" allow=""accelerometer;gyroscope;autoplay;encrypted-media;picture-in-picture;fullscreen;"" allowfullscreen=""true""></iframe></div>"
ch_movie_23,Sulutan,"Mara anapogundua usaliti wa bwana harusi wake, anamweleza Lena, rafiki mpya. Uhusiano wao unaongezeka katika tamaa, wakihatarisha kazi zao na kuharibu maisha na matokeo hatari.",https://iframe.mediadelivery.net/play/285538/ebf4ad1d-4a04-4a83-abf0-9cfe7e62f788,https://vz-6aac71b9-360.b-cdn.net/ebf4ad1d-4a04-4a83-abf0-9cfe7e62f788/play_360p.mp4,,https://image.tmdb.org/t/p/w500/kd11696ab32WhHUeq5ZkWi9k09Y.jpg,69,2026-07-30 22:26:31.921833+00,"[""drama"",""adult""]",sw,"[""HD""]",[],,,0,true,true,movies-ngono,0,[],,[],true,2000,3,[],"<div style=""position:relative;padding-top:56.25%;""><iframe src=""https://iframe.mediadelivery.net/embed/285538/ebf4ad1d-4a04-4a83-abf0-9cfe7e62f788?autoplay=false&loop=false&muted=false&preload=true&responsive=true"" loading=""lazy"" style=""border:0;position:absolute;top:0;height:100%;width:100%;"" allow=""accelerometer;gyroscope;autoplay;encrypted-media;picture-in-picture;fullscreen;"" allowfullscreen=""true""></iframe></div>"
ch_movie_7,Fatale,"Baada ya usiku mmoja na mwanamke, mwanaume mmoja aliyefanikiwa na aliyeoa anajikuta ameingizwa katika uchunguzi mpya wa upelelezi wa polisi mwerevu.",https://iframe.mediadelivery.net/play/285538/9124f8cf-5fed-474e-a95f-979759f8da17,https://vz-6aac71b9-360.b-cdn.net/9124f8cf-5fed-474e-a95f-979759f8da17/play_360p.mp4,,https://m.media-amazon.com/images/M/MV5BYTQ4OTQyMGYtODc0Yy00MzcwLTkzOWQtNjNmNDIxN2QxODk4XkEyXkFqcGc@._V1_.jpg,104,2026-07-30 22:26:31.921833+00,"[""Drama"",""Mystery"",""Romance"",""Thriller""]",sw,"[""HD""]",[],,,0,true,true,movies-ngono,0,[],,[],true,2000,3,[],"<div style=""position:relative;padding-top:56.25%;""><iframe src=""https://iframe.mediadelivery.net/embed/285538/9124f8cf-5fed-474e-a95f-979759f8da17?autoplay=false&loop=false&muted=false&preload=true&responsive=true"" loading=""lazy"" style=""border:0;position:absolute;top:0;height:100%;width:100%;"" allow=""accelerometer;gyroscope;autoplay;encrypted-media;picture-in-picture;"" allowfullscreen=""true""></iframe></div>"
ch_movie_8,Knock Knock,"Mume na baba mwenye upendo anawasaidia wasichana wawili vijana waliokwama baada ya kubisha hodi mlangoni kwake, lakini wema wake unageuka kuwa kishawishi hatari na mchezo wa paka na panya wenye matokeo mabaya.",https://iframe.mediadelivery.net/play/285538/9f42ef4a-6450-4bf3-8d2a-91cec265fab9,https://vz-6aac71b9-360.b-cdn.net/9f42ef4a-6450-4bf3-8d2a-91cec265fab9/play_360p.mp4,,https://m.media-amazon.com/images/M/MV5BMzc4YmQ5ODktZmY3Zi00NzE4LWEzMzUtOWI4NzNiODAyYjk0XkEyXkFqcGc@._V1_.jpg,101,2026-07-30 22:26:31.921833+00,"[""Erotic"",""Crime"",""Thriller""]",sw,"[""HD""]",[],,,0,true,true,movies-ngono,0,[],,[],true,2000,3,[],"<div style=""position:relative;padding-top:56.25%;""><iframe src=""https://iframe.mediadelivery.net/embed/285538/9f42ef4a-6450-4bf3-8d2a-91cec265fab9?autoplay=false&loop=false&muted=false&preload=true&responsive=true"" loading=""lazy"" style=""border:0;position:absolute;top:0;height:100%;width:100%;"" allow=""accelerometer;gyroscope;autoplay;encrypted-media;picture-in-picture;"" allowfullscreen=""true""></iframe></div>"
ch_movie_9,Cheaters,"Wageni wawili wasiofahamiana wanakutana na kujikuta wakiwa na mvuto mkubwa wa kimapenzi kati yao, lakini baadaye wanagundua kuwa wote wawili tayari wako kwenye mahusiano na watu wengine. Je, wanawezaje kudumisha uhusiano ulioanza kwa ngono na usaliti?",https://iframe.mediadelivery.net/play/285538/984c6adb-7d22-40cc-8450-c52524457a71,https://vz-6aac71b9-360.b-cdn.net/984c6adb-7d22-40cc-8450-c52524457a71/play_360p.mp4,,"https://m.media-amazon.com/images/M/MV5BYTE0ZDc3ZmQtMzc2MS00MGY4LWJjNTQtMmNlOGU3NzI1ZmEyXkEyXkFqcGc@._V1_QL75_UX190_CR0,2,190,281_.jpg",55,2026-07-30 22:26:31.921833+00,"[""Drama"",""Adult""]",sw,"[""HD""]",[],,,3,true,true,movies-ngono,0,[],,[],true,2000,3,[],"<div style=""position:relative;padding-top:56.25%;""><iframe src=""https://iframe.mediadelivery.net/embed/285538/984c6adb-7d22-40cc-8450-c52524457a71?autoplay=false&loop=false&muted=false&preload=true&responsive=true"" loading=""lazy"" style=""border:0;position:absolute;top:0;height:100%;width:100%;"" allow=""accelerometer;gyroscope;autoplay;encrypted-media;picture-in-picture;"" allowfullscreen=""true""></iframe></div>"
ch_series_10,365 Days,"Massimo ni mwanachama wa familia ya Mafia ya Sicilian, na Laura ni mkurugenzi wa mauzo. Haamini kwamba wakati wa safari yake Sicily ili kujaribu kuokoa uhusiano wake, Massimo atamteketeza na kumpa siku 365 za kumpenda.
 • Vipindi: 2",https://iframe.mediadelivery.net/play/285538/07b823ba-b177-432b-90bb-a08175261c16,https://vz-6aac71b9-360.b-cdn.net/07b823ba-b177-432b-90bb-a08175261c16/play_360p.mp4,,https://m.media-amazon.com/images/M/MV5BMTg5N2U4ZTItMjc2NC00NDg2LWIzODYtOWZmNzY5Yzc5MzUxXkEyXkFqcGc@._V1_.jpg,2,2026-07-30 22:31:37.670672+00,"[""Drama"",""Romance""]",sw,"[""HD""]",[],,,5,true,true,movies-ngono,0,[],,[],true,2000,3,[],
ch_series_5,Happy,Mwanafunzi wa Chuo anafanya kazi ya Massage ili kupata pesa ya kuendesha Maisha Yake • Vipindi: 7,https://iframe.mediadelivery.net/play/285538/788356c6-f20c-4f98-81f8-db6e3bedf741,https://vz-6aac71b9-360.b-cdn.net/788356c6-f20c-4f98-81f8-db6e3bedf741/play_360p.mp4,,https://m.media-amazon.com/images/M/MV5BMjNhODA5MjMtZWVmNy00ZGJmLWE4NDEtNTUwNmM3OGQ1N2NhXkEyXkFqcGc@._V1_.jpg,7,2026-07-30 22:31:37.670672+00,"[""Drama"",""Adult""]",sw,"[""HD""]",[],,,2,true,true,movies-ngono,0,[],,[],true,2000,3,[],
ch_series_6,White Girls,"Huenda usijue, lakini hata wasichana weupe wana matatizo pia. Tazama, jifunze, na uone huruma.
 • Vipindi: 6",https://iframe.mediadelivery.net/play/285538/4bb594cf-7c6e-40ed-a727-6b694a58f311,https://vz-6aac71b9-360.b-cdn.net/4bb594cf-7c6e-40ed-a727-6b694a58f311/play_360p.mp4,,https://m.media-amazon.com/images/M/MV5BMTU5NTc0NTI2M15BMl5BanBnXkFtZTcwMTUxNjUyOQ@@._V1_.jpg,6,2026-07-30 22:31:37.670672+00,"[""Adult""]",sw,"[""HD""]",[],,,1,true,true,movies-ngono,0,[],,[],true,2000,3,[],
ch_series_7,Private Resort,"Watu wanafurahia Maisha Beach, Nikula kunywa na Kusex • Vipindi: 4",https://iframe.mediadelivery.net/play/285538/3fca28b9-e40a-4b07-b89c-05741d734618,https://vz-6aac71b9-360.b-cdn.net/3fca28b9-e40a-4b07-b89c-05741d734618/play_360p.mp4,,https://images.moviesanywhere.com/6ef1a958dd8ce1955c3cc6c1e44a7c69/984506e5-d36a-44fd-b970-477b5e42793d.jpg,4,2026-07-30 22:31:37.670672+00,"[""Adult""]",sw,"[""HD""]",[],,,1,true,true,movies-ngono,0,[],,[],true,2000,3,[],
ch_series_8,Graphic Sex,Sex Rated • Vipindi: 8,https://iframe.mediadelivery.net/play/285538/1a377ff7-8c31-452c-8535-fceb79b06675,https://vz-6aac71b9-360.b-cdn.net/1a377ff7-8c31-452c-8535-fceb79b06675/play_360p.mp4,,https://bandsaboutmovies.com/wp-content/uploads/2022/09/0-2-1.jpeg,8,2026-07-30 22:31:37.670672+00,[],sw,"[""HD""]",[],,,5,true,true,movies-ngono,0,[],,[],true,2000,3,[],
ch_series_9,illicit Desire,"Mfanyakazi wa ofisini anaanza kuwa na hisia kali za kumtamani bosi wake, hali ambayo baadaye inageuka na kuwa hatari isiyoweza kudhibitiwa.
 • Vipindi: 6",https://iframe.mediadelivery.net/play/285538/43203685-63a8-4171-97c8-3bc44eb58352,https://vz-6aac71b9-360.b-cdn.net/43203685-63a8-4171-97c8-3bc44eb58352/play_360p.mp4,,https://m.media-amazon.com/images/M/MV5BOTUxMTEzMzQtOGJmYy00NTc4LWEwMzgtN2Y5MmZkMDExODA1XkEyXkFqcGc@._V1_.jpg,6,2026-07-30 22:31:37.670672+00,"[""Erotic"",""Thriller"",""Adult""]",sw,"[""HD""]",[],,,2,true,true,movies-ngono,0,[],,[],true,2000,3,[],
ch_video_10,Style ya Kusimama,Style ya kutomba huku wote mmesimama,https://iframe.mediadelivery.net/play/285538/9b94a2f7-cdbf-48a2-a542-a0556f52d012,https://vz-6aac71b9-360.b-cdn.net/9b94a2f7-cdbf-48a2-a542-a0556f52d012/play_480p.mp4,,https://flikwildlkiktotpgqxx.supabase.co/storage/v1/object/public/thumbnails/ch_video_10.jpg,,2026-03-31 00:00:00+00,[],sw,"[""HD""]",[],2026-03-31 00:00:00+00,2026-07-30 22:41:12.089801+00,6,true,true,ngono,0,[],,[],true,2000,3,[],
ch_video_11,Mrembo anajipimia,Demu anaikatikia mbolo balaa,https://iframe.mediadelivery.net/play/285538/71710272-86c2-43ab-90b7-c74f409abe3c,https://vz-6aac71b9-360.b-cdn.net/71710272-86c2-43ab-90b7-c74f409abe3c/play_720p.mp4,,https://flikwildlkiktotpgqxx.supabase.co/storage/v1/object/public/thumbnails/ch_video_11.jpg,,2026-03-31 00:00:00+00,[],sw,"[""HD""]",[],2026-03-31 00:00:00+00,2026-07-30 22:41:12.089801+00,9,true,true,ngono,0,[],,[],true,2000,3,[],
ch_video_12,Mtoto modo atobwa na Kunyonya Mboo,Mrembo anakamiwa balaa,https://iframe.mediadelivery.net/play/285538/e9a0e6e5-7617-47c5-be58-3b73912205da,https://vz-6aac71b9-360.b-cdn.net/e9a0e6e5-7617-47c5-be58-3b73912205da/play_480p.mp4,,https://flikwildlkiktotpgqxx.supabase.co/storage/v1/object/public/thumbnails/ch_video_12.jpg,,2026-03-31 00:00:00+00,[],sw,"[""HD""]",[],2026-03-31 00:00:00+00,2026-07-30 22:41:12.089801+00,6,true,true,ngono,0,[],,[],true,2000,3,[],
ch_video_13,Mtoto mzuri hana doa Atobwa,pisi nzuri ya tobwa hadi jamaa kumwaga,https://iframe.mediadelivery.net/play/285538/7bd91718-4d1b-4474-80ec-13d7fb9d5715,https://vz-6aac71b9-360.b-cdn.net/7bd91718-4d1b-4474-80ec-13d7fb9d5715/play_360p.mp4,,https://flikwildlkiktotpgqxx.supabase.co/storage/v1/object/public/thumbnails/ch_video_13.webp,,2026-03-31 00:00:00+00,[],sw,"[""HD""]",[],2026-03-31 00:00:00+00,2026-07-30 22:41:12.089801+00,12,true,true,ngono,0,[],,[],true,2000,3,[],
ch_video_14,Mwanamke ananyonya Mboo,Jamaa ananyonywa mboo huku anatomba matiti,https://iframe.mediadelivery.net/play/285538/43567076-5e60-4048-b251-67abe3f6d92c,https://vz-6aac71b9-360.b-cdn.net/43567076-5e60-4048-b251-67abe3f6d92c/play_720p.mp4,,https://flikwildlkiktotpgqxx.supabase.co/storage/v1/object/public/thumbnails/ch_video_14.jpg,,2026-03-31 00:00:00+00,[],sw,"[""HD""]",[],2026-03-31 00:00:00+00,2026-07-30 22:41:12.089801+00,3,true,true,ngono,0,[],,[],true,2000,3,[],
ch_video_15,Video ya Kufirana,mwanamke mwenye tatoo ya butterfly afilwa,https://iframe.mediadelivery.net/play/285538/e36b560d-aa75-4826-b1d6-83821aa9c718,https://vz-6aac71b9-360.b-cdn.net/e36b560d-aa75-4826-b1d6-83821aa9c718/play_720p.mp4,,https://flikwildlkiktotpgqxx.supabase.co/storage/v1/object/public/thumbnails/ch_video_15.jpg,,2026-03-31 00:00:00+00,[],sw,"[""HD""]",[],2026-03-31 00:00:00+00,2026-07-30 22:41:12.089801+00,4,true,true,ngono,0,[],,[],true,2000,3,[],
ch_video_16,Demu mwenye matako makubwa,Jamaa kajitombea demu mwenye mataka makubwa,https://iframe.mediadelivery.net/play/285538/aaf26ca6-eafa-4ff8-b45f-aed514f01f36,https://vz-6aac71b9-360.b-cdn.net/aaf26ca6-eafa-4ff8-b45f-aed514f01f36/play_360p.mp4,,https://flikwildlkiktotpgqxx.supabase.co/storage/v1/object/public/thumbnails/ch_video_16.webp,,2026-03-31 00:00:00+00,[],sw,"[""HD""]",[],2026-03-31 00:00:00+00,2026-07-30 22:41:12.089801+00,10,true,true,ngono,0,[],,[],true,2000,3,[],
ch_video_17,Wanawake wakisagana,Warembo watatu wanasagana threesome,https://iframe.mediadelivery.net/play/285538/85227889-3bcb-4e93-ac02-dd98a54db860,https://vz-6aac71b9-360.b-cdn.net/85227889-3bcb-4e93-ac02-dd98a54db860/play_480p.mp4,,https://flikwildlkiktotpgqxx.supabase.co/storage/v1/object/public/thumbnails/ch_video_17.webp,,2026-03-31 00:00:00+00,[],sw,"[""HD""]",[],2026-03-31 00:00:00+00,2026-07-30 22:41:12.089801+00,14,true,true,ngono,0,[],,[],true,2000,3,[],
ch_video_18,Matako Makubwa Mazuri,Jamaa anajilia mali safi,https://iframe.mediadelivery.net/play/285538/fb9aa287-12b2-4ad5-86a9-d2dd395e359d,https://vz-6aac71b9-360.b-cdn.net/fb9aa287-12b2-4ad5-86a9-d2dd395e359d/play_720p.mp4,,https://flikwildlkiktotpgqxx.supabase.co/storage/v1/object/public/thumbnails/ch_video_18.jpg,,2026-03-31 00:00:00+00,[],sw,"[""HD""]",[],2026-03-31 00:00:00+00,2026-07-30 22:41:12.089801+00,5,true,true,ngono,0,[],,[],true,2000,3,[],
ch_video_19,Mtoto mtamu huyu,Jamaa anajienjoia zigo,https://iframe.mediadelivery.net/play/285538/2d9d0051-c45d-4f59-a234-4b23c3778ab2,https://vz-6aac71b9-360.b-cdn.net/2d9d0051-c45d-4f59-a234-4b23c3778ab2/play_360p.mp4,,https://flikwildlkiktotpgqxx.supabase.co/storage/v1/object/public/thumbnails/ch_video_19.jpg,,2026-03-31 00:00:00+00,[],sw,"[""HD""]",[],2026-03-31 00:00:00+00,2026-07-30 22:41:12.089801+00,11,true,true,ngono,0,[],,[],true,2000,3,[],
ch_video_20,Huyu mrembo anakatika balaa,mrembo anajua kuikatikia,https://iframe.mediadelivery.net/play/285538/cbb84b76-41fd-438a-bdb0-73ad3051096c,https://vz-6aac71b9-360.b-cdn.net/cbb84b76-41fd-438a-bdb0-73ad3051096c/play_360p.mp4,,https://flikwildlkiktotpgqxx.supabase.co/storage/v1/object/public/thumbnails/ch_video_20.webp,,2026-03-31 00:00:00+00,[],sw,"[""HD""]",[],2026-03-31 00:00:00+00,2026-07-30 22:41:12.089801+00,7,true,true,ngono,0,[],,[],true,2000,3,[],
ch_video_21,Mbolo kubwa inazama matakoni,jamaa anasimika mbolo kwenye mali safi,https://iframe.mediadelivery.net/play/285538/413f620a-552e-4792-b694-8906653addd3,https://vz-6aac71b9-360.b-cdn.net/413f620a-552e-4792-b694-8906653addd3/play_360p.mp4,,https://flikwildlkiktotpgqxx.supabase.co/storage/v1/object/public/thumbnails/ch_video_21.jpg,,2026-03-31 00:00:00+00,[],sw,"[""HD""]",[],2026-03-31 00:00:00+00,2026-07-30 22:41:12.089801+00,13,true,true,ngono,0,[],,[],true,2000,3,[],
ch_video_22,Wadada wawili jamaa mmoja,threesome ya kibabe,https://iframe.mediadelivery.net/play/285538/796820fa-44cc-4604-9fdb-c8cb50b732ce,https://vz-6aac71b9-360.b-cdn.net/796820fa-44cc-4604-9fdb-c8cb50b732ce/play_360p.mp4,,https://flikwildlkiktotpgqxx.supabase.co/storage/v1/object/public/thumbnails/ch_video_22.webp,,2026-03-31 00:00:00+00,[],sw,"[""HD""]",[],2026-03-31 00:00:00+00,2026-07-30 22:41:12.089801+00,10,true,true,ngono,0,[],,[],true,2000,3,[],
ch_video_23,Petra Baby Kusagana,connection ya petra babe ya kusagana,https://iframe.mediadelivery.net/play/285538/39afc047-d1c9-46aa-9b51-5fff107b60a6,https://vz-6aac71b9-360.b-cdn.net/39afc047-d1c9-46aa-9b51-5fff107b60a6/play_360p.mp4,,https://flikwildlkiktotpgqxx.supabase.co/storage/v1/object/public/thumbnails/ch_video_23.jpg,,2026-03-31 00:00:00+00,[],sw,"[""HD""]",[],2026-03-31 00:00:00+00,2026-07-30 22:41:12.089801+00,5,true,true,ngono,0,[],,[],true,2000,3,[],
ch_video_24,Mrs Energy,connection inayosadikika kua ya mrs energy,https://iframe.mediadelivery.net/play/285538/cad5c346-f878-44fe-ab26-26e4a18a1850,https://vz-6aac71b9-360.b-cdn.net/cad5c346-f878-44fe-ab26-26e4a18a1850/play_360p.mp4,,https://flikwildlkiktotpgqxx.supabase.co/storage/v1/object/public/thumbnails/ch_video_24.jpg,,2026-03-31 00:00:00+00,[],sw,"[""HD""]",[],2026-03-31 00:00:00+00,2026-07-30 22:41:12.089801+00,4,true,true,ngono,0,[],,[],true,2000,3,[],
ch_video_25,Bonge la Dada,Inayosadikika kua Bonge la dada Connection,https://iframe.mediadelivery.net/play/285538/07c96ad4-5d59-4d6c-897e-fc0eab81ae20,https://vz-6aac71b9-360.b-cdn.net/07c96ad4-5d59-4d6c-897e-fc0eab81ae20/play_720p.mp4,,https://flikwildlkiktotpgqxx.supabase.co/storage/v1/object/public/thumbnails/ch_video_25.jpg,,2026-03-31 00:00:00+00,[],sw,"[""HD""]",[],2026-03-31 00:00:00+00,2026-07-30 22:41:12.089801+00,4,true,true,ngono,0,[],,[],true,2000,3,[],
ch_video_26,Anko T,Inayosadikika kua Anko T connection,https://iframe.mediadelivery.net/play/285538/7eeff872-8763-4fdd-8e46-029598d6cf8a,https://vz-6aac71b9-360.b-cdn.net/7eeff872-8763-4fdd-8e46-029598d6cf8a/play_360p.mp4,,https://flikwildlkiktotpgqxx.supabase.co/storage/v1/object/public/thumbnails/ch_video_26.jpg,,2026-03-31 00:00:00+00,[],sw,"[""HD""]",[],2026-03-31 00:00:00+00,2026-07-30 22:41:12.089801+00,6,true,true,ngono,0,[],,[],true,2000,3,[],
ch_video_27,Dogo alie mla mwalimu wake,Dogo wa miaka 19 aliyemla mwalimu wake wa miaka 33,https://iframe.mediadelivery.net/play/285538/f7543df4-c5c5-4229-b767-be0d641f3452,https://vz-6aac71b9-360.b-cdn.net/f7543df4-c5c5-4229-b767-be0d641f3452/play_480p.mp4,,https://flikwildlkiktotpgqxx.supabase.co/storage/v1/object/public/thumbnails/ch_video_27.webp,,2026-03-31 00:00:00+00,[],sw,"[""HD""]",[],2026-03-31 00:00:00+00,2026-07-30 22:41:12.089801+00,3,true,true,ngono,0,[],,[],true,2000,3,[],
ch_video_28,Wadada walio Sagana 01,wadada wakisagana kwa dildo,https://iframe.mediadelivery.net/play/285538/6664b478-ff89-4bb5-80e6-855838eab3b1,https://vz-6aac71b9-360.b-cdn.net/6664b478-ff89-4bb5-80e6-855838eab3b1/play_360p.mp4,,https://flikwildlkiktotpgqxx.supabase.co/storage/v1/object/public/thumbnails/ch_video_28.jpg,,2026-03-31 00:00:00+00,[],sw,"[""HD""]",[],2026-03-31 00:00:00+00,2026-07-30 22:41:12.089801+00,4,true,true,ngono,0,[],,[],true,2000,3,[],
ch_video_29,Wadada walio Sagana 02,wadada wakisagana kwa dildo,https://iframe.mediadelivery.net/play/285538/7d55ab74-19e9-45cf-a7ee-d8f68f12a540,https://vz-6aac71b9-360.b-cdn.net/7d55ab74-19e9-45cf-a7ee-d8f68f12a540/play_360p.mp4,,https://flikwildlkiktotpgqxx.supabase.co/storage/v1/object/public/thumbnails/ch_video_29.jpg,,2026-03-31 00:00:00+00,[],sw,"[""HD""]",[],2026-03-31 00:00:00+00,2026-07-30 22:41:12.089801+00,2,true,true,ngono,0,[],,[],true,2000,3,[],
ch_video_30,Mtoto wa Mchungaji 01,connection ya mtoto wa mchungaji,https://iframe.mediadelivery.net/play/285538/f179db45-13c0-4a6a-8776-8c616f00727c,https://vz-6aac71b9-360.b-cdn.net/f179db45-13c0-4a6a-8776-8c616f00727c/play_360p.mp4,,https://flikwildlkiktotpgqxx.supabase.co/storage/v1/object/public/thumbnails/ch_video_30.jpg,,2026-03-31 00:00:00+00,[],sw,"[""HD""]",[],2026-03-31 00:00:00+00,2026-07-30 22:41:12.089801+00,7,true,true,ngono,0,[],,[],true,2000,3,[],
ch_video_31,Mtoto wa Mchungaji 02,connection ya mtoto wa mchungaji,https://iframe.mediadelivery.net/play/285538/7bb88edb-a0c1-40bc-b4b8-6b3b2d58058f,https://vz-6aac71b9-360.b-cdn.net/7bb88edb-a0c1-40bc-b4b8-6b3b2d58058f/play_360p.mp4,,https://flikwildlkiktotpgqxx.supabase.co/storage/v1/object/public/thumbnails/ch_video_31.jpg,,2026-03-31 00:00:00+00,[],sw,"[""HD""]",[],2026-03-31 00:00:00+00,2026-07-30 22:41:12.089801+00,6,true,true,ngono,0,[],,[],true,2000,3,[],
ch_video_32,Mwanachuo wa IFM babe nataka mtoto,But babe you said you were sleeping,https://iframe.mediadelivery.net/play/285538/713b29aa-f2d1-4165-baa7-9a86c6b0a6a2,https://vz-6aac71b9-360.b-cdn.net/713b29aa-f2d1-4165-baa7-9a86c6b0a6a2/play_360p.mp4,,https://flikwildlkiktotpgqxx.supabase.co/storage/v1/object/public/thumbnails/ch_video_32.jpg,,2026-03-31 00:00:00+00,[],sw,"[""HD""]",[],2026-03-31 00:00:00+00,2026-07-30 22:41:12.089801+00,9,true,true,ngono,0,[],,[],true,2000,3,[],
ch_video_33,Mwanachuo wa NIT,connection ya Mwanachuo wa NIT,https://iframe.mediadelivery.net/play/285538/e163e488-ea76-41c3-9eea-151bd279f700,https://vz-6aac71b9-360.b-cdn.net/e163e488-ea76-41c3-9eea-151bd279f700/play_360p.mp4,,https://flikwildlkiktotpgqxx.supabase.co/storage/v1/object/public/thumbnails/ch_video_33.jpg,,2026-03-31 00:00:00+00,[],sw,"[""HD""]",[],2026-03-31 00:00:00+00,2026-07-30 22:41:12.089801+00,7,true,true,ngono,0,[],,[],true,2000,3,[],
ch_video_34,Mama Amina,connection ya mama amina,https://iframe.mediadelivery.net/play/285538/6c5b6ca7-d758-4dd5-b641-5cc4a5b6a9a9,https://vz-6aac71b9-360.b-cdn.net/6c5b6ca7-d758-4dd5-b641-5cc4a5b6a9a9/play_360p.mp4,,https://flikwildlkiktotpgqxx.supabase.co/storage/v1/object/public/thumbnails/ch_video_34.jpg,,2026-03-31 00:00:00+00,[],sw,"[""HD""]",[],2026-03-31 00:00:00+00,2026-07-30 22:41:12.089801+00,2,true,true,ngono,0,[],,[],true,2000,3,[],
ch_video_35,Binti was South Africa,Connection ya msichana wa south africa alie ingiliwa na kurekodiwa bila ridhaa yake.,https://iframe.mediadelivery.net/play/285538/ca685bac-520b-49ab-a9c8-e9aaf056a300,https://vz-6aac71b9-360.b-cdn.net/ca685bac-520b-49ab-a9c8-e9aaf056a300/play_360p.mp4,,https://flikwildlkiktotpgqxx.supabase.co/storage/v1/object/public/thumbnails/ch_video_35.jpg,,2026-03-31 00:00:00+00,[],sw,"[""HD""]",[],2026-03-31 00:00:00+00,2026-07-30 22:41:12.089801+00,11,true,true,ngono,0,[],,[],true,2000,3,[],
ch_video_36,Dogo Paten Connection,coonnection ya dogo paten video call na mtu wake,https://iframe.mediadelivery.net/play/285538/74e76a96-97f8-45bb-b17a-57deb16ff31c,https://vz-6aac71b9-360.b-cdn.net/74e76a96-97f8-45bb-b17a-57deb16ff31c/play_480p.mp4,,https://flikwildlkiktotpgqxx.supabase.co/storage/v1/object/public/thumbnails/ch_video_36.jpg,0,2026-07-28 00:00:00+00,[],sw,"[""HD""]",[],2026-07-28 02:22:36.152+00,2026-07-29 20:37:28.174+00,39,true,true,ngono,0,[],,[],true,2000,3,[],
ch_video_37,Udsm Tobo Kubwa connection,connection ya mwanachuo wa udsm mwenye tobo kubwa.,https://iframe.mediadelivery.net/play/285538/0f3e4ef1-baa9-48ac-97e4-af10dfd3bfd4,https://vz-6aac71b9-360.b-cdn.net/0f3e4ef1-baa9-48ac-97e4-af10dfd3bfd4/play_240p.mp4,,https://flikwildlkiktotpgqxx.supabase.co/storage/v1/object/public/thumbnails/ch_video_37.jpg,,2026-05-10 00:00:00+00,[],sw,"[""HD""]",[],2026-05-10 00:00:00+00,2026-07-30 22:41:12.089801+00,7,true,true,ngono,0,[],,[],true,2000,3,[],
ch_video_38,Mtoto kapakwa mafuta mwili mzima,Mtoto kapakwa mafuta mwili mzima,https://iframe.mediadelivery.net/play/285538/b7820772-cc0a-4fa9-ab76-0348eb132ca3,https://vz-6aac71b9-360.b-cdn.net/b7820772-cc0a-4fa9-ab76-0348eb132ca3/play_480p.mp4,,https://flikwildlkiktotpgqxx.supabase.co/storage/v1/object/public/thumbnails/ch_video_38.jpg,,2026-05-18 00:00:00+00,[],sw,"[""HD""]",[],2026-05-18 00:00:00+00,2026-07-30 22:41:12.089801+00,28,true,true,ngono,0,[],,[],true,2000,3,[],
ch_video_39,Mtoto anaikalia ipasavyo,Mtoto anaikalia ipasavyo,https://iframe.mediadelivery.net/play/285538/07fea723-bbd4-4686-a324-eefc418fce53,https://vz-6aac71b9-360.b-cdn.net/07fea723-bbd4-4686-a324-eefc418fce53/play_720p.mp4,,https://flikwildlkiktotpgqxx.supabase.co/storage/v1/object/public/thumbnails/ch_video_39.jpg,,2026-05-18 00:00:00+00,[],sw,"[""HD""]",[],2026-05-18 00:00:00+00,2026-07-30 22:41:12.089801+00,5,true,true,ngono,0,[],,[],true,2000,3,[],
ch_video_40,Wawili Wawili - Foursome,"Wanaume wawili na wanawake waili, foursome",https://iframe.mediadelivery.net/play/285538/9072c2af-1827-4cec-a2d9-2a06dcf0dd00,https://vz-6aac71b9-360.b-cdn.net/9072c2af-1827-4cec-a2d9-2a06dcf0dd00/play_240p.mp4,,https://flikwildlkiktotpgqxx.supabase.co/storage/v1/object/public/thumbnails/ch_video_40.jpg,,2026-05-18 00:00:00+00,[],sw,"[""HD""]",[],2026-05-18 00:00:00+00,2026-07-30 22:41:12.089801+00,12,true,true,ngono,0,[],,[],true,2000,3,[],
ch_video_41,Black Beauty Akamiwa,Black Beauty Akamiwa,https://iframe.mediadelivery.net/play/285538/ab41d6bb-b822-4f29-9a6c-6deb5fe93bb2,https://vz-6aac71b9-360.b-cdn.net/ab41d6bb-b822-4f29-9a6c-6deb5fe93bb2/play_480p.mp4,,https://flikwildlkiktotpgqxx.supabase.co/storage/v1/object/public/thumbnails/ch_video_41.jpg,,2026-05-18 00:00:00+00,[],sw,"[""HD""]",[],2026-05-18 00:00:00+00,2026-07-30 22:41:12.089801+00,9,true,true,ngono,0,[],,[],true,2000,3,[],
ch_video_7,Hii pisi inatobwa haitoi hata milio 🥺,Pisi mkavu huyu,https://iframe.mediadelivery.net/play/285538/6f46ac62-c6e2-464c-b8a9-7f45adf424cc,https://vz-6aac71b9-360.b-cdn.net/6f46ac62-c6e2-464c-b8a9-7f45adf424cc/play_720p.mp4,,https://flikwildlkiktotpgqxx.supabase.co/storage/v1/object/public/thumbnails/ch_video_7.jpg,,2026-03-29 00:00:00+00,[],sw,"[""HD""]",[],2026-03-29 00:00:00+00,2026-07-30 22:41:12.089801+00,15,true,true,ngono,0,[],,[],true,2000,3,[],
ch_video_8,Mama Amina,Connection inayosadikika kua ya mama Amina,https://iframe.mediadelivery.net/play/285538/6c5b6ca7-d758-4dd5-b641-5cc4a5b6a9a9,https://vz-6aac71b9-360.b-cdn.net/6c5b6ca7-d758-4dd5-b641-5cc4a5b6a9a9/play_360p.mp4,,https://flikwildlkiktotpgqxx.supabase.co/storage/v1/object/public/thumbnails/ch_video_8.jpg,,2026-03-29 00:00:00+00,[],sw,"[""HD""]",[],2026-03-29 00:00:00+00,2026-07-30 22:41:12.089801+00,7,true,true,ngono,0,[],,[],true,2000,3,[],
ch_video_9,Mrembo anaikalia,mrembo anajua kuikalia mbolo,https://iframe.mediadelivery.net/play/285538/64e8b0a1-12da-4acb-bb02-7dd71796f2d4,https://vz-6aac71b9-360.b-cdn.net/64e8b0a1-12da-4acb-bb02-7dd71796f2d4/play_240p.mp4,,https://flikwildlkiktotpgqxx.supabase.co/storage/v1/object/public/thumbnails/ch_video_9.jpg,,2026-03-31 00:00:00+00,[],sw,"[""HD""]",[],2026-03-31 00:00:00+00,2026-07-30 22:41:12.089801+00,3,true,true,ngono,0,[],,[],true,2000,3,[],
cPE2cZQLii0JrKuWFOZY,faustina part 6,haaa,https://iframe.mediadelivery.net/play/555904/235aa4f5-5fd6-4c45-98b8-8874a66bdf84,https://vz-d9bb3b5b-3a4.b-cdn.net/235aa4f5-5fd6-4c45-98b8-8874a66bdf84/original,,https://blogger.googleusercontent.com/img/b/R29vZ2xl/AVvXsEisyCGUfBAVS9lQCGy7hVGcWA87JH5Imn3y8arBLt3lZFNLLSSi8XDyaUcwPDasjMD397FvNeYwNNpQ92HBjl1t394w-hDrRwoZBd6y0J9pvYJCofohixRHEra01TcTgSxG3TUlYs4nFIVK8YzVqmJ1MJiGb6uV3upGMDVfZ2Q5ekK1VVjtW6wGhyphenhyphenzmiLk/s4096/InShot_20251206_114143245.jpg,0,2026-05-02 00:00:00+00,[],sw,"[""HD""]",[],2026-05-02 08:45:13.423+00,2026-05-02 08:46:05.144+00,15,true,true,zilizovuja,0,[],,[],true,2000,3,[],
CWZ9d2BHNjCVVB8Hc90L,Mrs Energy,"hatari ",https://iframe.mediadelivery.net/play/555904/86816336-9bc4-4e07-9d9c-4ab42da0f70e,https://vz-d9bb3b5b-3a4.b-cdn.net/86816336-9bc4-4e07-9d9c-4ab42da0f70e/original,,https://mdundo.com/media/picture/374523_hdnu0JUC5d37EAade0UJRr8trnXH_b.jpg,0,2026-05-02 00:00:00+00,[],sw,"[""HD""]",[],2026-05-02 08:21:53.071+00,2026-05-23 12:22:03.069+00,73,true,true,zilizovuja,0,[],,[],true,2000,3,[],
CxjPXoZuME2DDztLBWcS,Maadeva,"filamu ya kihisia na mapigano kuhusu kijana anayepambana na uhalifu ili kulinda familia na heshima yake. Akiwa amesukumwa na maumivu ya zamani, analazimika kuchagua kati ya kulipiza kisasi au kusamehe. Hadithi inaonyesha mapambano ya kimaadili, jamii iliyoharibika na nguvu ya mabadiliko",https://iframe.mediadelivery.net/play/552231/8d5b6bfd-19c7-4819-ac7a-186950d8305d,https://vz-efe8986b-460.b-cdn.net/8d5b6bfd-19c7-4819-ac7a-186950d8305d/play_360p.mp4,,https://blogger.googleusercontent.com/img/b/R29vZ2xl/AVvXsEg3cjYeRIKEEabZUu23iBtX5wN-uuXPVAOlbNWwrwz6Le0vDogo26fUwhxj8_zU3UWYMPjVzI6JcJadHR5fEr8zSYo_KjCs0JuZ-F5_057DBu_bgCwJEbV7W0B8RmzgyiCKhbKmhuspX6HKKEsOpkyxt3efzVHxDQf9xYQygT8OaYnW4N9BPuA6Wa6Ylhc/s403/Maadeva_poster.jpg,120,2025-12-07 00:00:00+00,"[""Action"",""Drama""]",en,"[""HD""]","[""FEDHA"",""CHUMA"",""DHAHABU"",""MALKIA"",""ALMASI""]",2024-01-01 00:00:00+00,,35,true,false,,0,[],	Naveen Reddy. B,[],false,,30,[],
d07bee7d-14c0-44cd-a18f-4e5b3527488a,Ozi: Voice of the Forest,,https://iframe.mediadelivery.net/play/155292/c2a56bd7-ea0e-46c0-8c12-b4baf6e57eb3,,,https://swahiliplay.com/wp-content/uploads/2025/11/MV5BYTNmODkxN2MtMzJlNC00ODc4LWFhNjctMTIzZTk5ODc0MjExXkEyXkFqcGc@._V1_-300x169.jpg,,,,,,,2026-06-26 01:16:43.87+00,2026-06-26 01:16:43.87+00,21,true,,,,,,,,,,,
d174e3ff-1a9f-4cac-870f-dd0455367f07,The Lost Bus,,https://iframe.mediadelivery.net/play/155292/7fe916bc-b754-414c-88b9-4c42a869c1dd,,,https://swahiliplay.com/wp-content/uploads/2024/08/images-73-300x169.jpeg,,,,,,,2026-06-26 01:16:43.83+00,2026-06-26 01:16:43.83+00,1,true,,,,,,,,,,,
d290143d-ca2d-47fe-a41b-87bf8b2f1df5,Karate Kid: Legends,,"https://iframe.mediadelivery.net/play/155292/ad6791b6-ba97-4c7e-97ff-eca3e1dd7f97,https://iframe.mediadelivery.net/play/155292/fd0bb182-3845-48e1-bfaa-be894569a6b0",,,https://swahiliplay.com/wp-content/uploads/2025/07/MV5BMGE5MTIxZDQtNGM0OS00NmU5LWFkZmYtMzRlZGJjOWI1ZmNmXkEyXkFqcGc@._V1_-300x169.jpg,,,,,,,2026-06-26 01:16:43.837+00,2026-06-26 01:16:43.837+00,7,true,,,,,,,,,,,
d34458c9-5f13-4482-99ec-46668c3281f4,The Greatest of All Time,,https://iframe.mediadelivery.net/play/155292/1ba8e15b-4e4e-494f-bc84-47f08b3f751e,,,https://swahiliplay.com/wp-content/uploads/2024/09/images-2024-09-29T092808.778-300x169.jpeg,,,,,,,2026-06-26 01:16:43.849+00,2026-06-26 01:16:43.849+00,5,true,,,,,,,,,,,
d6f14763-14af-474e-954c-f4e649e646fc,The Fantastic Four: First Steps,,https://iframe.mediadelivery.net/play/155292/b470b06c-3d99-4dc6-b8fc-277d72a2ad0e,,,https://swahiliplay.com/wp-content/uploads/MV5BMzYxNDk3NjQtNDU1NC00ZGUzLWFkZjgtNGY1NWMwZDk0YzI5XkEyXkFqcGc@._V1_FMjpg_UX1000_-300x169.jpg,,,,,,,2026-06-26 01:16:43.83+00,2026-06-26 01:16:43.83+00,1,true,,,,,,,,,,,
d7c99919-bd52-45bc-a660-2857eb4dd82d,Guns Up,,https://iframe.mediadelivery.net/play/155292/b720f977-adf1-43b0-b3fb-fcde51f63628,,,https://swahiliplay.com/wp-content/uploads/2024/12/MV5BYmM4YzdlZjctMjc1ZS00ZGIwLWI0OWItMThkMTc3MDU4YTgzXkEyXkFqcGc@._V1_-300x169.jpg,,,,,,,2026-06-26 01:16:43.837+00,2026-06-26 01:16:43.837+00,0,true,,,,,,,,,,,
d90e8196-1072-4a31-b483-ab50277557c4,Buffalo Kids,,https://iframe.mediadelivery.net/play/155292/6306378e-762e-4cc9-89fe-55674fd5f7b3,,,https://swahiliplay.com/wp-content/uploads/2024/09/images-2024-09-02T023306.028-300x169.jpeg,,,,,,,2026-06-26 01:16:43.87+00,2026-06-26 01:16:43.87+00,5,true,,,,,,,,,,,
da693868-02a2-4708-9700-7ee16a37a0e7,Bag Man,,https://iframe.mediadelivery.net/play/155292/2643a2b6-b62d-4679-80e0-ef4db2927f9f,,,https://swahiliplay.com/wp-content/uploads/2026/02/MV5BNzU0Njg5MGMtODBhZS00MDAxLWIzMGMtYmRkZDY3NzhiNjY1XkEyXkFqcGc@._V1_-300x169.jpg,,,,,,,2026-06-26 01:16:43.84+00,2026-06-26 01:16:43.84+00,1,true,,,,,,,,,,,
dbf24595-1fdb-4c1b-a0df-86092cc3c457,Final Destination Bloodlines,,https://iframe.mediadelivery.net/play/155292/f46d8c7e-8df4-43c8-bb0e-223426863ff8,,,https://swahiliplay.com/wp-content/uploads/2024/11/images-2024-11-17T185526.847-300x169.jpeg,,,,,,,2026-06-26 01:05:01.983+00,2026-06-26 01:05:01.983+00,2,true,,,,,,,,,,,
dc590629-4864-464e-b5b6-7b1a111479d4,Apex (2026),"Apex (2026) ni filamu ya kusisimua (survival thriller) inayomfuata Sasha, mwanamke anayehangaika na majonzi baada ya kumpoteza mpenzi wake. Anapoenda peke yake kwenye pori la Australia kutafuta utulivu, anakutana na mtu hatari anayemuanza kumwinda. Safari yake hugeuka kuwa mapambano makali ya kuokoa maisha dhidi ya adui mkatili na mazingira magumu.",https://iframe.mediadelivery.net/embed/552231/d73900d7-f5ce-4632-a364-f1d9f19afe89,https://vz-efe8986b-460.b-cdn.net/d73900d7-f5ce-4632-a364-f1d9f19afe89/play_720p.mp4,,https://i.ibb.co/M5PGpz0t/Apex-poster.jpg,,,"[""Action"",""Thriller""]",en,"[""HD""]","[""FEDHA"",""CHUMA"",""DHAHABU"",""MALKIA"",""ALMASI""]",2026-05-24 14:06:43.37+00,2026-05-21 21:32:26.345+00,155,true,false,,0,[],,[],false,0,30,[],
dd74dae0-7a14-42d6-960a-f8219675ec70,K.O,,https://iframe.mediadelivery.net/play/155292/349cfd12-c86a-4a07-a889-986ea3ffe01b,,,https://swahiliplay.com/wp-content/uploads/2025/03/images-1-183x169.jpg,,,,,,,2026-06-26 01:16:43.838+00,2026-06-26 01:16:43.838+00,0,true,,,,,,,,,,,
DoSvZxduaW02IdLIH34W,Play Dirty,"namfuata mhalifu mwerevu anayeshirikishwa na serikali kufanya wizi hatari dhidi ya mtandao wa wahalifu. Kadri mchezo wa usaliti unavyozidi, mipaka kati ya adui na mshirika inapotea, na kila hatua inageuka kuwa hatari zaidi",https://iframe.mediadelivery.net/play/552231/f51c9441-ef90-482a-8636-04ed12ea758e,https://vz-efe8986b-460.b-cdn.net/f51c9441-ef90-482a-8636-04ed12ea758e/play_480p.mp4,,https://blogger.googleusercontent.com/img/b/R29vZ2xl/AVvXsEgiT6LI_3HBpsGlrAfW1fIBDEZaa2nBdYu31MHV-1Mh_BL2hHMJarJSDKSecV0aFbOtrTEpQeuCollMhzenwhScG_333mYs504nA4X21B_iupqGdJVAniXlxfRfXwNF-uCmw5XXVu50BaJiXmVxclJkpERnSLyP0EQQec_YoA8UFW5fsUmQ07wGQpO0XOI/s375/Play_Dirty_(2025_film)_poster.jpg,120,,"[""Action"",""Thriller""]",en,"[""HD""]","[""FEDHA"",""CHUMA"",""DHAHABU"",""MALKIA"",""ALMASI""]",2024-01-01 00:00:00+00,,69,true,false,,0,[],	Shane Black,[],false,,30,[],
dV0dCZugZNJMAoAGaRYv,Bring Her Back,"**Bring Her Back** (2025) ni filamu ya **kutisha kisaikolojia** inayomwonyesha **Mama** (A.J. Cook) na **Baba** (Jesse Williams) ambao **wanaomboleza** upotevu wa **binti yao mchanga**.

Wakati wa **majira ya baridi** katika nyumba yao ya **kijijini** na **ya peke yake**, wanajaribu kuanza maisha upya. Walakini, **Baba** anapata **kitu cha ajabu** kinachohusiana na **uchawi wa giza** na **mila za zamani**. Anajaribu kutumia kitendo hicho cha **kimila** **kumrudisha binti yao** kwa siri.

Kitendo hicho kinafanya kazi, lakini kinarudisha **kiumbe cha kutisha** kinachofanana na binti yao. **Mama** anatambua kuwa **kiumbe** hicho si **binti yao** bali ni **roho mbaya** inayojifanya yeye. Anaanza **kupigana** na **Baba** yake mwenyewe ambaye anaamini kiumbe huyo ni binti yao halisi. Ni **vita vya akili** na **hofu** ya **kuvuka mipaka** ya **kifo** na **maumbile**.",https://iframe.mediadelivery.net/play/554297/09db8371-5475-4432-8f6a-cd084e572dcf,https://vz-12176983-62c.b-cdn.net/09db8371-5475-4432-8f6a-cd084e572dcf/original,,https://vz-12176983-62c.b-cdn.net/09db8371-5475-4432-8f6a-cd084e572dcf/thumbnail_da3b5a58.jpg,60,2025-12-07 00:00:00+00,"[""Horror""]",en,"[""HD""]","[""FEDHA"",""ALMASI"",""MALKIA"",""CHUMA"",""DHAHABU""]",2024-01-01 00:00:00+00,,93,true,false,,0,[],	Danny Philippou,[],false,,30,[],
e023ea9e-e4a7-42b6-9fca-f34a068ca40b,Ejen Ali: The Movie,,https://iframe.mediadelivery.net/play/155292/6e054b62-4a47-4651-b814-df7f522d9775,,,https://swahiliplay.com/wp-content/uploads/2024/08/Aquaman_and_the_Lost_Kingdom_poster-259x169.jpg,,,,,,,2026-06-26 01:16:43.83+00,2026-06-26 01:16:43.83+00,1,true,,,,,,,,,,,
e341d48f-253e-46fd-bd23-fd6924548320,Bucha,,https://iframe.mediadelivery.net/play/155292/f41aa01f-19a1-4bdf-851a-4135bdb34fea,,,https://swahiliplay.com/wp-content/uploads/2024/09/images-2024-09-02T022858.236-300x169.jpeg,,,,,,,2026-06-26 01:16:43.848+00,2026-06-26 01:16:43.848+00,3,true,,,,,,,,,,,
e4364438-12f8-4d88-b123-4c7f819e3651,Red One,,https://iframe.mediadelivery.net/play/155292/6ba06a6c-3587-443b-8cf6-151b4ffd0e21,,,https://swahiliplay.com/wp-content/uploads/2024/09/images-2024-09-23T205303.579-300x169.jpeg,,,,,,,2026-06-26 01:16:43.85+00,2026-06-26 01:16:43.85+00,14,true,,,,,,,,,,,
e52c391b-824b-471a-99f4-ceffc2631404,High Forces,,https://iframe.mediadelivery.net/play/155292/5b2c0ba8-291b-4a9c-8fc4-a39efc8d3e8d,,,https://swahiliplay.com/wp-content/uploads/2026/02/MV5BNzU0Njg5MGMtODBhZS00MDAxLWIzMGMtYmRkZDY3NzhiNjY1XkEyXkFqcGc@._V1_-300x169.jpg,,,,,,,2026-06-26 01:16:43.84+00,2026-06-26 01:16:43.84+00,1,true,,,,,,,,,,,
e531a7e8-52a8-477e-aef7-645b03a2fb7d,Killer Whale,,https://iframe.mediadelivery.net/play/155292/6c7f4de3-33cf-4eeb-9088-bc0af954b6ad,,,https://swahiliplay.com/wp-content/uploads/2024/08/MV5BMmU3NmU1ZjUtODQzYi00OWMyLTg3ZWEtMTg3YzljOWNlZjJiXkEyXkFqcGdeQXVyMTQyMTMwOTk0._V1_-300x169.jpg,,,,,,,2026-06-26 01:16:43.826+00,2026-06-26 01:16:43.826+00,0,true,,,,,,,,,,,
e59a3702-9f40-4123-82da-4efad0bce816,Organ Child,,"https://iframe.mediadelivery.net/play/155292/8c3fb7b4-4262-46c2-88e3-5bf1873eddd0,https://iframe.mediadelivery.net/play/155292/f83ec64b-bb63-4f0e-92f9-fe860ca1920c",,,https://swahiliplay.com/wp-content/uploads/2025/05/MV5BYzEyYjE1NmEtOTFmNy00ZmQxLThlYzctOGRjNmQ0N2VjMmNmXkEyXkFqcGc@._V1_-300x169.jpg,,,,,,,2026-06-26 01:16:43.83+00,2026-06-26 01:16:43.83+00,0,true,,,,,,,,,,,
e5efd302-9609-4457-a5ac-a2141b4e23f6,Rifle Club,,"https://iframe.mediadelivery.net/play/155292/62f5331d-7b97-4fa2-8bce-97aa6b745d11,https://iframe.mediadelivery.net/play/155292/ba65a501-b1da-4dca-acad-5202a798c971",,,https://swahiliplay.com/wp-content/uploads/2024/08/MV5BMmU3NmU1ZjUtODQzYi00OWMyLTg3ZWEtMTg3YzljOWNlZjJiXkEyXkFqcGdeQXVyMTQyMTMwOTk0._V1_-300x169.jpg,,,,,,,2026-06-26 01:16:43.84+00,2026-06-26 01:16:43.84+00,2,true,,,,,,,,,,,
E5IP6sssfmRcQ6pLdInt,faustina part 3,daaah,https://iframe.mediadelivery.net/play/555904/a365898b-5e2b-4c3f-bf76-2025a5283570,https://vz-d9bb3b5b-3a4.b-cdn.net/a365898b-5e2b-4c3f-bf76-2025a5283570/original,,https://blogger.googleusercontent.com/img/b/R29vZ2xl/AVvXsEisyCGUfBAVS9lQCGy7hVGcWA87JH5Imn3y8arBLt3lZFNLLSSi8XDyaUcwPDasjMD397FvNeYwNNpQ92HBjl1t394w-hDrRwoZBd6y0J9pvYJCofohixRHEra01TcTgSxG3TUlYs4nFIVK8YzVqmJ1MJiGb6uV3upGMDVfZ2Q5ekK1VVjtW6wGhyphenhyphenzmiLk/s4096/InShot_20251206_114143245.jpg,0,2026-05-02 00:00:00+00,[],sw,"[""HD""]",[],2026-05-02 08:46:40.338+00,2026-05-02 08:47:20.973+00,12,true,true,zilizovuja,0,[],,[],true,2000,3,[],
e6d31fb6-9f7c-4c50-8752-371ac9608489,Superman,,"https://iframe.mediadelivery.net/play/155292/90a38928-5c11-4526-ba09-02a02b5dbc85,https://iframe.mediadelivery.net/play/155292/e72a581c-12cb-4e03-ae93-a1ebcb7d07fa",,,https://swahiliplay.com/wp-content/uploads/2025/02/MV5BYzNjMTEzZjctZjEyZC00Y2Q4LWEwMjAtNGMzOTEzYWRlM2JlXkEyXkFqcGc@._V1_FMjpg_UX1000_-300x169.jpg,,,,,,,2026-06-26 01:16:43.838+00,2026-06-26 01:16:43.838+00,11,true,,,,,,,,,,,
e8379dc4-fc14-4272-8684-84a4057dfc2e,Kuch Kuch Hota Hai,,https://iframe.mediadelivery.net/play/155292/af591a0b-6c01-4490-820c-a384f963b514,,,https://swahiliplay.com/wp-content/uploads/2025/11/81kb1N_4f-300x169.jpg,,,,,,,2026-06-26 01:16:43.85+00,2026-06-26 01:16:43.85+00,13,true,,,,,,,,,,,
e8fa49eb-cec2-41ac-903b-a75f6a4072b7,Kraven The Hunter,,https://iframe.mediadelivery.net/play/155292/bee18d09-6aa1-45e5-85d0-a6fe59fbb071,,,https://swahiliplay.com/wp-content/uploads/2025/03/MV5BZTQzMGU4NjAtNjVmMy00MDIwLWI2YTYtYjY3MTM2YzExMzJkXkEyXkFqcGc@._V1_FMjpg_UX1000_-300x169.jpg,,,,,,,2026-06-26 01:16:43.849+00,2026-06-26 01:16:43.849+00,31,true,,,,,,,,,,,
e9dbfca8-2e40-4b38-8e1f-2c93b17cb295,Ghost Killer,,https://iframe.mediadelivery.net/play/155292/3b75d3f6-f827-42a7-8eb4-cc7a53629248,,,https://swahiliplay.com/wp-content/uploads/2025/08/MV5BNTg1ODk1OTMtZjY3MS00NTQ1LTljNDctODQ4NjEzZjdlZGRmXkEyXkFqcGc@._V1_FMjpg_UX1000_-300x169.jpg,,,,,,,2026-06-26 01:16:43.837+00,2026-06-26 01:16:43.837+00,2,true,,,,,,,,,,,
eb23f192-a6fc-4c5b-8899-c7baa9be2782,River of Blood,,https://iframe.mediadelivery.net/play/155292/2afefdb2-5ed7-48db-a266-5e294f48a295,,,https://swahiliplay.com/wp-content/uploads/2024/08/images-2024-08-27T184201.872-300x169.jpeg,,,,,,,2026-06-26 01:16:43.843+00,2026-06-26 01:16:43.843+00,1,true,,,,,,,,,,,
ec0f24a7-7f90-417c-a352-26b143cce5ea,Daaku Maharaaj,,https://iframe.mediadelivery.net/play/155292/e121f533-6ad3-43f9-ada6-3d681b90d83f,,,https://swahiliplay.com/wp-content/uploads/2024/08/images-56-300x169.jpeg,,,,,,,2026-06-26 01:16:43.84+00,2026-06-26 01:16:43.84+00,1,true,,,,,,,,,,,
ec2815e2-3eef-4d50-8f37-31a68a0c4403,The Kung Fu Master,,"https://iframe.mediadelivery.net/play/155292/b5a690b9-70ad-48fd-b18e-c6d76532021c,https://iframe.mediadelivery.net/play/155292/a36317e6-e4e0-4f69-ada3-c4add219cec6",,,https://swahiliplay.com/wp-content/uploads/2024/08/images-39-300x169.jpeg,,,,,,,2026-06-26 01:16:43.833+00,2026-06-26 01:16:43.833+00,3,true,,,,,,,,,,,
ec5e89a9-25a5-4001-881e-be2a3e3bac18,Parallel,,https://iframe.mediadelivery.net/play/155292/5490b050-0d58-4f31-9a19-1a43e8ba5b8a,,,https://swahiliplay.com/wp-content/uploads/2025/01/images-3-189x169.jpg,,,,,,,2026-06-26 01:16:43.849+00,2026-06-26 01:16:43.849+00,10,true,,,,,,,,,,,
ecdc6f7c-3e5f-4633-ba51-303b647d3e87,Forgive us All,,https://iframe.mediadelivery.net/play/155292/3766fcd4-76dd-4dbf-8d1b-80f1eb3883f0,,,https://swahiliplay.com/wp-content/uploads/2024/08/Gangs-of-Godavari_1693828891-300x169.jpg,,,,,,,2026-06-26 01:16:43.83+00,2026-06-26 01:16:43.83+00,0,true,,,,,,,,,,,
ecebe448-f0d1-4d6f-a589-8c3614450a69,Countdown,,https://iframe.mediadelivery.net/play/155292/ab15c85f-a4d5-40ce-8b94-1b4f55f87fac,,,https://swahiliplay.com/wp-content/uploads/2024/08/MV5BMTA0NjM1YjQtZTEwMi00ZDBiLWJkMjYtNWMwZWE0MGY2ODFmXkEyXkFqcGc@._V1_-300x169.jpg,,,,,,,2026-06-26 01:16:43.847+00,2026-06-26 01:16:43.847+00,4,true,,,,,,,,,,,
ed7646e1-572d-4107-a3b9-69cf3d0e4319,The Return,,"https://iframe.mediadelivery.net/play/155292/dc9218ad-76a3-4acf-bb14-3cc64c7c48b7,https://iframe.mediadelivery.net/play/155292/36eb5ed8-40ae-4914-9009-4e2be6761499",,,https://swahiliplay.com/wp-content/uploads/2025/06/MV5BM2VhZmM1ZmUtZGJlYi00YjlhLWIwOGQtOWQxZDMwOTMyNDRiXkEyXkFqcGc@._V1_-300x169.jpg,,,,,,,2026-06-26 01:16:43.849+00,2026-06-26 01:16:43.849+00,14,true,,,,,,,,,,,
eefa4bec-9d5c-439f-85fd-92fc9a20664b,A.R.M,,"https://iframe.mediadelivery.net/play/155292/92ddaf23-2abc-4f2f-82bc-573550fdcbd5,https://iframe.mediadelivery.net/play/155292/f39db0cf-57c3-4b99-a10a-c45de0dfab8c",,,https://swahiliplay.com/wp-content/uploads/2024/09/images-2024-09-29T093318.535-300x169.jpeg,,,,,,,2026-06-26 01:16:43.847+00,2026-06-26 01:16:43.847+00,6,true,,,,,,,,,,,
efc5d970-b51f-450c-a264-2f11d94ef868,Sayen The Huntress,,https://iframe.mediadelivery.net/play/155292/246e7d04-66e5-40fd-893b-0267667b86da,,,https://swahiliplay.com/wp-content/uploads/2024/12/MV5BZWY5ZTI5YjUtZjQ2Ny00MzExLWEwMjUtYmUxNTE3MGJlNGQwXkEyXkFqcGc@._V1_-300x169.jpg,,,,,,,2026-06-26 01:16:43.849+00,2026-06-26 01:16:43.849+00,5,true,,,,,,,,,,,
EnIvsd0DeQm7Rmoc5aKS,Bleach丨Horror Move 2025,"Wanafunzi watano wanajaribu kusafisha mabaki ya ajali ya kutisha iliyotokea kwenye nyumba ya zamani. Wanatumia dawa ya Bleach ya viwandani yenye nguvu nyingi. Dawa hiyo inafungua lango la kuingia kwenye uzoefu mbaya wa roho chafu zilizofichwa ukutani. Vizuka hivyo vinaanza kuwatesa vijana, vikiwafanya waone maono ya damu na kifo. Kiongozi wao Liam anagundua kuwa dawa ya Bleach ilitumiwa zamani kuficha ushahidi wa mauaji mabaya ya mfululizo. Wanapaswa kuacha kusafisha au wataungana na roho hizo kwenye dimbwi la laana na kifo.",https://iframe.mediadelivery.net/play/554297/d08eb772-cb34-47f1-a279-8483f384adcc,https://vz-12176983-62c.b-cdn.net/d08eb772-cb34-47f1-a279-8483f384adcc/original,,https://vz-12176983-62c.b-cdn.net/d08eb772-cb34-47f1-a279-8483f384adcc/thumbnail_c851b01c.jpg,60,2025-12-07 00:00:00+00,"[""Horror""]",en,"[""HD""]","[""FEDHA"",""ALMASI"",""MALKIA"",""CHUMA"",""DHAHABU""]",2024-01-01 00:00:00+00,,110,true,false,,0,[],henly robert,[],false,,30,[],
ERX2KLTsRjVTCCQPD8NJ,gigy money video iliyovuja,gigy ni hatari,https://iframe.mediadelivery.net/play/555904/5344bbd9-23e3-4c28-9576-fb848e8773c4,https://vz-d9bb3b5b-3a4.b-cdn.net/5344bbd9-23e3-4c28-9576-fb848e8773c4/original,,https://mdundo.com/media/picture/264027_qt5vW6DwGsPMxscaqj3inPjeo29N_b.jpg,0,2026-05-02 00:00:00+00,[],sw,"[""HD""]",[],2026-05-02 08:50:18.68+00,2026-05-23 12:20:54.431+00,76,true,true,zilizovuja,0,[],,[],true,2000,3,[],
f13827bc-783e-4255-be22-3590ad575d04,Steppenwolf,,https://iframe.mediadelivery.net/play/155292/2f88f983-fd9a-45d8-9ecb-09eeca98d14c,,,https://swahiliplay.com/wp-content/uploads/2025/03/MV5BZjQ3NDM4YmQtMDU0Zi00N2RiLWIzYzQtNmU1ZTMyODIzYzgxXkEyXkFqcGc@._V1_FMjpg_UX1000_-300x169.jpg,,,,,,,2026-06-26 01:16:43.837+00,2026-06-26 01:16:43.837+00,2,true,,,,,,,,,,,
f1b8c793-bd66-40e3-a88b-e2bd5142d1cc,Ghost Killer,,https://iframe.mediadelivery.net/play/155292/b36ea1bd-806b-49d4-8230-a97357461ed1,,,https://swahiliplay.com/wp-content/uploads/MV5BN2U3OGI5OTQtOWZmZS00YTJmLTkwMzYtZjVmNGNkN2QzMzI4XkEyXkFqcGc@._V1_FMjpg_UX1000_-300x169.jpg,,,,,,,2026-06-26 01:16:43.83+00,2026-06-26 01:16:43.83+00,0,true,,,,,,,,,,,
f21b39e0-07a9-4fc8-b2a1-039314dec81f,The Clouds,,https://iframe.mediadelivery.net/play/155292/b1af2f8d-e3a1-42f0-ba8b-89785d835654,,,https://swahiliplay.com/wp-content/uploads/2025/04/MV5BZjY3NzI3YTktN2JiMy00MmVlLWE1OTYtODE3ZTk5ZGIxMjIyXkEyXkFqcGc@._V1_FMjpg_UX1000_-300x169.jpg,,,,,,,2026-06-26 01:16:43.83+00,2026-06-26 01:16:43.83+00,0,true,,,,,,,,,,,
F4iztUGjMA4JycpIOFFI,Madharaasi,"Madharaasi ni hadithi ya mwanamke jasiri anayekabiliana na ukatili, usaliti na nguvu za kijamii zinazomkandamiza. Anapopigania haki yake na ya wengine, safari yake inaonyesha madhara ya mifumo dhalimu na nguvu ya ujasiri binafsi dhidi ya dhuluma. Hadithi hii inaibua hisia na kutafakari juu ya uhuru.
",https://iframe.mediadelivery.net/play/554297/9553b040-ce26-410d-a6b9-4763fb1a90a6,https://vz-12176983-62c.b-cdn.net/9553b040-ce26-410d-a6b9-4763fb1a90a6/original,,https://vz-12176983-62c.b-cdn.net/9553b040-ce26-410d-a6b9-4763fb1a90a6/thumbnail_b35b0c1c.jpg,119,2025-12-07 00:00:00+00,"[""Action""]",en,"[""HD""]","[""FEDHA"",""DHAHABU"",""CHUMA"",""MALKIA"",""ALMASI""]",2026-05-24 13:51:06.772+00,,73,true,false,,0,[],	A. R. Murugadoss,[],false,,30,[],
f6b8a405-4820-4231-9d9b-2b6b5e811c47,Squid Game Season 3,,"https://iframe.mediadelivery.net/play/155292/9af12e30-1b3f-469f-9bfe-db895030c77a,https://iframe.mediadelivery.net/play/155292/199ee877-e30a-4349-9959-3f053624f49a,https://iframe.mediadelivery.net/play/155292/935181f1-f54e-4b90-b4eb-eceb2a999631,https://iframe.mediadelivery.net/play/155292/a8154dac-b903-4362-a544-28c0c78baa60,https://iframe.mediadelivery.net/play/155292/14dd98d4-0875-4731-97ac-2b1eee7a3e4c,https://iframe.mediadelivery.net/play/155292/608757ba-f1a0-4bcf-97c9-75029e5e9a67,https://iframe.mediadelivery.net/play/155292/dc322260-2f0f-4f7a-9e1a-2e967f89b13d,https://iframe.mediadelivery.net/play/155292/43268280-b78a-4f4e-b083-7108413b317d,https://iframe.mediadelivery.net/play/155292/551f4751-c232-43ac-b411-eb9b42a07581,https://iframe.mediadelivery.net/play/155292/6a0216dd-1c62-4a7c-8847-fd5710f4577d,https://iframe.mediadelivery.net/play/155292/1af2d046-32b3-42bf-9cf2-641bd644aeab,https://iframe.mediadelivery.net/play/155292/3049207a-f788-418f-a25d-13508512847a,https://iframe.mediadelivery.net/play/155292/d6d01cb9-9306-48d8-b905-31eb0d029da4,https://iframe.mediadelivery.net/play/155292/9fbcee45-bd37-43ab-bb06-7f6f2c828a5a,https://iframe.mediadelivery.net/play/155292/3ce3db93-9f41-4fc0-be35-858803398b26,https://iframe.mediadelivery.net/play/155292/c334c08d-cc90-41df-808f-4b4da8ceafa1,https://iframe.mediadelivery.net/play/155292/4d3672f1-8d44-466c-a2ea-10b783d41a2b,https://iframe.mediadelivery.net/play/155292/9fc0c42a-7a49-4adc-a9e4-923863396e73,https://iframe.mediadelivery.net/play/155292/1d089f59-1909-4ff3-afe8-cc5c5fb7d614,https://iframe.mediadelivery.net/play/155292/2b006549-cca7-4b03-a715-42e02aeb541e,https://iframe.mediadelivery.net/play/155292/0be67da1-437a-4510-9ebe-8feb5f67bb77",,,https://swahiliplay.com/wp-content/uploads/2025/06/images.jpg,,,,,,,2026-06-26 01:16:43.826+00,2026-06-26 01:16:43.826+00,6,true,,,,,,,,,,,
f6bd815f-2634-44e8-85b8-28e51fa88af9,The Cursed Land,,https://iframe.mediadelivery.net/play/155292/4ffec7db-89dc-4862-bae2-a1e87f83827a,,,https://swahiliplay.com/wp-content/uploads/2024/09/images-2024-09-02T025049.811-300x169.jpeg,,,,,,,2026-06-26 01:16:43.849+00,2026-06-26 01:16:43.849+00,7,true,,,,,,,,,,,
f6ZguJw24fahkaCX4BmX,Maa 2025,"ni filamu ya kihisia na kusisimua kuhusu mama jasiri anayepambana na mfumo dhalimu kumlinda mtoto wake. Siri za zamani, usaliti na matumaini vinagongana, zikimlazimisha kufanya maamuzi magumu kwa ajili ya haki na maisha mapya yenye athari kubwa kwa jamii na nafsi.",https://iframe.mediadelivery.net/play/552231/963658b1-6a0f-45a5-aded-9bf7752a71c3,https://vz-efe8986b-460.b-cdn.net/963658b1-6a0f-45a5-aded-9bf7752a71c3/play_360p.mp4,,https://blogger.googleusercontent.com/img/b/R29vZ2xl/AVvXsEgliWPeGwtWLs_Cwo93wn5n0F3kRiKS6lIwj1PV-Gm3YoLNnD8fpHh-8Y__1Bse37Kj0TG9oLj8ABb7tyLqHKSJ1jcDKP3NOeQcmOicHjNOeHCNWr7nEX-gLpdPdtNG2jbXWpYzuzxVvWoVU0OhTZecQmldnVU6dk18wz7UOqr1h57rH_xO4QJjzym7j4Q/s313/Maa_(2025_film).jpg,120,2025-12-07 00:00:00+00,"[""Horror""]",en,"[""HD""]","[""FEDHA"",""CHUMA"",""DHAHABU"",""MALKIA"",""ALMASI""]",2026-05-24 13:07:43.909+00,2026-05-24 13:07:43.909+00,994,true,false,,0,[],	Vishal Furia,[],false,0,30,[],
f75885c7-513e-479f-90da-97736b7010ed,My Super Heroine,,https://iframe.mediadelivery.net/play/155292/828f1e5d-b39f-43b2-99ad-0ca4cb687b11,,,https://swahiliplay.com/wp-content/uploads/2026/01/MV5BZGI2NGJlZDEtZDc4MC00YjM1LThiMmEtNDRiMWM3NWI3NzNjXkEyXkFqcGc@._V1_-300x169.jpg,,,,,,,2026-06-26 01:16:43.83+00,2026-06-26 01:16:43.83+00,1,true,,,,,,,,,,,
f7ea6d57-9ab6-41b7-8b88-18c7505df827,The Rip,,https://iframe.mediadelivery.net/play/155292/b4af45e9-69ec-4008-8667-99a4c051a545,,,https://swahiliplay.com/wp-content/uploads/2025/08/MV5BNDUxOTFlOGUtZTg0MC00NjNmLThiYTQtM2MxYjBlMmEyMDQ1XkEyXkFqcGc@._V1_FMjpg_UX1000_-300x169.jpg,,,,,,,2026-06-26 01:16:43.826+00,2026-06-26 01:16:43.826+00,0,true,,,,,,,,,,,
f8a785c6-2c19-403f-8850-ceadce4c3da6,Bad Hombres,,"https://iframe.mediadelivery.net/play/155292/a517b220-cbfe-11ef-a259-4b3c6d26f4a9,https://iframe.mediadelivery.net/play/155292/b0589968-dee8-49ed-8f85-dff1902cb07b",,,https://swahiliplay.com/wp-content/uploads/2025/03/MV5BYmI5OWVhZDQtYjQzYS00MDQzLWJjYzItZjA3NmNiM2U4MjkzXkEyXkFqcGc@._V1_-300x169.jpg,,,,,,,2026-06-26 01:16:43.839+00,2026-06-26 01:16:43.839+00,0,true,,,,,,,,,,,
f900c1ed-264d-4146-8ee1-87abdf386cc2,In the fire of war,,https://iframe.mediadelivery.net/play/155292/3064436e-55df-4bb2-9e26-9b656b74a2c1,,,https://swahiliplay.com/wp-content/uploads/2025/03/MV5BZjQ3NDM4YmQtMDU0Zi00N2RiLWIzYzQtNmU1ZTMyODIzYzgxXkEyXkFqcGc@._V1_FMjpg_UX1000_-300x169.jpg,,,,,,,2026-06-26 01:16:43.837+00,2026-06-26 01:16:43.837+00,3,true,,,,,,,,,,,
f9135b3b-9089-4af5-b0a9-e876973bc7eb,M3GAN 2.0,,"https://iframe.mediadelivery.net/play/155292/b720f977-adf1-43b0-b3fb-fcde51f63628,https://iframe.mediadelivery.net/play/155292/b096b4a7-fcf1-4814-bb91-0ffce76dfb04",,,https://swahiliplay.com/wp-content/uploads/2024/07/MV5BMTEyMWQyMGItZDI5Zi00ZTZlLWE4YmMtYzI5YjE4OGJhZmJkXkEyXkFqcGdeQXVyMjY2ODcxNw@@._V1_FMjpg_UX1000_-300x169.jpg,,,,,,,2026-06-26 01:16:43.837+00,2026-06-26 01:16:43.837+00,0,true,,,,,,,,,,,
f92edfe9-b030-4146-82d0-2d5c99d2e57d,Revolver Lily,,https://iframe.mediadelivery.net/play/155292/f8ed0bc6-3653-4f99-bdab-112058e87ebd,,,https://swahiliplay.com/wp-content/uploads/2026/02/MV5BOTE5NzE5ZDYtYzAyZi00YzU2LWE4ZWEtYjM5MDdjZTdjYjk0XkEyXkFqcGc@._V1_QL75_UX190_CR00190281_-190x169.jpg,,,,,,,2026-06-26 01:16:43.847+00,2026-06-26 01:16:43.847+00,3,true,,,,,,,,,,,
faa6e8fd-8b17-4525-a496-bb2cdd8ed22b,Rebellious,,https://iframe.mediadelivery.net/play/155292/c349d88a-2cc1-4bc2-a277-f6a3816c7baf,,,https://swahiliplay.com/wp-content/uploads/2024/09/MV5BNzY0ZTlhYzgtOTgzZC00ZTg2LTk4NTEtZDllM2E2NGE5Njg2XkEyXkFqcGc@._V1_FMjpg_UX1000_-300x169.jpg,,,,,,,2026-06-26 01:16:43.87+00,2026-06-26 01:16:43.87+00,14,true,,,,,,,,,,,
fad2e100-d29d-49e9-96ee-f88e4a605238,Hunting Season,,https://iframe.mediadelivery.net/play/155292/0c38b4de-daf6-4012-891c-5c884f08afaa,,,https://swahiliplay.com/wp-content/uploads/2025/01/images-31-194x169.jpg,,,,,,,2026-06-26 01:16:43.826+00,2026-06-26 01:16:43.826+00,6,true,,,,,,,,,,,
fc0eea38-0fbb-4964-a335-741a1f9bbbf3,Weapons,,https://iframe.mediadelivery.net/play/155292/481c31cb-87c1-4747-90a8-368ada01f1e0,,,https://swahiliplay.com/wp-content/uploads/2026/01/MV5BODZhMDFmYjgtNzY2My00YTQ5LWIxNDEtMWEwODMxM2FkZDVkXkEyXkFqcGc@._V1_-300x169.jpg,,,,,,,2026-06-26 01:16:43.83+00,2026-06-26 01:16:43.83+00,1,true,,,,,,,,,,,
fca172d9-b296-4954-87da-95786162c30a,Novocaine,,"https://iframe.mediadelivery.net/play/155292/32de9027-78e7-4b5b-905f-9d19cc019189,https://iframe.mediadelivery.net/play/155292/fd0bb182-3845-48e1-bfaa-be894569a6b0",,,https://swahiliplay.com/wp-content/uploads/2025/05/MV5BMzU5ZGUxZmEtMTEyNi00OWMxLTgxMzQtNjUzYTk2ZjUyZjEwXkEyXkFqcGc@._V1_FMjpg_UX1000_-300x169.jpg,,,,,,,2026-06-26 01:16:43.839+00,2026-06-26 01:16:43.839+00,5,true,,,,,,,,,,,
fd4341eb-a077-493f-b3af-190ab148fec1,Arena Wars,,https://iframe.mediadelivery.net/play/155292/64119050-a016-4462-9f14-8ce779d5b282,,,https://swahiliplay.com/wp-content/uploads/2025/07/MV5BNjUzMjhkZjktNTU5Mi00MzhmLWJhMTQtZjhkYjczOTEzM2M5XkEyXkFqcGc@._V1_FMjpg_UX1000_-300x169.jpg,,,,,,,2026-06-26 01:16:43.83+00,2026-06-26 01:16:43.83+00,0,true,,,,,,,,,,,
fdaabb44-4940-4568-bc6b-6bfa4cc49f42,Spider,,"https://iframe.mediadelivery.net/play/155292/81bfe13f-39a8-4fd0-8c7f-6f0bd0539124,https://iframe.mediadelivery.net/play/155292/5bf5afb3-b950-412c-96ba-01d64ab35b68,https://iframe.mediadelivery.net/play/155292/162e7590-0b46-4d4e-a5cc-5bc2b4cecdec",,,https://swahiliplay.com/wp-content/uploads/2024/08/images-2024-08-18T033324.156-300x169.jpeg,,,,,,,2026-06-26 01:16:43.85+00,2026-06-26 01:16:43.85+00,20,true,,,,,,,,,,,
fddb0c3f-bcb7-494d-a95b-6ee3423c0ec0,Hagen,,https://iframe.mediadelivery.net/play/155292/f2ea1ec3-642a-4510-a762-e27180982fef,,,https://swahiliplay.com/wp-content/uploads/2024/08/Lights_Out_2024_poster-259x169.jpg,,,,,,,2026-06-26 01:16:43.843+00,2026-06-26 01:16:43.843+00,0,true,,,,,,,,,,,
fe5a4390-3bf2-4c08-960e-0bef3a4d745e,BangKok Dog,,https://iframe.mediadelivery.net/play/155292/01bff922-392e-4af1-a4ee-7a632f89784a,,,https://swahiliplay.com/wp-content/uploads/2024/08/images-91-300x169.jpeg,,,,,,,2026-06-26 01:16:43.85+00,2026-06-26 01:16:43.85+00,7,true,,,,,,,,,,,
fe5abc4c-c916-4bb8-a1b3-64a2037ce7b2,Underfire,,https://iframe.mediadelivery.net/play/155292/a06e963c-848a-4f32-bfd2-65c25d4b2888,,,https://swahiliplay.com/wp-content/uploads/2025/08/MV5BMmJkNGNiNjgtMzFlYy00ZDI5LWI2YzktZGVjYjI5MjQyMGU3XkEyXkFqcGc@._V1_-300x169.jpg,,,,,,,2026-06-26 01:16:43.83+00,2026-06-26 01:16:43.83+00,0,true,,,,,,,,,,,
ffe11edd-07e4-4cd0-a34c-56ebb4cf316c,In your Dreams,,"https://iframe.mediadelivery.net/play/155292/fd0bb182-3845-48e1-bfaa-be894569a6b0,https://iframe.mediadelivery.net/play/155292/0ae84d0a-607d-4918-96c5-c3dcb7b3160b,https://iframe.mediadelivery.net/play/155292/ba65a501-b1da-4dca-acad-5202a798c971",,,https://swahiliplay.com/wp-content/uploads/2025/04/ba65a501-b1da-4dca-acad-5202a798c971-300x169.jpeg,,,,,,,2026-06-26 01:16:43.83+00,2026-06-26 01:16:43.83+00,1,true,,,,,,,,,,,
FFF41mq4YfPUNSXqc2lN,Janji Darah,"ni filamu ya kutisha yenye mvuto mkubwa kuhusu ahadi ya damu inayorudi kumtesa mhusika mkuu. Siri za giza, mapepo na matukio ya kushangaza vinaanza kujitokeza, vikimlazimisha kupambana na hofu ili kuokoa maisha yake na ya anaowapenda.",https://iframe.mediadelivery.net/play/552231/e3281714-ac99-4fff-a521-5937f4183a8f,https://vz-efe8986b-460.b-cdn.net/e3281714-ac99-4fff-a521-5937f4183a8f/play_360p.mp4,,https://blogger.googleusercontent.com/img/b/R29vZ2xl/AVvXsEg7V_xNhtHWyPJiIb2lPk5cqKgyivuO0qKq9xYzjeARgZWVs0zp7WiQv5w4AwhbXjoATIkEF_QEHh6Uhi7knXfsyiKqDTvM5LrJcQq2XhZgABM0FJDouQxaoeBkVqaQpJ3ViAjPCseMfY4t4uP47RGNeDj3RfAcF0QiHJTMhiSRiTyg7BZjznYKt87PMAQ/s251/download%20(3).jpeg,60,2025-12-07 00:00:00+00,"[""Horror"",""Thriller""]",en,"[""HD""]","[""FEDHA"",""CHUMA"",""DHAHABU"",""MALKIA"",""ALMASI""]",2024-01-01 00:00:00+00,,48,true,false,,0,[]," Sentot SahidAndri and  Sofyansyah",[],false,,30,[],
fffa7132-5181-4859-808b-e56221fc4a0a,Rosaria,,https://iframe.mediadelivery.net/play/155292/6a324704-036e-495a-b426-36302b15c24e,,,https://swahiliplay.com/wp-content/uploads/2025/03/images-2.jpg,,,,,,,2026-06-26 01:05:01.983+00,2026-06-26 01:05:01.983+00,1,true,,,,,,,,,,,
FL9OF0Sd5NYr1d2KuVj2,Sinners (2025 film),"ni filamu ya thriller inayoeleza kundi la watu wenye siri nzito wanaojikuta wakihusishwa na tukio la mauaji. Wanapojaribu kuficha makosa yao, ukweli unaanza kujitokeza na kugeuka mchezo wa hatari wa usaliti, hofu na kulipizana kisasi.",https://iframe.mediadelivery.net/play/552231/0d2d295a-0947-4704-ba4b-69d207de8657,https://vz-efe8986b-460.b-cdn.net/0d2d295a-0947-4704-ba4b-69d207de8657/play_720p.mp4,,https://blogger.googleusercontent.com/img/b/R29vZ2xl/AVvXsEg3zoF1GyaK8VB-9ppavTOQi8tSVm-455qMfTrIUfpYn41efJ8FB0prEarlx6lK2W2jRWSmCNOCE4CjRjLf6VOkUCnJSnT8qNsSS-LnWn8Vv9lPFhjbWXbzQUYU8OYI3JYKupHwRyGG_V_AsdFMnZghIm4MGASKN0SesFcTC6ZGQc_CjE8IApxML3QaVCY/s371/Sinners_(2025_film)_poster.jpg,120,,"[""Thriller""]",en,"[""HD""]","[""FEDHA"",""CHUMA"",""DHAHABU"",""MALKIA"",""ALMASI""]",2026-05-24 13:50:44.021+00,,71,true,false,,0,[],	Ryan Coogler,[],false,,30,[],
glGfsv8LzNBg2jXWBFN7,faustina part 2,hatari,https://iframe.mediadelivery.net/play/555904/3ec93d81-b322-453d-a2a6-a39e57b2b40a,https://vz-d9bb3b5b-3a4.b-cdn.net/3ec93d81-b322-453d-a2a6-a39e57b2b40a/original,,https://blogger.googleusercontent.com/img/b/R29vZ2xl/AVvXsEisyCGUfBAVS9lQCGy7hVGcWA87JH5Imn3y8arBLt3lZFNLLSSi8XDyaUcwPDasjMD397FvNeYwNNpQ92HBjl1t394w-hDrRwoZBd6y0J9pvYJCofohixRHEra01TcTgSxG3TUlYs4nFIVK8YzVqmJ1MJiGb6uV3upGMDVfZ2Q5ekK1VVjtW6wGhyphenhyphenzmiLk/s4096/InShot_20251206_114143245.jpg,0,2026-05-02 00:00:00+00,[],sw,"[""HD""]",[],2026-05-02 08:47:22.863+00,2026-05-02 08:47:56.401+00,11,true,true,zilizovuja,0,[],,[],true,2000,3,[],
h3dJdiHrz5k8eJI5L40n,Curse of the Seven Oceans (original title: Santet Segoro Pitu),"Hadithi inahusu laana ya bahari inayofufuka pale nguvu za giza za “Segoro Pitu” zinapoachiliwa. Kikundi cha watu hupambana na roho kali za baharini, siri za zamani, na mapepo wanaotaka kulipiza kisasi ili kuzuia maafa makubwa.",https://iframe.mediadelivery.net/play/552231/d02a2083-0085-4e3d-aa69-cb55aaa55a09,https://vz-efe8986b-460.b-cdn.net/d02a2083-0085-4e3d-aa69-cb55aaa55a09/play_360p.mp4,,https://i.ibb.co/4nVdJt1x/1000250329.jpg,60,,"[""Horror"",""Thriller""]",en,"[""HD""]","[""FEDHA"",""CHUMA"",""DHAHABU"",""MALKIA"",""ALMASI""]",2026-05-21 20:35:32.301+00,2026-05-21 20:35:32.301+00,243,true,false,,0,[],Tommy Dewo,"[""almasi"",""bahari"",""baharini"",""cha"",""chuma"",""curse"",""curse of the seven oceans (original title: santet segoro pitu)"",""dewo"",""dhahabu"",""en"",""fedha"",""giza"",""hadithi"",""horror"",""hupambana"",""ili"",""inahusu"",""inayofufuka"",""kali"",""kikundi"",""kisasi"",""kulipiza"",""kuzuia"",""laana"",""maafa"",""makubwa"",""malkia"",""mapepo"",""nguvu"",""oceans"",""original"",""pale"",""pitu"",""roho"",""santet"",""segoro"",""seven"",""siri"",""thriller"",""title"",""tommy"",""tommy dewo"",""wanaotaka"",""watu"",""za"",""zamani"",""zinapoachiliwa""]",false,0,30,[],
HEQJunPLFmExiytMS0jr,"Sumala ","ni filamu ya horror ya Ufilipino inayomfuata msichana anayerejea kijijini kwao na kukutana na pepo wa kale anayeitwa Sumala. Anapogundua laana ya familia yao, anapigana kuokoa ndugu zake huku nguvu za giza zikizidi kuwafuata usiku baada ya mwingine.",https://iframe.mediadelivery.net/play/552231/af4053a3-085d-409f-a6bc-940bf55d0ff2,https://vz-efe8986b-460.b-cdn.net/af4053a3-085d-409f-a6bc-940bf55d0ff2/play_360p.mp4,,https://blogger.googleusercontent.com/img/b/R29vZ2xl/AVvXsEhnAlMMg-MEHzUE8ei0dFDhPlPtYCtXIOKqzwRyowYLwJxKDHqcZimEIX7TQk0BFH6MYYyyXtPVypX9BurPEd18PNFb8f_py7SXSxZbya3NMOHaijiIe5ehHkVGC2mGzOuZDVCNctwehkH-bjWJwiaq8Sa7uzmNn1CM6w_6E4qsTrYuW3TGXuNVhlDcdtg/s252/download%20(1).jpeg,60,,"[""Horror"",""Thriller""]",en,"[""HD""]","[""FEDHA"",""CHUMA"",""DHAHABU"",""MALKIA"",""ALMASI""]",2024-01-01 00:00:00+00,,112,true,false,,0,[]," Rizal Mantovani",[],false,,30,[],
idGhvsZ1IBoNU5GcuMvR,Witchboard,"Witchboard ni filamu ya kutisha kuhusu kundi la marafiki wanaotumia ubao wa roho (spirit board) na bila kujua wanafungua mlango wa nguvu mbaya inayowafuata na kuanza kuwadhuru.
",https://iframe.mediadelivery.net/play/552231/20199067-5d6c-44af-a298-ff4714aa50f1,https://vz-efe8986b-460.b-cdn.net/20199067-5d6c-44af-a298-ff4714aa50f1/play_360p.mp4,,https://upload.wikimedia.org/wikipedia/en/thumb/1/14/Witchboard_2024_film_poster.jpg/250px-Witchboard_2024_film_poster.jpg,60,,"[""Thriller"",""Horror""]",en,"[""HD""]","[""FEDHA"",""CHUMA"",""DHAHABU"",""MALKIA"",""ALMASI""]",2024-01-01 00:00:00+00,,70,true,false,,0,[],	Chuck Russell,"[""almasi"",""board"",""chuck"",""chuck russell"",""chuma"",""dhahabu"",""en"",""fedha"",""filamu"",""inayowafuata"",""kuanza"",""kuhusu"",""kujua"",""kundi"",""kutisha"",""kuwadhuru"",""la"",""malkia"",""marafiki"",""mbaya"",""mlango"",""nguvu"",""ni"",""roho"",""russell"",""spirit"",""thriller"",""ubao"",""wa"",""wanafungua"",""wanaotumia"",""witchboard""]",false,,30,[],
ISTPEKue8XeBmKx7ZdOT,"Baaghi 4 ","**Baaghi 4** ni filamu inayoendeleza hadithi ya **Ronnie** (Tiger Shroff), mtaalamu wa sanaa ya kijeshi na *commando*, ambaye kwa mara nyingine anatumbukia katika misheni ya hatari.

Katika sehemu hii, anachukua jukumu la kumlinda msichana mdogo aitwaye **Kiya** (Hailee Steinfeld), ambaye ndiye shabaha ya kundi la kigaidi la kimataifa ambalo linahusika na **ulanguzi wa watoto**. Kundi hilo linaloongozwa na kiongozi katili wa zamani wa kijeshi (Jackie Shroff) linataka kutumia **Kiya** kwa njama yao.

Ronnie analazimika kwenda kwenye nchi ya kigeni na hatari, akifanya kazi na wakala wa siri. Filamu inaonyesha mapigano ya hali ya juu, huku Ronnie akitumia ujuzi wake wa **Kalaripayattu** na **silaha za moto** kumshinda kila mtu, ili kumlinda msichana huyo asiye na hatia na kuwazuia magaidi. Ni kuhusu upendo wa kaka-dada na uzalendo.",https://iframe.mediadelivery.net/play/554297/2c97adbd-bb2d-4d28-9be0-9b6f6c4b641b,https://vz-12176983-62c.b-cdn.net/2c97adbd-bb2d-4d28-9be0-9b6f6c4b641b/original,,https://vz-12176983-62c.b-cdn.net/2c97adbd-bb2d-4d28-9be0-9b6f6c4b641b/thumbnail_b4a5ce25.jpg,120,2025-12-07 00:00:00+00,"[""Action""]",en,"[""HD""]","[""FEDHA"",""ALMASI"",""MALKIA"",""DHAHABU"",""CHUMA""]",2024-01-01 00:00:00+00,,168,true,false,,0,[],	A. Harsha,[],false,,30,[],
J73948JxhVJk8hZVl8W8,"bao bab connection ",,https://iframe.mediadelivery.net/play/555930/f9a48325-c29d-418d-b6ce-5f434571082f,https://vz-eb5096f4-a2f.b-cdn.net/f9a48325-c29d-418d-b6ce-5f434571082f/play_360p.mp4,,https://blogger.googleusercontent.com/img/b/R29vZ2xl/AVvXsEjUrdoCy5AFIsCpofzP1VhQUJ0Npzw-GzjEuOsMwtcBu19ly1e5m5qmUyvnzhsBlvE7kYj5LK1ed-PowQ0RUtEMaU3s1MhftMzcw7JuAXsRdMFLng7Gs1M0_uW3tHCDUnwzA129GJZSL08Z30wa4jfVtwc7dx27aLmf8LOz2y2TvYkNlnzBgT3S_mkIm98/s300/download%20(1).jpeg,0,2026-05-02 00:00:00+00,[],sw,"[""HD""]",[],2026-05-02 08:43:51.898+00,2026-05-10 11:12:32.26+00,59,true,true,zilizovuja,0,[],,[],true,2000,3,[],
JHzpVt8zxHP3WesIN9lR,"Blackmail 2025 ","**Blackmail** (2025), iliyoongozwa na **Mu Maran**, ni filamu ya Kitamil yenye **vitisho vya uhalifu** ('crime thriller').

Inahusu **Mani** (G.V. Prakash Kumar), dereva ambaye rafiki yake wa kike **Rekha** anatukwa nyara na bosi wake anayefanya **biashara haramu ya dawa za kulevya**, akidai **dawa zilizopotea**. Sambamba na hayo, **mtoto wa mfanyabiashara** tajiri **Ashok** anatekwa nyara, huku mkewe **Archana** akikabiliwa na **vitisho** kutoka kwa mpenzi wake wa zamani.

Hadithi inahusu jinsi **maisha haya mawili yanavyounganishwa** kupitia mfululizo wa **utekaji nyara**, **ulanguzi**, na **vitisho** ('blackmail'), huku kila mhusika akijaribu kuokoa au kujinufaisha. **Mani** anajikuta katika hali ya **kuua** au **kuuliwa** anapojaribu kuokoa **Rekha** na kutatua siri ya mtoto aliyetekwa. Ni mchezo wa **usiri** na **ulaghai** ambapo **hakuna anayeaminika**.",https://iframe.mediadelivery.net/play/554297/80920eb4-9260-4d27-9ac5-33cee270382a,https://vz-12176983-62c.b-cdn.net/80920eb4-9260-4d27-9ac5-33cee270382a/original,,https://vz-12176983-62c.b-cdn.net/80920eb4-9260-4d27-9ac5-33cee270382a/thumbnail_afdf2b2e.jpg,116,2025-12-07 00:00:00+00,"[""Crime"",""Thriller""]",en,"[""HD""]","[""FEDHA"",""CHUMA"",""DHAHABU"",""MALKIA"",""ALMASI""]",2024-01-01 00:00:00+00,,33,true,false,,0,[],mu maran,[],false,,30,[],
kwcJBMWVTA9AXgxgxM6U,The Gorge,"Filamu The Gorge inahusu wapiganaji wawili—Miles Teller kama Levi na Anya Taylor-Joy kama Drasa—walioteuliwa kukabiliana na jukumu gumu: kulinda makaburi mawili ya ngome juu ya maporomoko ya jangwa (gorge) giza lililofichwa, wakiwa peke yao, kila mmoja upande tofauti, bila kuwasiliana",https://iframe.mediadelivery.net/play/552231/9b97c59b-58ae-4053-a523-211a831b8069,https://vz-efe8986b-460.b-cdn.net/9b97c59b-58ae-4053-a523-211a831b8069/play_480p.mp4,,https://blogger.googleusercontent.com/img/b/R29vZ2xl/AVvXsEgPbv5nbiDB9tcsplNP_5-Sy8rt-ykErvrcXFb1lHCtuKQ0otlAEae_M3mTUVXY1F0dUzmADEy-qstk2lpL5UueGzRtu4Pkbyvf18wmO5zd69DIoNqwvMTdnXFd1x8Fv4YvZWC1AYl3W3wKrV4-vVbhy6RRscUmo524eYE32_JpQkotbwaoPMCEwUNmkvc/s375/The_Gorge_(film)_poster.jpg,120,,"[""Action""]",en,"[""HD""]","[""FEDHA"",""CHUMA"",""DHAHABU"",""MALKIA"",""ALMASI""]",2024-01-01 00:00:00+00,,56,true,false,,0,[],	Scott Derrickson,[],false,,30,[],
MMOHFuqkMWOhYLUyEeBC,"Phoenix ","Mvulana mchanga, Surya Sethupathi, ana zushwa mauaji ya kisiasa kwa kuua MLA – tukio linalomfanya asafirishwe kwa siri kwenda gereza la vijana. Ndani ya gereza anakabiliwa na mashambulizi kadhaa ya kinyama ambayo yametayarishwa kuwa wanalazimishwa kumuangamiza. Anakumbusha uzoefu wake wa zamani wa ngumi (boxing), na kutumia nguvu, ustadi na damu yake kujiokoa. Filamu inaonyesha safari yake ya mateka hadi mfungwa anayepigania haki, haki ya kuishi, na kulipiza kisasi, huku vitendo vyake vya ujasiri vikichochea wivu, ghasia na vita vya uovu. “Phoenix” ni hadithi ya mateka, usaliti, ujasiri na kuamka kama moto – mtu anayerudi vita bila ya woga.",https://iframe.mediadelivery.net/play/552231/00dfddf1-9155-4a66-a192-fef3ea3202ff,https://vz-efe8986b-460.b-cdn.net/00dfddf1-9155-4a66-a192-fef3ea3202ff/play_360p.mp4,,https://upload.wikimedia.org/wikipedia/en/thumb/1/19/Phoenix_%282025_film%29.jpg/250px-Phoenix_%282025_film%29.jpg,120,,"[""Action"",""Drama"",""Sport""]",en,"[""HD""]","[""FEDHA"",""CHUMA"",""DHAHABU"",""MALKIA"",""ALMASI""]",2024-01-01 00:00:00+00,,85,true,false,,0,[],	Anal Arasu,[],false,,30,[],
o6x1DEzL4x0PtF9vRBwO,Mirai 2025,"Filamu ya **Mirai** (2025) inahusu yatima anayeitwa **Vedha Prajapati**, ambaye anatambua kuwa **amechaguliwa** kulinda **vitabu tisa vitakatifu** ('grandhas') vya **Ashoka** vyenye nguvu kubwa, kutokana na yule mchawi mwovu **Mahabir Lama** ('Black Sword'). Anapambana kuokoa ulimwengu, akijifunza kutumia **silaha ya kimungu**, **Mirai**, inayounganishwa na **Ramayana**, ili kumshinda adui yake. Ni vita vya hadithi za kale dhidi ya ulimwengu wa kisasa.",https://iframe.mediadelivery.net/play/554297/9d96ca49-f702-4d2c-bcc9-e463ad945f42,https://vz-12176983-62c.b-cdn.net/9d96ca49-f702-4d2c-bcc9-e463ad945f42/original,,https://vz-12176983-62c.b-cdn.net/9d96ca49-f702-4d2c-bcc9-e463ad945f42/thumbnail_b7c85189.jpg,119,2025-12-07 00:00:00+00,"[""Fantasy"",""Adventure""]",en,"[""HD""]","[""FEDHA"",""CHUMA"",""DHAHABU"",""MALKIA"",""ALMASI""]",2024-01-01 00:00:00+00,,203,true,false,,0,[],	Karthik Gattamneni,[],false,,30,[],
O8dzmDJn3wEWbFKMppHj,Ghaati movie 2025,"**Ghaati** (2025) ni filamu ya **kusisimua** inayotoka India na inahusu **uhalifu** na **kulipiza kisasi** katika eneo la **mashambani** na **milima** ('ghaati').

Hadithi inamfuata afisa wa polisi **Jayesh** (mfano wa jina) ambaye anatumiwa katika kijiji ambacho kimefungwa na **utamaduni wa kimya** na **vitendo vya uhalifu** vya zamani. Anachunguza **mauaji ya kutatanisha** ya mfanyabiashara tajiri ambaye alikuwa **anawatesa** wananchi wa eneo hilo.

Jayesh anagundua kuwa mauaji hayo hayakufanywa na mtu mmoja, bali na **kundi la wanakijiji** waliochoshwa na **ukatili** na **dhuluma**. Wananchi hawa wanafanya kazi kwa siri chini ya kivuli cha **mwenyeji mzee** ambaye anataka **haki** itendeke kwa **njia za siri**. Jayesh lazima aamue kati ya **kutii sheria** au **kufuata dhamira** yake, anapojua ukweli wa **vitendo vya kulipiza kisasi** vilivyofanywa katika **ghaati** (bonde) hilo. Ni kuhusu **haki ya zamani** na **sheria ya kisasa**.",https://iframe.mediadelivery.net/play/554297/eb63b965-23b9-4a59-a4f9-2f6748ac450a,https://vz-12176983-62c.b-cdn.net/eb63b965-23b9-4a59-a4f9-2f6748ac450a/original,,https://vz-12176983-62c.b-cdn.net/eb63b965-23b9-4a59-a4f9-2f6748ac450a/thumbnail_daac8caf.jpg,120,2025-12-07 00:00:00+00,"[""Action"",""Crime"",""Drama""]",en,"[""HD""]","[""FEDHA"",""ALMASI"",""MALKIA"",""CHUMA"",""DHAHABU""]",2024-01-01 00:00:00+00,,104,true,false,,0,[],	Krish Jagarlamudi,[],false,,30,[],
owMdR6527S5jM9W7J2oK,Nobody 2,"Hutch anajaribu likizo ya familia ili kuacha kazi zake za siri, lakini vurugu zinamfuata hadi Plummerville. Ugomvi mdogo unafichua tena ustadi wake wa mauaji, ukivuta maadui hatari. Ili kuwalinda mke na watoto, analazimika kurudi kwenye maisha yake ya zamani na kupambana hadi mwisho.",https://iframe.mediadelivery.net/play/552231/c6a3db61-35ab-4dab-b336-75dc6418a690,https://vz-efe8986b-460.b-cdn.net/c6a3db61-35ab-4dab-b336-75dc6418a690/play_360p.mp4,,https://blogger.googleusercontent.com/img/b/R29vZ2xl/AVvXsEi_rtMHu_2HPUXa4I5Y4Dmdo2EeBOYd7i8sTW3CZKEux5tGLDaSnZJbr0W7S8q1jS4I9_h3PRGcIrsEXM2jQDBLdvcOTDI_mHHDgliSrGnVC9qAigCXkFB64qBvLoxpLtsnhiNpyhsJdmS30-0VOxN_Jo0dEAmoMpy7eoBgldyCZeqIv1MkkxWXr_nKD2E/s396/Nobody_2_Official_Poster.jpg,60,,"[""Action""]",en,"[""HD""]","[""FEDHA"",""CHUMA"",""DHAHABU"",""MALKIA"",""ALMASI""]",2024-01-01 00:00:00+00,,58,true,false,,0,[],Timo Tjahjanto,"[""action"",""almasi"",""anajaribu"",""analazimika"",""chuma"",""dhahabu"",""en"",""familia"",""fedha"",""hadi"",""hatari"",""hutch"",""ili"",""kazi"",""kuacha"",""kupambana"",""kurudi"",""kuwalinda"",""lakini"",""likizo"",""maadui"",""maisha"",""malkia"",""mauaji"",""mdogo"",""mke"",""mwisho"",""nobody"",""nobody 2"",""plummerville"",""siri"",""tena"",""timo"",""timo tjahjanto"",""tjahjanto"",""ugomvi"",""ukivuta"",""unafichua"",""ustadi"",""vurugu"",""wa"",""wake"",""watoto"",""yake"",""za"",""zake"",""zamani"",""zinamfuata""]",false,,30,[],
PhpsPvCb68ogSSolG5W3,Baramulla 2025,"**Baramulla** (2025) ni filamu ya **kusisimua** na **vitendo** vya Kihindi (Bollywood), ambayo inasimulia hadithi iliyowekwa katika mji uliojaa migogoro wa **Baramulla**, **Kashmir**.

Inahusu afisa wa jeshi wa kiwango cha juu, **Major Arjun Sharma** (mfano wa jina), ambaye anatumiwa katika mji huo wenye **hali tete** na **uhasama wa kisiasa**. Misheni yake ni kutafuta na kuharibu seli ya **ugaidi** inayoongoza shughuli za usaliti nchini India.

Arjun anafanya kazi na wakazi wa eneo hilo, wakiwemo **wapelelezi wa ndani** na **majasusi wa siri**. Anagundua njama kubwa ya **kuchochea machafuko** na **kuiba rasilimali** za mkoa huo. Filamu inaonyesha **mapigano makali** katika theluji, **msimamo wa kizalendo**, na **uchungu** wa watu wa Kashmir, huku Arjun akipigana **kulinda** mpaka na kuleta **amani** dhidi ya wapinzani wenye silaha kali na **njama za kimataifa**.",https://iframe.mediadelivery.net/play/554297/90eece4e-2363-4e22-aaa3-b22f15a1d86b,https://vz-12176983-62c.b-cdn.net/90eece4e-2363-4e22-aaa3-b22f15a1d86b/orignal,,https://vz-12176983-62c.b-cdn.net/90eece4e-2363-4e22-aaa3-b22f15a1d86b/thumbnail_d3d2fcc8.jpg,120,2025-12-07 00:00:00+00,"[""Horror"",""Thriller""]",en,"[""HD""]","[""FEDHA"",""CHUMA"",""DHAHABU"",""MALKIA"",""ALMASI""]",2024-01-01 00:00:00+00,,84,true,false,,0,[],	Aditya Suhas Jambhale,[],false,,30,[],
qh8ziySs7bZQlQi3Pm6j,dada wa yanga,connection iliyovuja,https://iframe.mediadelivery.net/play/555904/c99164b9-0142-4f4a-907e-82e125980106,https://vz-d9bb3b5b-3a4.b-cdn.net/c99164b9-0142-4f4a-907e-82e125980106/original,,https://vz-d9bb3b5b-3a4.b-cdn.net/c99164b9-0142-4f4a-907e-82e125980106/thumbnail.jpg,1,2026-03-10 00:00:00+00,[],sw,"[""HD""]",[],2026-03-10 20:40:17.462+00,2026-05-23 12:22:14.901+00,72,true,true,zilizovuja,0,[],o,[],true,2000,3,[],
RoVSU3ecqVqqhMXqaY4b,Baltasar Engonga,katika zote hii ni balaa,https://iframe.mediadelivery.net/play/555930/c2bc8a7e-c166-41a0-be08-9dbd11730574,https://vz-eb5096f4-a2f.b-cdn.net/c2bc8a7e-c166-41a0-be08-9dbd11730574/play_480p.mp4,,https://vz-eb5096f4-a2f.b-cdn.net/c2bc8a7e-c166-41a0-be08-9dbd11730574/thumbnail.jpg,0,2026-05-02 00:00:00+00,[],sw,"[""HD""]",[],2026-05-02 08:51:06.652+00,2026-05-05 23:23:39.737+00,57,true,true,zilizovuja,0,[],,[],true,2000,3,[],
siz_w_n003,Dirty Sexy,DJ: DjM • Vipindi: 14,https://pub-f6a0038b509c4b508e48df3c30d5061d.r2.dev/003/Dirty_Sexy_01_N003_Samstudio.mp4,https://pub-f6a0038b509c4b508e48df3c30d5061d.r2.dev/003/Dirty_Sexy_01_N003_Samstudio.mp4,,https://pub-f6a0038b509c4b508e48df3c30d5061d.r2.dev/003/003.jpg,2019,2026-07-31 00:38:07.809966+00,[],sw,"[""HD""]",[],,,5,true,true,movies-ngono,0,[],DjM,[],true,2000,1,[],
siz_w_n007,Seal of Desire,DJ: DjM • Vipindi: 12,https://pub-f6a0038b509c4b508e48df3c30d5061d.r2.dev/007/Seal%20Of%20Desire%2001%20N007%20Samstudio.mp4,https://pub-f6a0038b509c4b508e48df3c30d5061d.r2.dev/007/Seal%20Of%20Desire%2001%20N007%20Samstudio.mp4,,https://pub-f6a0038b509c4b508e48df3c30d5061d.r2.dev/007/007.webp,2022,2026-07-31 00:38:07.809966+00,[],sw,"[""HD""]",[],,,3,true,true,movies-ngono,0,[],DjM,[],true,2000,1,[],
siz_w_n008,Sex Life S1,DJ: DjM • Vipindi: 23,https://pub-f6a0038b509c4b508e48df3c30d5061d.r2.dev/008/SEX%20LIFE%201%2B255759727895.mp4,https://pub-f6a0038b509c4b508e48df3c30d5061d.r2.dev/008/SEX%20LIFE%201%2B255759727895.mp4,,https://pub-f6a0038b509c4b508e48df3c30d5061d.r2.dev/008/008.webp,2025,2026-07-31 00:38:07.809966+00,[],sw,"[""HD""]",[],,,0,true,true,movies-ngono,0,[],DjM,[],true,2000,1,[],
siz_w_n009,Sex/Life S2,DJ: DjM • Vipindi: 19,https://pub-f6a0038b509c4b508e48df3c30d5061d.r2.dev/N009_Sex_Life_S2/SEX_LIFE_SEO2_ep_1djm_N009_Samstudio.mp4,https://pub-f6a0038b509c4b508e48df3c30d5061d.r2.dev/N009_Sex_Life_S2/SEX_LIFE_SEO2_ep_1djm_N009_Samstudio.mp4,,https://pub-f6a0038b509c4b508e48df3c30d5061d.r2.dev/N009_Sex_Life_S2/009.webp,2023,2026-07-31 00:38:07.809966+00,[],sw,"[""HD""]",[],,,2,true,true,movies-ngono,0,[],DjM,[],true,2000,1,[],
siz_w_n011,Boss Ma'am,DJ: Dj Roboti • Vipindi: 8,https://pub-f6a0038b509c4b508e48df3c30d5061d.r2.dev/011/Boss%20Maam%2001%20N011%20Samstudio.mp4,https://pub-f6a0038b509c4b508e48df3c30d5061d.r2.dev/011/Boss%20Maam%2001%20N011%20Samstudio.mp4,,https://pub-f6a0038b509c4b508e48df3c30d5061d.r2.dev/011/011.webp,2024,2026-07-31 00:38:07.809966+00,[],sw,"[""HD""]",[],,,0,true,true,movies-ngono,0,[],Dj Roboti,[],true,2000,1,[],
siz_w_n014,Dont Try (Kiss And Kill),DJ: DjM • Vipindi: 10,https://pub-f6a0038b509c4b508e48df3c30d5061d.r2.dev/014/Don't%20Try%20%2001%20djm%20N014%20Samstudio.mp4,https://pub-f6a0038b509c4b508e48df3c30d5061d.r2.dev/014/Don't%20Try%20%2001%20djm%20N014%20Samstudio.mp4,,https://pub-f6a0038b509c4b508e48df3c30d5061d.r2.dev/014/014.webp,2017,2026-07-31 00:38:07.809966+00,[],sw,"[""HD""]",[],,,0,true,true,movies-ngono,0,[],DjM,[],true,2000,1,[],
siz_w_n018,Nymphomaniac: Vol. I,DJ: DjM • Vipindi: 9,https://pub-f6a0038b509c4b508e48df3c30d5061d.r2.dev/018/GHOST%20LOVE%201djm%20N018%20Samstudio.mp4,https://pub-f6a0038b509c4b508e48df3c30d5061d.r2.dev/018/GHOST%20LOVE%201djm%20N018%20Samstudio.mp4,,https://pub-f6a0038b509c4b508e48df3c30d5061d.r2.dev/018/018.webp,2013,2026-07-31 00:38:06.817315+00,[],sw,"[""HD""]",[],,,1,true,true,movies-ngono,0,[],DjM,[],true,2000,1,[],
siz_w_n019,A Love Story from the Streets,DJ: DjM • Vipindi: 14,https://pub-f6a0038b509c4b508e48df3c30d5061d.r2.dev/019/Miami%20Beach%2001%20N019%20Samstudio.mp4,https://pub-f6a0038b509c4b508e48df3c30d5061d.r2.dev/019/Miami%20Beach%2001%20N019%20Samstudio.mp4,,https://pub-f6a0038b509c4b508e48df3c30d5061d.r2.dev/019/019.webp,2023,2026-07-31 00:38:06.817315+00,[],sw,"[""HD""]",[],,,2,true,true,movies-ngono,0,[],DjM,[],true,2000,1,[],
siz_w_n021,Home Service (Happy),DJ: DjM • Vipindi: 14,https://pub-f6a0038b509c4b508e48df3c30d5061d.r2.dev/021/Happy%2001%20N021%20Samstudio.mp4,https://pub-f6a0038b509c4b508e48df3c30d5061d.r2.dev/021/Happy%2001%20N021%20Samstudio.mp4,,https://pub-f6a0038b509c4b508e48df3c30d5061d.r2.dev/021/021.webp,2023,2026-07-31 00:38:06.817315+00,[],sw,"[""HD""]",[],,,0,true,true,movies-ngono,0,[],DjM,[],true,2000,1,[],
siz_w_n023,Indecent Proposal,DJ: DjM • Vipindi: 14,https://pub-f6a0038b509c4b508e48df3c30d5061d.r2.dev/023/Proposal%2001%20N023%20Samstudio.mp4,https://pub-f6a0038b509c4b508e48df3c30d5061d.r2.dev/023/Proposal%2001%20N023%20Samstudio.mp4,,https://pub-f6a0038b509c4b508e48df3c30d5061d.r2.dev/023/023.webp,1993,2026-07-31 00:38:06.817315+00,[],sw,"[""HD""]",[],,,3,true,true,movies-ngono,0,[],DjM,[],true,2000,1,[],
siz_w_n026,Hush,DJ: BabuDj • Vipindi: 12,https://pub-f6a0038b509c4b508e48df3c30d5061d.r2.dev/026/Hush%2001%20N026%20BabuDj.mp4,https://pub-f6a0038b509c4b508e48df3c30d5061d.r2.dev/026/Hush%2001%20N026%20BabuDj.mp4,,https://pub-f6a0038b509c4b508e48df3c30d5061d.r2.dev/026/026.webp,2019,2026-07-31 00:38:06.817315+00,[],sw,"[""HD""]",[],,,0,true,true,movies-ngono,0,[],BabuDj,[],true,2000,1,[],
siz_w_n030,Sex & Fury,DJ: DjM • Vipindi: 10,https://pub-f6a0038b509c4b508e48df3c30d5061d.r2.dev/030/Sex%20Fury%2001%20N030%20Samstudio.mp4,https://pub-f6a0038b509c4b508e48df3c30d5061d.r2.dev/030/Sex%20Fury%2001%20N030%20Samstudio.mp4,,https://pub-f6a0038b509c4b508e48df3c30d5061d.r2.dev/030/030.webp,1973,2026-07-31 00:38:06.817315+00,[],sw,"[""HD""]",[],,,2,true,true,movies-ngono,0,[],DjM,[],true,2000,1,[],
siz_w_n032,Hey You,DJ: Dj Macklove • Vipindi: 8,https://pub-f6a0038b509c4b508e48df3c30d5061d.r2.dev/032/Hey%20You%20Ep.%2001%20N032%20DJMacklove.mp4,https://pub-f6a0038b509c4b508e48df3c30d5061d.r2.dev/032/Hey%20You%20Ep.%2001%20N032%20DJMacklove.mp4,,https://pub-f6a0038b509c4b508e48df3c30d5061d.r2.dev/032/032.webp,2022,2026-07-31 00:38:06.817315+00,[],sw,"[""HD""]",[],,,4,true,true,movies-ngono,0,[],Dj Macklove,[],true,2000,1,[],
siz_w_n037,Alice,DJ: DjM • Vipindi: 13,https://pub-f6a0038b509c4b508e48df3c30d5061d.r2.dev/037/Alice%2001%20N037%20Djm.mp4,https://pub-f6a0038b509c4b508e48df3c30d5061d.r2.dev/037/Alice%2001%20N037%20Djm.mp4,,https://pub-f6a0038b509c4b508e48df3c30d5061d.r2.dev/037/037.webp,2019,2026-07-31 00:38:06.817315+00,[],sw,"[""HD""]",[],,,1,true,true,movies-ngono,0,[],DjM,[],true,2000,1,[],
siz_w_n039,Mayor of Kingstown S1,DJ: BabuDj • Vipindi: 15,https://pub-f6a0038b509c4b508e48df3c30d5061d.r2.dev/039/S1/Mayor%20Of%20Kingston%20S1.Ep01%20N039%20Babu%20Dj.mp4,https://pub-f6a0038b509c4b508e48df3c30d5061d.r2.dev/039/S1/Mayor%20Of%20Kingston%20S1.Ep01%20N039%20Babu%20Dj.mp4,,https://pub-f6a0038b509c4b508e48df3c30d5061d.r2.dev/039/S1/039.webp,2021,2026-07-31 00:38:06.817315+00,[],sw,"[""HD""]",[],,,2,true,true,movies-ngono,0,[],BabuDj,[],true,2000,1,[],
siz_w_n042,Platinum,DJ: DjM • Vipindi: 8,https://pub-f6a0038b509c4b508e48df3c30d5061d.r2.dev/042/PIMP%20MASTER%201%20N042%20-255759727895.mp4,https://pub-f6a0038b509c4b508e48df3c30d5061d.r2.dev/042/PIMP%20MASTER%201%20N042%20-255759727895.mp4,,https://pub-f6a0038b509c4b508e48df3c30d5061d.r2.dev/042/042.webp,2022,2026-07-31 00:38:06.817315+00,[],sw,"[""HD""]",[],,,0,true,true,movies-ngono,0,[],DjM,[],true,2000,1,[],
siz_w_n043,All the Queen's Men,DJ: Babudj • Vipindi: 10,https://pub-f6a0038b509c4b508e48df3c30d5061d.r2.dev/043/all%20queens.Men.01%20N043%20babu%20dj-255759727895.mp4,https://pub-f6a0038b509c4b508e48df3c30d5061d.r2.dev/043/all%20queens.Men.01%20N043%20babu%20dj-255759727895.mp4,,https://pub-f6a0038b509c4b508e48df3c30d5061d.r2.dev/043/043.webp,2021,2026-07-31 00:38:06.817315+00,[],sw,"[""HD""]",[],,,0,true,true,movies-ngono,0,[],Babudj,[],true,2000,1,[],
siz_w_n044,Obsession Graphic Sex,DJ: DjM • Vipindi: 8,https://pub-f6a0038b509c4b508e48df3c30d5061d.r2.dev/044/GRAPHIC%20SEX%201djm%20N044%20%2B255759727895.mp4,https://pub-f6a0038b509c4b508e48df3c30d5061d.r2.dev/044/GRAPHIC%20SEX%201djm%20N044%20%2B255759727895.mp4,,https://pub-f6a0038b509c4b508e48df3c30d5061d.r2.dev/044/044.jpg,2023,2026-07-31 00:38:06.817315+00,[],sw,"[""HD""]",[],,,2,true,true,movies-ngono,0,[],DjM,[],true,2000,1,[],
siz_w_n046,Fifty Shades of Grey,DJ: DjM • Vipindi: 8,https://pub-f6a0038b509c4b508e48df3c30d5061d.r2.dev/046/ASHANT%201djm%20N046%20-255759727895.mp4,https://pub-f6a0038b509c4b508e48df3c30d5061d.r2.dev/046/ASHANT%201djm%20N046%20-255759727895.mp4,,https://pub-f6a0038b509c4b508e48df3c30d5061d.r2.dev/046/046.webp,2015,2026-07-31 00:38:06.817315+00,[],sw,"[""HD""]",[],,,1,true,true,movies-ngono,0,[],DjM,[],true,2000,1,[],
siz_w_n049,Unfaithful,DJ: DjM • Vipindi: 6,https://pub-f6a0038b509c4b508e48df3c30d5061d.r2.dev/049/Unfaithful%2001%20N049%20Djm.mp4,https://pub-f6a0038b509c4b508e48df3c30d5061d.r2.dev/049/Unfaithful%2001%20N049%20Djm.mp4,,https://pub-f6a0038b509c4b508e48df3c30d5061d.r2.dev/049/049.webp,2002,2026-07-31 00:38:06.817315+00,[],sw,"[""HD""]",[],,,0,true,true,movies-ngono,0,[],DjM,[],true,2000,1,[],
siz_w_n050,Fatal Seduction,DJ: DjM • Vipindi: 14,https://pub-f6a0038b509c4b508e48df3c30d5061d.r2.dev/050/%20FATAL%20SEDUCTION%201djm%20N050%20-255759727895.mp4,https://pub-f6a0038b509c4b508e48df3c30d5061d.r2.dev/050/%20FATAL%20SEDUCTION%201djm%20N050%20-255759727895.mp4,,https://pub-f6a0038b509c4b508e48df3c30d5061d.r2.dev/050/050.jpg,2023,2026-07-31 00:38:06.817315+00,[],sw,"[""HD""]",[],,,0,true,true,movies-ngono,0,[],DjM,[],true,2000,1,[],
siz_w_n053,Fifty Shades Darker,DJ: DjM • Vipindi: 12,https://pub-f6a0038b509c4b508e48df3c30d5061d.r2.dev/053/Fifty%20Shades%20Darker-djm%20N053%20A-SamstudioPart001.mp4,https://pub-f6a0038b509c4b508e48df3c30d5061d.r2.dev/053/Fifty%20Shades%20Darker-djm%20N053%20A-SamstudioPart001.mp4,,https://pub-f6a0038b509c4b508e48df3c30d5061d.r2.dev/053/053%20(2).jpg,2017,2026-07-31 00:38:06.817315+00,[],sw,"[""HD""]",[],,,1,true,true,movies-ngono,0,[],DjM,[],true,2000,1,[],
siz_w_n055,365 Days,DJ: DjM • Vipindi: 11,https://pub-f6a0038b509c4b508e48df3c30d5061d.r2.dev/055/365%20DAYS%201djm%20N055%20SamstudioPart001.mp4,https://pub-f6a0038b509c4b508e48df3c30d5061d.r2.dev/055/365%20DAYS%201djm%20N055%20SamstudioPart001.mp4,,https://pub-f6a0038b509c4b508e48df3c30d5061d.r2.dev/055/055.jpg,2022,2026-07-31 00:38:06.817315+00,[],sw,"[""HD""]",[],,,0,true,true,movies-ngono,0,[],DjM,[],true,2000,1,[],
siz_w_n063,Cocaine Godmother,DJ: DjM • Vipindi: 11,https://pub-f6a0038b509c4b508e48df3c30d5061d.r2.dev/063/Cocaine%20Godmother%2001%20N063%20Samstudio.mp4,https://pub-f6a0038b509c4b508e48df3c30d5061d.r2.dev/063/Cocaine%20Godmother%2001%20N063%20Samstudio.mp4,,https://lh5.googleusercontent.com/proxy/9yHcwLQqROmUYDtrqEC8OR2-oy8mCOocT_q1h3n97_TpyTO2OwS_N4osYzKg0WC2DJrJ0fYnX5cauJQ_GfN2zF3HGnrAdRtzP8q51X_1Euo,2017,2026-07-31 00:38:06.817315+00,[],sw,"[""HD""]",[],,,1,true,true,movies-ngono,0,[],DjM,[],true,2000,1,[],
siz_w_n068,Illicit Desire,DJ: DjM • Vipindi: 9,https://pub-f6a0038b509c4b508e48df3c30d5061d.r2.dev/068/Illicit%20Desire%2001%20N068%20DjM.mp4,https://pub-f6a0038b509c4b508e48df3c30d5061d.r2.dev/068/Illicit%20Desire%2001%20N068%20DjM.mp4,,https://pub-f6a0038b509c4b508e48df3c30d5061d.r2.dev/068/068.jpg,2025,2026-07-31 00:38:06.817315+00,[],sw,"[""HD""]",[],,,2,true,true,movies-ngono,0,[],DjM,[],true,2000,1,[],
siz_w_n074,Submission,DJ: DjM • Vipindi: 12,https://pub-f6a0038b509c4b508e48df3c30d5061d.r2.dev/074/SUBMISSION%201djm%20N074%20-255759727895.mp4,https://pub-f6a0038b509c4b508e48df3c30d5061d.r2.dev/074/SUBMISSION%201djm%20N074%20-255759727895.mp4,,https://pub-f6a0038b509c4b508e48df3c30d5061d.r2.dev/074/074%20(2).webp,2016,2026-07-31 00:38:06.817315+00,[],sw,"[""HD""]",[],,,0,true,true,movies-ngono,0,[],DjM,[],true,2000,1,[],
siz_w_n082,Balinsasayaw,DJ: Dj Roboti • Vipindi: 10,https://sizoni.com/d/N082%20Balinsasayaw/Balinsasayaw%2001%20N082%20Samstudio.mp4,https://sizoni.com/d/N082%20Balinsasayaw/Balinsasayaw%2001%20N082%20Samstudio.mp4,,https://i.pinimg.com/1200x/0f/ad/83/0fad83f36d89122e71c7a43efffa2027.jpg,2024,2026-07-31 00:38:06.817315+00,[],sw,"[""HD""]",[],,,0,true,true,movies-ngono,0,[],Dj Roboti,[],true,2000,1,[],
siz_w_n084,Lagaslas,DJ: BabuDj • Vipindi: 10,https://sizoni.com/d/N084%20lagaslas%20BabuDj/Lagaslas%20Samstudio%20%281%29%20N084%20BabuDj.mp4,https://sizoni.com/d/N084%20lagaslas%20BabuDj/Lagaslas%20Samstudio%20%281%29%20N084%20BabuDj.mp4,,https://i.pinimg.com/1200x/ae/3e/3b/ae3e3bf18b90a4016d2d628632da6e1c.jpg,2023,2026-07-31 00:38:06.817315+00,[],sw,"[""HD""]",[],,,0,true,true,movies-ngono,0,[],BabuDj,[],true,2000,1,[],
siz_w_n090,Sleeping Beauty,DJ: Dj Roboti • Vipindi: 10,https://pub-f6a0038b509c4b508e48df3c30d5061d.r2.dev/090/Sleeping%20Beauty%2001%20N090%20DjRoboti.mp4,https://pub-f6a0038b509c4b508e48df3c30d5061d.r2.dev/090/Sleeping%20Beauty%2001%20N090%20DjRoboti.mp4,,https://pub-f6a0038b509c4b508e48df3c30d5061d.r2.dev/090/090.jpg,2011,2026-07-31 00:38:06.817315+00,[],sw,"[""HD""]",[],,,1,true,true,movies-ngono,0,[],Dj Roboti,[],true,2000,1,[],
siz_w_n100,Perfume The Story of a Murderer,DJ: Babudj • Vipindi: 14,https://pub-f6a0038b509c4b508e48df3c30d5061d.r2.dev/100/Perfume%2001%20N100%20BabuDj.mp4,https://pub-f6a0038b509c4b508e48df3c30d5061d.r2.dev/100/Perfume%2001%20N100%20BabuDj.mp4,,https://pub-f6a0038b509c4b508e48df3c30d5061d.r2.dev/100/N100.webp,2016,2026-07-31 00:38:06.817315+00,[],sw,"[""HD""]",[],,,0,true,true,movies-ngono,0,[],Babudj,[],true,2000,1,[],
siz_w_n117,Cheaters,DJ: Dj Roboti • Vipindi: 7,https://sizoni.com/d/N117%20Cheaters/Cheaters%2001%20N117%20DjRobot.mp4,https://sizoni.com/d/N117%20Cheaters/Cheaters%2001%20N117%20DjRobot.mp4,,https://i.pinimg.com/1200x/9f/9e/6b/9f9e6b035de31e843b82d06cd308c76b.jpg,2024,2026-07-31 00:38:06.817315+00,[],sw,"[""HD""]",[],,,0,true,true,movies-ngono,0,[],Dj Roboti,[],true,2000,1,[],
siz_w_n118,The Odyssey,DJ: Dj Mack • Vipindi: 15,https://pub-f6a0038b509c4b508e48df3c30d5061d.r2.dev/118/The%20Odyssey%2001%20N118%20Samstudio.mp4,https://pub-f6a0038b509c4b508e48df3c30d5061d.r2.dev/118/The%20Odyssey%2001%20N118%20Samstudio.mp4,,https://pub-f6a0038b509c4b508e48df3c30d5061d.r2.dev/118/118.webp,2025,2026-07-31 00:38:06.817315+00,[],sw,"[""HD""]",[],,,3,true,true,movies-ngono,0,[],Dj Mack,[],true,2000,1,[],
siz_w_n123,Red Sparrow,DJ: DjM • Vipindi: 15,https://pub-f6a0038b509c4b508e48df3c30d5061d.r2.dev/123/Red%20Sparrow%2001%20N123%20Samstudio.mp4,https://pub-f6a0038b509c4b508e48df3c30d5061d.r2.dev/123/Red%20Sparrow%2001%20N123%20Samstudio.mp4,,https://pub-f6a0038b509c4b508e48df3c30d5061d.r2.dev/123/123.webp,2018,2026-07-31 00:38:06.817315+00,[],sw,"[""HD""]",[],,,11,true,true,movies-ngono,0,[],DjM,[],true,2000,1,[],
siz_w_n140,Dayo,DJ: Dj Roboti • Vipindi: 10,https://sizoni.com/d/N140%20Dayo/Dayo%2001%20N140%20Samstudio.mp4,https://sizoni.com/d/N140%20Dayo/Dayo%2001%20N140%20Samstudio.mp4,,https://i.pinimg.com/1200x/7e/02/50/7e0250d60142e6690d83dd1ec7a02bde.jpg,2024,2026-07-31 00:38:06.817315+00,[],sw,"[""HD""]",[],,,0,true,true,movies-ngono,0,[],Dj Roboti,[],true,2000,1,[],
siz_w_n143,Desire,DJ: Dj Roboti • Vipindi: 10,https://pub-f6a0038b509c4b508e48df3c30d5061d.r2.dev/143/Desire%2001%20N143%20DjRoboti.mp4,https://pub-f6a0038b509c4b508e48df3c30d5061d.r2.dev/143/Desire%2001%20N143%20DjRoboti.mp4,,https://pub-f6a0038b509c4b508e48df3c30d5061d.r2.dev/143/143.webp,2011,2026-07-31 00:38:06.817315+00,[],sw,"[""HD""]",[],,,2,true,true,movies-ngono,0,[],Dj Roboti,[],true,2000,1,[],
siz_w_n153,Knock Knock,DJ: DjM • Vipindi: 10,https://pub-f6a0038b509c4b508e48df3c30d5061d.r2.dev/153/Knock%20Knock%2001%20N153%20Samstudio.mp4,https://pub-f6a0038b509c4b508e48df3c30d5061d.r2.dev/153/Knock%20Knock%2001%20N153%20Samstudio.mp4,,https://cdn.filmnudes.com/717001/ana-de-armas-knock-knock-scaled.webp,2015,2026-07-31 00:38:06.817315+00,[],sw,"[""HD""]",[],,,3,true,true,movies-ngono,0,[],DjM,[],true,2000,1,[],
siz_w_n160,Adulting,DJ: DjM • Vipindi: 11,https://pub-f6a0038b509c4b508e48df3c30d5061d.r2.dev/160/Street%20Life%2001%20N160%20Djm.mp4,https://pub-f6a0038b509c4b508e48df3c30d5061d.r2.dev/160/Street%20Life%2001%20N160%20Djm.mp4,,https://pub-f6a0038b509c4b508e48df3c30d5061d.r2.dev/160/160.webp,2023,2026-07-31 00:38:06.817315+00,[],sw,"[""HD""]",[],,,0,true,true,movies-ngono,0,[],DjM,[],true,2000,1,[],
siz_w_n169,Six Swedish Girls in a Boarding School,DJ: Original • Vipindi: 10,https://pub-f6a0038b509c4b508e48df3c30d5061d.r2.dev/169/Six%20Swedish%20Girls%2001%20N169%20Samstudio.mp4,https://pub-f6a0038b509c4b508e48df3c30d5061d.r2.dev/169/Six%20Swedish%20Girls%2001%20N169%20Samstudio.mp4,,https://pub-f6a0038b509c4b508e48df3c30d5061d.r2.dev/169/1b.webp,1979,2026-07-31 00:38:06.817315+00,[],sw,"[""HD""]",[],,,1,true,true,movies-ngono,0,[],Original,[],true,2000,1,[],
siz_w_n173,Ruthless S1,DJ: BabuDj • Vipindi: 18,https://pub-f6a0038b509c4b508e48df3c30d5061d.r2.dev/173/S1/Ruthless%2001%20babudj%20N173%20Samstudio.mp4,https://pub-f6a0038b509c4b508e48df3c30d5061d.r2.dev/173/S1/Ruthless%2001%20babudj%20N173%20Samstudio.mp4,,https://pub-f6a0038b509c4b508e48df3c30d5061d.r2.dev/173/UIO.jpg,2020,2026-07-31 00:38:06.817315+00,[],sw,"[""HD""]",[],,,1,true,true,movies-ngono,0,[],BabuDj,[],true,2000,1,[],
siz_w_n176,Malena,DJ: Original • Vipindi: 10,https://pub-f6a0038b509c4b508e48df3c30d5061d.r2.dev/176/Malena%20Mtoto%20Kautaka%2001%20N176%20Samstudio.mp4,https://pub-f6a0038b509c4b508e48df3c30d5061d.r2.dev/176/Malena%20Mtoto%20Kautaka%2001%20N176%20Samstudio.mp4,,https://pub-f6a0038b509c4b508e48df3c30d5061d.r2.dev/176/176.webp,2000,2026-07-31 00:38:06.817315+00,[],sw,"[""HD""]",[],,,1,true,true,movies-ngono,0,[],Original,[],true,2000,1,[],
siz_w_n180,Swap Out,DJ: Dj Roboti • Vipindi: 10,https://pub-f6a0038b509c4b508e48df3c30d5061d.r2.dev/180/Swap%20Out%2001%20N180%20DjRobot.mp4,https://pub-f6a0038b509c4b508e48df3c30d5061d.r2.dev/180/Swap%20Out%2001%20N180%20DjRobot.mp4,,https://i.pinimg.com/1200x/01/6f/72/016f724848ca344e2b65417651d0f421.jpg,2022,2026-07-31 00:38:06.817315+00,[],sw,"[""HD""]",[],,,1,true,true,movies-ngono,0,[],Dj Roboti,[],true,2000,1,[],
siz_w_n183,"Kinsenas, Katapusan",DJ: Dj Roboti • Vipindi: 9,https://sizoni.com/d/N183%20Kinsenas%20Katapusan/Kinsenas.Katapusan.01%20N183%20Samstudio.mp4,https://sizoni.com/d/N183%20Kinsenas%20Katapusan/Kinsenas.Katapusan.01%20N183%20Samstudio.mp4,,https://i.pinimg.com/1200x/ce/f1/c2/cef1c24dd9e8f2ef65bd03c56379180e.jpg,2022,2026-07-31 00:38:06.817315+00,[],sw,"[""HD""]",[],,,0,true,true,movies-ngono,0,[],Dj Roboti,[],true,2000,1,[],
siz_w_n184,Sugar Baby,DJ: Dj Roboti • Vipindi: 8,https://sizoni.com/d/N184%20SUGAR%20BABY/SUGAR%20BABY%201%20N184%20Samstudio.mp4,https://sizoni.com/d/N184%20SUGAR%20BABY/SUGAR%20BABY%201%20N184%20Samstudio.mp4,,https://i.pinimg.com/1200x/04/e7/e6/04e7e6b18b85d23f40f52d64ce9f8e91.jpg,2023,2026-07-31 00:38:06.817315+00,[],sw,"[""HD""]",[],,,0,true,true,movies-ngono,0,[],Dj Roboti,[],true,2000,1,[],
siz_w_n185,Sugar Baby,DJ: Dj Roboti • Vipindi: 8,https://sizoni.com/d/N184%20SUGAR%20BABY/SUGAR%20BABY%201%20N184%20Samstudio.mp4,https://sizoni.com/d/N184%20SUGAR%20BABY/SUGAR%20BABY%201%20N184%20Samstudio.mp4,,https://i.pinimg.com/1200x/cb/80/a5/cb80a51a63df67fdda53c300d760a1fb.jpg,2023,2026-07-31 00:38:06.817315+00,[],sw,"[""HD""]",[],,,0,true,true,movies-ngono,0,[],Dj Roboti,[],true,2000,1,[],
siz_w_n188,Malagit,DJ: Dj Roboti • Vipindi: 10,https://sizoni.com/d/N188%20Malagkit/Malagkit%2001%20N188%20Samstudio.mp4,https://sizoni.com/d/N188%20Malagkit/Malagkit%2001%20N188%20Samstudio.mp4,,https://i.pinimg.com/1200x/81/ca/f0/81caf050903b8b13b898870c7fd93352.jpg,2025,2026-07-31 00:38:06.817315+00,[],sw,"[""HD""]",[],,,0,true,true,movies-ngono,0,[],Dj Roboti,[],true,2000,1,[],
siz_w_n191,Fatal Season 2,DJ: DjM • Vipindi: 14,https://pub-f6a0038b509c4b508e48df3c30d5061d.r2.dev/191/Fatal%20Seduction%20S2%2001%20N191%20Djm.mp4,https://pub-f6a0038b509c4b508e48df3c30d5061d.r2.dev/191/Fatal%20Seduction%20S2%2001%20N191%20Djm.mp4,,https://pub-f6a0038b509c4b508e48df3c30d5061d.r2.dev/191/191.webp,2023,2026-07-31 00:38:06.817315+00,[],sw,"[""HD""]",[],,,0,true,true,movies-ngono,0,[],DjM,[],true,2000,1,[],
siz_w_n192,Benedetta,DJ: Original • Vipindi: 10,https://pub-f6a0038b509c4b508e48df3c30d5061d.r2.dev/192/Sister%20Benedetta.01%20Warete%20Dj.mp4,https://pub-f6a0038b509c4b508e48df3c30d5061d.r2.dev/192/Sister%20Benedetta.01%20Warete%20Dj.mp4,,https://pub-f6a0038b509c4b508e48df3c30d5061d.r2.dev/192/192.webp,2021,2026-07-31 00:38:06.817315+00,[],sw,"[""HD""]",[],,,1,true,true,movies-ngono,0,[],Original,[],true,2000,1,[],
siz_w_n193,Hit Man,DJ: Original • Vipindi: 10,https://pub-f6a0038b509c4b508e48df3c30d5061d.r2.dev/193/Hit%20Man%2001%20N193%20Samstudio.mp4,https://pub-f6a0038b509c4b508e48df3c30d5061d.r2.dev/193/Hit%20Man%2001%20N193%20Samstudio.mp4,,https://pub-f6a0038b509c4b508e48df3c30d5061d.r2.dev/193/193.webp,2023,2026-07-31 00:38:06.817315+00,[],sw,"[""HD""]",[],,,1,true,true,movies-ngono,0,[],Original,[],true,2000,1,[],
siz_w_n195,House of Ga'a,DJ: Dj Mack • Vipindi: 12,https://pub-f6a0038b509c4b508e48df3c30d5061d.r2.dev/195/House%20Of%20Gaa%2001%20N195%20DjMack.mp4,https://pub-f6a0038b509c4b508e48df3c30d5061d.r2.dev/195/House%20Of%20Gaa%2001%20N195%20DjMack.mp4,,https://pub-f6a0038b509c4b508e48df3c30d5061d.r2.dev/195/195.webp,2025,2026-07-31 00:38:06.817315+00,[],sw,"[""HD""]",[],,,5,true,true,movies-ngono,0,[],Dj Mack,[],true,2000,1,[],
siz_w_n197,Tayuan,DJ: Dj Roboti • Vipindi: 10,https://sizoni.com/d/N197%20Tayuan/Tayuan%2001%20N197%20DjRoboti.mp4,https://sizoni.com/d/N197%20Tayuan/Tayuan%2001%20N197%20DjRoboti.mp4,,https://i.pinimg.com/1200x/91/9a/ce/919ace675e0933834158c4b43dd252de.jpg,2023,2026-07-31 00:38:06.817315+00,[],sw,"[""HD""]",[],,,1,true,true,movies-ngono,0,[],Dj Roboti,[],true,2000,1,[],
siz_w_n198,Virgin Territory,DJ: Original • Vipindi: 10,https://pub-f6a0038b509c4b508e48df3c30d5061d.r2.dev/198/Virgin%20Territory%2001%20N198%20Samstudio.mp4,https://pub-f6a0038b509c4b508e48df3c30d5061d.r2.dev/198/Virgin%20Territory%2001%20N198%20Samstudio.mp4,,https://pub-f6a0038b509c4b508e48df3c30d5061d.r2.dev/198/unnamed%20(2).webp,2007,2026-07-31 00:38:06.817315+00,[],sw,"[""HD""]",[],,,2,true,true,movies-ngono,0,[],Original,[],true,2000,1,[],
siz_w_n202,Umjolo The Gone Girl,DJ: Dj Zed • Vipindi: 12,https://pub-f6a0038b509c4b508e48df3c30d5061d.r2.dev/202/Umjolo%2001%20N202%20dj%20zedy%20boy.mp4,https://pub-f6a0038b509c4b508e48df3c30d5061d.r2.dev/202/Umjolo%2001%20N202%20dj%20zedy%20boy.mp4,,https://pub-f6a0038b509c4b508e48df3c30d5061d.r2.dev/202/202.webp,2024,2026-07-31 00:38:06.817315+00,[],sw,"[""HD""]",[],,,3,true,true,movies-ngono,0,[],Dj Zed,[],true,2000,1,[],
siz_w_n205,Pleasure,DJ: Dj Roboti • Vipindi: 12,https://pub-f6a0038b509c4b508e48df3c30d5061d.r2.dev/205/Pleasure%2001%20N205%20DjRoboti.mp4,https://pub-f6a0038b509c4b508e48df3c30d5061d.r2.dev/205/Pleasure%2001%20N205%20DjRoboti.mp4,,https://pub-f6a0038b509c4b508e48df3c30d5061d.r2.dev/205/205.webp,2021,2026-07-31 00:38:06.817315+00,[],sw,"[""HD""]",[],,,1,true,true,movies-ngono,0,[],Dj Roboti,[],true,2000,1,[],
siz_w_n209,Kalakal,DJ: Dj Roboti • Vipindi: 10,https://pub-f6a0038b509c4b508e48df3c30d5061d.r2.dev/209/Kalakal%2001%20N209%20DjRoboti.mp4,https://pub-f6a0038b509c4b508e48df3c30d5061d.r2.dev/209/Kalakal%2001%20N209%20DjRoboti.mp4,,https://i.pinimg.com/1200x/22/82/8e/22828e8d2ce151056bda756b10565de3.jpg,2025,2026-07-31 00:38:06.817315+00,[],sw,"[""HD""]",[],,,1,true,true,movies-ngono,0,[],Dj Roboti,[],true,2000,1,[],
siz_w_n210,Tokyo Nights,DJ: Dj Roboti • Vipindi: 10,https://sizoni.com/d/N210%20Tokyo%20Night/Tokyo%20Nights%2001%20N210%20DjRobot.mp4,https://sizoni.com/d/N210%20Tokyo%20Night/Tokyo%20Nights%2001%20N210%20DjRobot.mp4,,https://i.pinimg.com/1200x/65/da/24/65da2480e17600a9e23c464ebdba5e48.jpg,2025,2026-07-31 00:38:06.817315+00,[],sw,"[""HD""]",[],,,1,true,true,movies-ngono,0,[],Dj Roboti,[],true,2000,1,[],
siz_w_n211,Veil Of Sin,DJ: Original • Vipindi: 10,https://pub-f6a0038b509c4b508e48df3c30d5061d.r2.dev/211/Veil%20Of%20Sin%20Samstudio%20(1)%20N211.mp4,https://pub-f6a0038b509c4b508e48df3c30d5061d.r2.dev/211/Veil%20Of%20Sin%20Samstudio%20(1)%20N211.mp4,,https://pub-f6a0038b509c4b508e48df3c30d5061d.r2.dev/211/211.webp,2025,2026-07-31 00:38:06.817315+00,[],sw,"[""HD""]",[],,,0,true,true,movies-ngono,0,[],Original,[],true,2000,1,[],
siz_w_n213,Maalikaya,DJ: Dj Roboti • Vipindi: 10,https://sizoni.com/d/N213%20Maalikaya/Maalikaya%2001%20N213%20DjRoboti.mp4,https://sizoni.com/d/N213%20Maalikaya/Maalikaya%2001%20N213%20DjRoboti.mp4,,https://i.pinimg.com/736x/48/cc/1d/48cc1d724e449e2203e38243d9adccfa.jpg,2025,2026-07-31 00:38:06.817315+00,[],sw,"[""HD""]",[],,,2,true,true,movies-ngono,0,[],Dj Roboti,[],true,2000,1,[],
siz_w_n215,Pintor at paraluman,DJ: Dj Roboti • Vipindi: 12,https://sizoni.com/d/N215%20Pintor%20At%20Paraluman/Pintor%20At%20Paraluman%2001%20N215%20DjRobot.mp4,https://sizoni.com/d/N215%20Pintor%20At%20Paraluman/Pintor%20At%20Paraluman%2001%20N215%20DjRobot.mp4,,https://i.pinimg.com/1200x/d6/4e/6b/d64e6bac032a8bf8e86cda3af725ece3.jpg,2024,2026-07-31 00:38:06.817315+00,[],sw,"[""HD""]",[],,,0,true,true,movies-ngono,0,[],Dj Roboti,[],true,2000,1,[],
siz_w_n216,Zatima S1,DJ: Others • Vipindi: 15,https://pub-f6a0038b509c4b508e48df3c30d5061d.r2.dev/216/Zatima%20Ep%2001%20N216%20Dj.mp4,https://pub-f6a0038b509c4b508e48df3c30d5061d.r2.dev/216/Zatima%20Ep%2001%20N216%20Dj.mp4,,https://pub-f6a0038b509c4b508e48df3c30d5061d.r2.dev/216/216.webp,2020,2026-07-31 00:38:06.817315+00,[],sw,"[""HD""]",[],,,0,true,true,movies-ngono,0,[],Others,[],true,2000,1,[],
siz_w_n217,Ungol,DJ: Dj Roboti • Vipindi: 8,https://sizoni.com/d/N217%20Ungol/Ungol%2001%20N217%20DjRoboti.mp4,https://sizoni.com/d/N217%20Ungol/Ungol%2001%20N217%20DjRoboti.mp4,,https://i.pinimg.com/1200x/0f/2b/a1/0f2ba147fc6b00a26bc6906e0fac3bbe.jpg,2024,2026-07-31 00:38:06.817315+00,[],sw,"[""HD""]",[],,,0,true,true,movies-ngono,0,[],Dj Roboti,[],true,2000,1,[],
siz_w_n226,Maninilip,DJ: Original • Vipindi: 10,https://pub-f6a0038b509c4b508e48df3c30d5061d.r2.dev/226/Maninilip%2001%20N226%20Samstudio.mp4,https://pub-f6a0038b509c4b508e48df3c30d5061d.r2.dev/226/Maninilip%2001%20N226%20Samstudio.mp4,,https://pub-f6a0038b509c4b508e48df3c30d5061d.r2.dev/226/226.webp,2025,2026-07-31 00:38:06.817315+00,[],sw,"[""HD""]",[],,,1,true,true,movies-ngono,0,[],Original,[],true,2000,1,[],
siz_w_n227,Mayor of Kingstown S2,DJ: BabuDj • Vipindi: 15,https://pub-f6a0038b509c4b508e48df3c30d5061d.r2.dev/039/S2/Mayor%20Of%20Kingston%20S2.Ep16%20Samstudio.mp4,https://pub-f6a0038b509c4b508e48df3c30d5061d.r2.dev/039/S2/Mayor%20Of%20Kingston%20S2.Ep16%20Samstudio.mp4,,https://pub-f6a0038b509c4b508e48df3c30d5061d.r2.dev/039/S2/039B.webp,2023,2026-07-31 00:38:06.817315+00,[],sw,"[""HD""]",[],,,4,true,true,movies-ngono,0,[],BabuDj,[],true,2000,1,[],
siz_w_n231,Ruthless S2,DJ: BabuDj • Vipindi: 18,https://pub-f6a0038b509c4b508e48df3c30d5061d.r2.dev/173/S2/Ruthless%2019%20S2%20babudj%20Samstudio.mp4,https://pub-f6a0038b509c4b508e48df3c30d5061d.r2.dev/173/S2/Ruthless%2019%20S2%20babudj%20Samstudio.mp4,,https://pub-f6a0038b509c4b508e48df3c30d5061d.r2.dev/173/GTRE.jpg,2020,2026-07-31 00:38:06.817315+00,[],sw,"[""HD""]",[],,,0,true,true,movies-ngono,0,[],BabuDj,[],true,2000,1,[],
siz_w_n232,Ruthless S3,DJ: BabuDj • Vipindi: 19,https://pub-f6a0038b509c4b508e48df3c30d5061d.r2.dev/173/S3/Ruthless%2037%20S3%20babudj%20Samstudio.mp4,https://pub-f6a0038b509c4b508e48df3c30d5061d.r2.dev/173/S3/Ruthless%2037%20S3%20babudj%20Samstudio.mp4,,https://pub-f6a0038b509c4b508e48df3c30d5061d.r2.dev/173/YTUJ.jpg,2020,2026-07-31 00:38:06.817315+00,[],sw,"[""HD""]",[],,,0,true,true,movies-ngono,0,[],BabuDj,[],true,2000,1,[],
siz_w_n236,Divorce in the Black,DJ: BabuDj • Vipindi: 12,https://pub-f6a0038b509c4b508e48df3c30d5061d.r2.dev/236/Divorce%20In%20The%20Black%2001%20N236%20Babudj.mp4,https://pub-f6a0038b509c4b508e48df3c30d5061d.r2.dev/236/Divorce%20In%20The%20Black%2001%20N236%20Babudj.mp4,,https://pub-f6a0038b509c4b508e48df3c30d5061d.r2.dev/236/236.webp,2024,2026-07-31 00:38:06.817315+00,[],sw,"[""HD""]",[],,,0,true,true,movies-ngono,0,[],BabuDj,[],true,2000,1,[],
siz_w_n237,Spartacus 2 House of Ashur,DJ: Dj Mack • Vipindi: 6,https://pub-f6a0038b509c4b508e48df3c30d5061d.r2.dev/237/Spartacus.House.Of.Ashur.S01e01.%20Mack%20DjPart001.mp4,https://pub-f6a0038b509c4b508e48df3c30d5061d.r2.dev/237/Spartacus.House.Of.Ashur.S01e01.%20Mack%20DjPart001.mp4,,https://pub-f6a0038b509c4b508e48df3c30d5061d.r2.dev/237/237.webp,2025,2026-07-31 00:38:06.817315+00,[],sw,"[""HD""]",[],,,16,true,true,movies-ngono,0,[],Dj Mack,[],true,2000,1,[],
siz_w_n244,Barurot,DJ: Dj Roboti • Vipindi: 8,https://pub-f6a0038b509c4b508e48df3c30d5061d.r2.dev/244/BarurotPart001.mp4,https://pub-f6a0038b509c4b508e48df3c30d5061d.r2.dev/244/BarurotPart001.mp4,,https://pub-f6a0038b509c4b508e48df3c30d5061d.r2.dev/244/244.webp,2025,2026-07-31 00:38:06.817315+00,[],sw,"[""HD""]",[],,,1,true,true,movies-ngono,0,[],Dj Roboti,[],true,2000,1,[],
siz_w_n245,Foreign Exchange,DJ: Dj Roboti • Vipindi: 7,https://pub-f6a0038b509c4b508e48df3c30d5061d.r2.dev/245/Foreign%20ExchangePart001.mp4,https://pub-f6a0038b509c4b508e48df3c30d5061d.r2.dev/245/Foreign%20ExchangePart001.mp4,,https://pub-f6a0038b509c4b508e48df3c30d5061d.r2.dev/245/245.webp,2025,2026-07-31 00:38:00.894493+00,[],sw,"[""HD""]",[],,,1,true,true,movies-ngono,0,[],Dj Roboti,[],true,2000,1,[],
siz_w_n246,Mamasan,DJ: Dj Roboti • Vipindi: 7,https://pub-f6a0038b509c4b508e48df3c30d5061d.r2.dev/246/MamasanPart001.mp4,https://pub-f6a0038b509c4b508e48df3c30d5061d.r2.dev/246/MamasanPart001.mp4,,https://pub-f6a0038b509c4b508e48df3c30d5061d.r2.dev/246/246.webp,2025,2026-07-31 00:38:00.894493+00,[],sw,"[""HD""]",[],,,1,true,true,movies-ngono,0,[],Dj Roboti,[],true,2000,1,[],
siz_w_n247,The Pursuit of Lust 1,DJ: Dj Roboti • Vipindi: 5,https://pub-f6a0038b509c4b508e48df3c30d5061d.r2.dev/247/Pursuit.of.lustPart001.mp4,https://pub-f6a0038b509c4b508e48df3c30d5061d.r2.dev/247/Pursuit.of.lustPart001.mp4,,https://pub-f6a0038b509c4b508e48df3c30d5061d.r2.dev/247/247.webp,2025,2026-07-31 00:38:00.894493+00,[],sw,"[""HD""]",[],,,2,true,true,movies-ngono,0,[],Dj Roboti,[],true,2000,1,[],
siz_w_n248,Unli Pop,DJ: Dj Roboti • Vipindi: 7,https://pub-f6a0038b509c4b508e48df3c30d5061d.r2.dev/248/Unli%20PopPart001.mp4,https://pub-f6a0038b509c4b508e48df3c30d5061d.r2.dev/248/Unli%20PopPart001.mp4,,https://pub-f6a0038b509c4b508e48df3c30d5061d.r2.dev/248/248.webp,2025,2026-07-31 00:38:00.894493+00,[],sw,"[""HD""]",[],,,1,true,true,movies-ngono,0,[],Dj Roboti,[],true,2000,1,[],
siz_w_n249,Ekis,DJ: Dj Roboti • Vipindi: 12,https://pub-f6a0038b509c4b508e48df3c30d5061d.r2.dev/249/Ekis%20Part001.mp4,https://pub-f6a0038b509c4b508e48df3c30d5061d.r2.dev/249/Ekis%20Part001.mp4,,https://pub-f6a0038b509c4b508e48df3c30d5061d.r2.dev/249/249.webp,2025,2026-07-31 00:38:00.894493+00,[],sw,"[""HD""]",[],,,0,true,true,movies-ngono,0,[],Dj Roboti,[],true,2000,1,[],
siz_w_n250,The White Masai,DJ: Dj Mack • Vipindi: 12,https://pub-f6a0038b509c4b508e48df3c30d5061d.r2.dev/250/The%20white%20Masai-aPart001~1.mp4,https://pub-f6a0038b509c4b508e48df3c30d5061d.r2.dev/250/The%20white%20Masai-aPart001~1.mp4,,https://pub-f6a0038b509c4b508e48df3c30d5061d.r2.dev/250/250.jpg,2005,2026-07-31 00:38:00.894493+00,[],sw,"[""HD""]",[],,,4,true,true,movies-ngono,0,[],Dj Mack,[],true,2000,1,[],
siz_w_n251,Whispers of Vengeance," • Vipindi: 6",https://pub-f6a0038b509c4b508e48df3c30d5061d.r2.dev/251/Whispers.Of.Vengeance.Part001.mp4,https://pub-f6a0038b509c4b508e48df3c30d5061d.r2.dev/251/Whispers.Of.Vengeance.Part001.mp4,,https://pub-f6a0038b509c4b508e48df3c30d5061d.r2.dev/251/251%20(2).jpg,2023,2026-07-31 00:38:00.894493+00,[],sw,"[""HD""]",[],,,0,true,true,movies-ngono,0,[],,[],true,2000,1,[],
siz_w_n254,Angkinin mo ako,DJ: Dj Roboti • Vipindi: 7,https://pub-f6a0038b509c4b508e48df3c30d5061d.r2.dev/254/Angkinin.Mo.AkoPart001.mp4,https://pub-f6a0038b509c4b508e48df3c30d5061d.r2.dev/254/Angkinin.Mo.AkoPart001.mp4,,https://pub-f6a0038b509c4b508e48df3c30d5061d.r2.dev/254/254.jpg,2026,2026-07-31 00:38:00.894493+00,[],sw,"[""HD""]",[],,,2,true,true,movies-ngono,0,[],Dj Roboti,[],true,2000,1,[],
siz_w_n255,Bagong Tukso,DJ: Dj Roboti • Vipindi: 6,https://pub-f6a0038b509c4b508e48df3c30d5061d.r2.dev/255/Bagong.Tukso.2026Part001.mp4,https://pub-f6a0038b509c4b508e48df3c30d5061d.r2.dev/255/Bagong.Tukso.2026Part001.mp4,,https://pub-f6a0038b509c4b508e48df3c30d5061d.r2.dev/255/255.jpg,2026,2026-07-31 00:38:00.894493+00,[],sw,"[""HD""]",[],,,0,true,true,movies-ngono,0,[],Dj Roboti,[],true,2000,1,[],
siz_w_n257,Sulutan," • Vipindi: 7",https://pub-f6a0038b509c4b508e48df3c30d5061d.r2.dev/256/Sulutan%202026Part001.mp4,https://pub-f6a0038b509c4b508e48df3c30d5061d.r2.dev/256/Sulutan%202026Part001.mp4,,https://pub-f6a0038b509c4b508e48df3c30d5061d.r2.dev/256/257P.jpg,2026,2026-07-31 00:38:00.894493+00,[],sw,"[""HD""]",[],,,0,true,true,movies-ngono,0,[],,[],true,2000,1,[],
siz_w_n258,Us Tv Series,DJ: Original • Vipindi: 18,https://pub-f6a0038b509c4b508e48df3c30d5061d.r2.dev/258/US%202024%20S01E01Part001.mp4,https://pub-f6a0038b509c4b508e48df3c30d5061d.r2.dev/258/US%202024%20S01E01Part001.mp4,,https://pub-f6a0038b509c4b508e48df3c30d5061d.r2.dev/258/258.webp,2024,2026-07-31 00:38:00.894493+00,[],sw,"[""HD""]",[],,,0,true,true,movies-ngono,0,[],Original,[],true,2000,1,[],
siz_w_n259,Fatal Seduction S3,DJ: Original • Vipindi: 11,https://pub-f6a0038b509c4b508e48df3c30d5061d.r2.dev/259/Fatal%20Seduction%20S03E01.mp4,https://pub-f6a0038b509c4b508e48df3c30d5061d.r2.dev/259/Fatal%20Seduction%20S03E01.mp4,,https://pub-f6a0038b509c4b508e48df3c30d5061d.r2.dev/259/259.webp,2026,2026-07-31 00:38:00.894493+00,[],sw,"[""HD""]",[],,,0,true,true,movies-ngono,0,[],Original,[],true,2000,1,[],
siz_w_n260,"Good Luck to You, Leo Grande",DJ: Original • Vipindi: 10,https://pub-f6a0038b509c4b508e48df3c30d5061d.r2.dev/260/GL2Y%20LEO%20GRANDE%202022%20Part001.mp4,https://pub-f6a0038b509c4b508e48df3c30d5061d.r2.dev/260/GL2Y%20LEO%20GRANDE%202022%20Part001.mp4,,https://pub-f6a0038b509c4b508e48df3c30d5061d.r2.dev/260/260.webp,2022,2026-07-31 00:38:00.894493+00,[],sw,"[""HD""]",[],,,0,true,true,movies-ngono,0,[],Original,[],true,2000,1,[],
siz_w_n264,Straight Ruthless,DJ: Original • Vipindi: 6,https://pub-f6a0038b509c4b508e48df3c30d5061d.r2.dev/264/Straight%20Ruthless%20Part001.mp4,https://pub-f6a0038b509c4b508e48df3c30d5061d.r2.dev/264/Straight%20Ruthless%20Part001.mp4,,https://pub-f6a0038b509c4b508e48df3c30d5061d.r2.dev/264/264.webp,2023,2026-07-31 00:38:00.894493+00,[],sw,"[""HD""]",[],,,2,true,true,movies-ngono,0,[],Original,[],true,2000,1,[],
siz_w_n265,Escape from Pleasure Planet,DJ: Original • Vipindi: 8,https://pub-f6a0038b509c4b508e48df3c30d5061d.r2.dev/265/Escape%20from%20Pleasure%20PlanetPart001.mp4,https://pub-f6a0038b509c4b508e48df3c30d5061d.r2.dev/265/Escape%20from%20Pleasure%20PlanetPart001.mp4,,https://pub-f6a0038b509c4b508e48df3c30d5061d.r2.dev/265/265.webp,2017,2026-07-31 00:38:00.894493+00,[],sw,"[""HD""]",[],,,1,true,true,movies-ngono,0,[],Original,[],true,2000,1,[],
siz_w_n266,Pleasure Spa,DJ: Original • Vipindi: 7,https://pub-f6a0038b509c4b508e48df3c30d5061d.r2.dev/266/Pleasure%20SpaPart001.mp4,https://pub-f6a0038b509c4b508e48df3c30d5061d.r2.dev/266/Pleasure%20SpaPart001.mp4,,https://pub-f6a0038b509c4b508e48df3c30d5061d.r2.dev/266/266.jpg,2013,2026-07-31 00:38:00.894493+00,[],sw,"[""HD""]",[],,,6,true,true,movies-ngono,0,[],Original,[],true,2000,1,[],
siz_w_n270,Tayuan 2,DJ: Dj Roboti • Vipindi: 7,https://pub-f6a0038b509c4b508e48df3c30d5061d.r2.dev/270/Tayuan%202%202026Part001.mp4,https://pub-f6a0038b509c4b508e48df3c30d5061d.r2.dev/270/Tayuan%202%202026Part001.mp4,,https://pub-f6a0038b509c4b508e48df3c30d5061d.r2.dev/270/270P.jpg,2026,2026-07-31 00:38:00.894493+00,[],sw,"[""HD""]",[],,,0,true,true,movies-ngono,0,[],Dj Roboti,[],true,2000,1,[],
siz_w_n271,Sex Weather," • Vipindi: 9",https://pub-f6a0038b509c4b508e48df3c30d5061d.r2.dev/271/Sex%20Weather%202018%20(1).mp4,https://pub-f6a0038b509c4b508e48df3c30d5061d.r2.dev/271/Sex%20Weather%202018%20(1).mp4,,https://metadata-static.plex.tv/a/gracenote/af59a6ad810000132453d35b1cfac4a8.jpg,2018,2026-07-31 00:38:00.894493+00,[],sw,"[""HD""]",[],,,7,true,true,movies-ngono,0,[],,[],true,2000,1,[],
siz_w_n272,Sexy Wives Sinsations," • Vipindi: 8",https://pub-f6a0038b509c4b508e48df3c30d5061d.r2.dev/272/Sexy%20Wives%20Sinsations%20(1).mp4,https://pub-f6a0038b509c4b508e48df3c30d5061d.r2.dev/272/Sexy%20Wives%20Sinsations%20(1).mp4,,https://pub-f6a0038b509c4b508e48df3c30d5061d.r2.dev/272/272.jpg,2013,2026-07-31 00:38:00.894493+00,[],sw,"[""HD""]",[],,,4,true,true,movies-ngono,0,[],,[],true,2000,1,[],
siz_w_n273,Cinderella's Hot Night,DJ: Original • Vipindi: 8,https://pub-f6a0038b509c4b508e48df3c30d5061d.r2.dev/273/Cinderella's%20Hot%20Night%20(2017)Part001.mp4,https://pub-f6a0038b509c4b508e48df3c30d5061d.r2.dev/273/Cinderella's%20Hot%20Night%20(2017)Part001.mp4,,https://pub-f6a0038b509c4b508e48df3c30d5061d.r2.dev/273/273.jpg,2017,2026-07-31 00:38:00.894493+00,[],sw,"[""HD""]",[],,,1,true,true,movies-ngono,0,[],Original,[],true,2000,1,[],
siz_w_n275,The Oval,DJ: Babudj • Vipindi: 12,https://pub-f6a0038b509c4b508e48df3c30d5061d.r2.dev/275/The%20Oval%201%20Tyler%20Perrys%20babudjPart001.mp4,https://pub-f6a0038b509c4b508e48df3c30d5061d.r2.dev/275/The%20Oval%201%20Tyler%20Perrys%20babudjPart001.mp4,,https://pub-f6a0038b509c4b508e48df3c30d5061d.r2.dev/275/275%20(2).jpg,2019,2026-07-31 00:38:00.894493+00,[],sw,"[""HD""]",[],,,3,true,true,movies-ngono,0,[],Babudj,[],true,2000,1,[],
siz_w_n276,Maids Obsession,DJ: Dj Roboti • Vipindi: 6,https://pub-f6a0038b509c4b508e48df3c30d5061d.r2.dev/276/Maids%20Obsession%202026Part001.mp4,https://pub-f6a0038b509c4b508e48df3c30d5061d.r2.dev/276/Maids%20Obsession%202026Part001.mp4,,https://pub-f6a0038b509c4b508e48df3c30d5061d.r2.dev/276/276.jpg,2026,2026-07-31 00:38:00.894493+00,[],sw,"[""HD""]",[],,,1,true,true,movies-ngono,0,[],Dj Roboti,[],true,2000,1,[],
siz_w_n277,Pansamantala,DJ: Dj Roboti • Vipindi: 6,https://pub-f6a0038b509c4b508e48df3c30d5061d.r2.dev/277/Pansamantala%202026Part001.mp4,https://pub-f6a0038b509c4b508e48df3c30d5061d.r2.dev/277/Pansamantala%202026Part001.mp4,,https://pub-f6a0038b509c4b508e48df3c30d5061d.r2.dev/277/277p.jpg,2026,2026-07-31 00:38:00.894493+00,[],sw,"[""HD""]",[],,,0,true,true,movies-ngono,0,[],Dj Roboti,[],true,2000,1,[],
siz_w_n278,Scorpio Nights 4,DJ: Dj Roboti • Vipindi: 8,https://pub-f6a0038b509c4b508e48df3c30d5061d.r2.dev/278/Scorpio%20Nights%204%202026Part001.mp4,https://pub-f6a0038b509c4b508e48df3c30d5061d.r2.dev/278/Scorpio%20Nights%204%202026Part001.mp4,,https://pub-f6a0038b509c4b508e48df3c30d5061d.r2.dev/278/278.jpg,2026,2026-07-31 00:38:00.894493+00,[],sw,"[""HD""]",[],,,1,true,true,movies-ngono,0,[],Dj Roboti,[],true,2000,1,[],
siz_w_n279,Sex Trip,DJ: Dj Robot • Vipindi: 6,https://pub-f6a0038b509c4b508e48df3c30d5061d.r2.dev/279/Sex%20Trip%202026%201.mp4,https://pub-f6a0038b509c4b508e48df3c30d5061d.r2.dev/279/Sex%20Trip%202026%201.mp4,,https://pub-f6a0038b509c4b508e48df3c30d5061d.r2.dev/279/279%20(1).jpg,2026,2026-07-31 00:38:00.894493+00,[],sw,"[""HD""]",[],,,2,true,true,movies-ngono,0,[],Dj Robot,[],true,2000,1,[],
siz_w_n280,Sirena,DJ: Dj Roboti • Vipindi: 9,https://pub-f6a0038b509c4b508e48df3c30d5061d.r2.dev/280/Sirena%202026%201Part001.mp4,https://pub-f6a0038b509c4b508e48df3c30d5061d.r2.dev/280/Sirena%202026%201Part001.mp4,,https://pub-f6a0038b509c4b508e48df3c30d5061d.r2.dev/280/sirena%20(1).webp,2026,2026-07-31 00:38:00.894493+00,[],sw,"[""HD""]",[],,,0,true,true,movies-ngono,0,[],Dj Roboti,[],true,2000,1,[],
siz_w_n281,Viva Riva!,DJ: Dj Roboti • Vipindi: 9,https://pub-f6a0038b509c4b508e48df3c30d5061d.r2.dev/281/Viva%20RivaPart001.mp4,https://pub-f6a0038b509c4b508e48df3c30d5061d.r2.dev/281/Viva%20RivaPart001.mp4,,https://pub-f6a0038b509c4b508e48df3c30d5061d.r2.dev/281/281.jpg,2010,2026-07-31 00:38:00.894493+00,[],sw,"[""HD""]",[],,,0,true,true,movies-ngono,0,[],Dj Roboti,[],true,2000,1,[],
siz_w_n282,Virgin Forest,DJ: Original • Vipindi: 11,https://pub-f6a0038b509c4b508e48df3c30d5061d.r2.dev/282/Virgin%20Forest_720P_480PPart001.mp4,https://pub-f6a0038b509c4b508e48df3c30d5061d.r2.dev/282/Virgin%20Forest_720P_480PPart001.mp4,,https://pub-f6a0038b509c4b508e48df3c30d5061d.r2.dev/282/282.jpg,2022,2026-07-31 00:38:00.894493+00,[],sw,"[""HD""]",[],,,3,true,true,movies-ngono,0,[],Original,[],true,2000,1,[],
siz_w_n283,The Polygamist S1,DJ: Original • Vipindi: 11,https://pub-f6a0038b509c4b508e48df3c30d5061d.r2.dev/283/The%20Polygamist-S1E1-360P.mp4,https://pub-f6a0038b509c4b508e48df3c30d5061d.r2.dev/283/The%20Polygamist-S1E1-360P.mp4,,https://pub-f6a0038b509c4b508e48df3c30d5061d.r2.dev/283/283.jpg,2026,2026-07-31 00:38:00.894493+00,[],sw,"[""HD""]",[],,,1,true,true,movies-ngono,0,[],Original,[],true,2000,1,[],
siz_w_n300,The Polygamist S2,DJ: Original • Vipindi: 11,https://pub-f6a0038b509c4b508e48df3c30d5061d.r2.dev/300/The%20Polygamist-S1E12-360P.mp4,https://pub-f6a0038b509c4b508e48df3c30d5061d.r2.dev/300/The%20Polygamist-S1E12-360P.mp4,,https://pub-f6a0038b509c4b508e48df3c30d5061d.r2.dev/300/N300S2.jpg,2026,2026-07-31 00:38:00.894493+00,[],sw,"[""HD""]",[],,,1,true,true,movies-ngono,0,[],Original,[],true,2000,1,[],
siz_w_n301,Abot Langit,DJ: Dj Roboti • Vipindi: 6,https://pub-f6a0038b509c4b508e48df3c30d5061d.r2.dev/301/Abot%20Langit%202026Part001.mp4,https://pub-f6a0038b509c4b508e48df3c30d5061d.r2.dev/301/Abot%20Langit%202026Part001.mp4,,https://pub-f6a0038b509c4b508e48df3c30d5061d.r2.dev/301/301.jpg,2026,2026-07-31 00:38:00.894493+00,[],sw,"[""HD""]",[],,,6,true,true,movies-ngono,0,[],Dj Roboti,[],true,2000,1,[],
siz_w_n302,Warat,DJ: Original • Vipindi: 8,https://pub-f6a0038b509c4b508e48df3c30d5061d.r2.dev/302/Warat%202026%20Part001.mp4,https://pub-f6a0038b509c4b508e48df3c30d5061d.r2.dev/302/Warat%202026%20Part001.mp4,,https://pub-f6a0038b509c4b508e48df3c30d5061d.r2.dev/302/302.webp,2026,2026-07-31 00:38:00.894493+00,[],sw,"[""HD""]",[],,,3,true,true,movies-ngono,0,[],Original,[],true,2000,1,[],
siz_w_n305,Check In,DJ: Dj Roboti • Vipindi: 7,https://pub-f6a0038b509c4b508e48df3c30d5061d.r2.dev/305/Check%20In%202026Part001.mp4,https://pub-f6a0038b509c4b508e48df3c30d5061d.r2.dev/305/Check%20In%202026Part001.mp4,,https://pub-f6a0038b509c4b508e48df3c30d5061d.r2.dev/305/305.jpg,2026,2026-07-31 00:38:00.894493+00,[],sw,"[""HD""]",[],,,0,true,true,movies-ngono,0,[],Dj Roboti,[],true,2000,1,[],
slVz6TEvNT6t47LxRj7Q,Martyrs 1,"ni filamu ya kutisha inayomfuata msichana aliyeteswa utotoni anayerudi kulipiza kisasi dhidi ya waliomuumiza. Safari yake inageuka kuwa ya kikatili zaidi wakati siri ya kundi linalofanya majaribio ya kinyama kwa binadamu inafichuka, ikileta mateso ya hali ya juu.",https://iframe.mediadelivery.net/play/552231/297bda10-d19e-4281-81b3-e4a0ace7d26d,https://vz-efe8986b-460.b-cdn.net/297bda10-d19e-4281-81b3-e4a0ace7d26d/play_480p.mp4,,https://upload.wikimedia.org/wikipedia/en/d/da/Martyrs_tp01.jpg,37,,"[""Horror"",""Thriller""]",en,"[""HD""]","[""FEDHA"",""CHUMA"",""DHAHABU"",""MALKIA"",""ALMASI""]",2024-01-01 00:00:00+00,,34,true,false,,0,[],	Pascal Laugier,"[""aliyeteswa"",""almasi"",""anayerudi"",""binadamu"",""chuma"",""dhahabu"",""dhidi"",""en"",""fedha"",""filamu"",""hali"",""horror"",""ikileta"",""inafichuka"",""inageuka"",""inayomfuata"",""juu"",""kikatili"",""kinyama"",""kisasi"",""kulipiza"",""kundi"",""kutisha"",""kuwa"",""laugier"",""linalofanya"",""majaribio"",""malkia"",""martyrs"",""martyrs 1"",""mateso"",""msichana"",""ni"",""pascal"",""pascal laugier"",""safari"",""siri"",""thriller"",""utotoni"",""wakati"",""waliomuumiza"",""yake"",""zaidi""]",false,,30,[],
SMxm3WKt7hmG5zT7Pkns,The Long Walk A,ni filamu ya vijana 100 wanaolazimishwa kutembea bila kusimama kwenye mashindano hatari. Ukipunguza mwendo unauawa. Ni safari ya kisaikolojia ya Ray Garraty akijaribu kuishi hadi awe mshindi wa mwisho.,https://iframe.mediadelivery.net/play/552231/20199067-5d6c-44af-a298-ff4714aa50f1,https://vz-efe8986b-460.b-cdn.net/4770041e-c771-4f32-bc0c-685a84bc6812/play_360p.mp4,,https://upload.wikimedia.org/wikipedia/en/thumb/e/e8/The_Long_Walk_%282025_film%29.jpg/250px-The_Long_Walk_%282025_film%29.jpg,60,,"[""Action""]",en,"[""HD""]","[""FEDHA"",""CHUMA"",""DHAHABU"",""MALKIA"",""ALMASI""]",2024-01-01 00:00:00+00,,144,true,false,,0,[],	Francis Lawrence,"[""100"",""action"",""akijaribu"",""almasi"",""awe"",""chuma"",""dhahabu"",""en"",""fedha"",""filamu"",""francis"",""francis lawrence"",""garraty"",""hadi"",""hatari"",""kisaikolojia"",""kuishi"",""kusimama"",""kutembea"",""lawrence"",""long"",""malkia"",""mashindano"",""mshindi"",""mwendo"",""mwisho"",""ni"",""ray"",""safari"",""the long walk a"",""ukipunguza"",""unauawa"",""vijana"",""wa"",""walk"",""wanaolazimishwa""]",false,,30,[],
sycKxPKLn7wTEuXM2ZfC,Maya Puthagam,"inaonyesha msomi kijana anayepata kitabu la fumbo lenye uwezo wa kufichua siri za wakati. Kadiri anavyozama katika kurasa zake, nguvu zisizoeleweka zinaanza kubadilisha maisha yake, zikimvuta kwenye safari ya hatari na ugunduzi wa ukweli alioukuwa haujawahi kuufikiria.",https://iframe.mediadelivery.net/play/552231/80ab782f-a4db-43dd-94e7-8612c8eb446e,https://vz-efe8986b-460.b-cdn.net/80ab782f-a4db-43dd-94e7-8612c8eb446e/play_360p.mp4,,https://blogger.googleusercontent.com/img/b/R29vZ2xl/AVvXsEhOYUzgZoK8fVKFzM7Ui_JDXqIrNyU9sQuS19sLmRscZUCNbE0kUzn2_oMJ9-_qB36rrQMvGJa75a_wzkwUVf8zmSn9GEFqT-hteTDpeCDisknAGJkmLeSlxrsKhlxNz2jv_X6fU-hj662v0XM9-KqRq4OIbzmxpDQRMHEHjhDQTGMHURewswuAQom5stc/s354/Maya_Puthagam.jpg,120,,"[""Thriller"",""Fantasy""]",en,"[""HD""]","[""FEDHA"",""CHUMA"",""DHAHABU"",""MALKIA"",""ALMASI""]",2024-01-01 00:00:00+00,,38,true,false,,0,[],Rama Jayaprakash,[],false,,30,[],
TglKyrghvgJlC4i0EdSj,The Protector,"inaelezwa dunia ikiwa imeteseka kwa vita dhidi ya maji, njaa na ukame. Mwanamke aliyehukumiwa kifo kwa tetesi ya kumtia mtu mkaa anapewa nafasi ya uhuru — ikiwa ataingia kwenye eneo lenye aquifer ya maji safi, iliyolindwa na mashamba ya majeraha hatari. Anapambana jamhuri ya wavamizi na hatimaye anakubali kuwa mlezi wa mvulana yatima mwenye uwezo wa kuokoa mabadiliko ya kesho.",https://iframe.mediadelivery.net/play/552231/d708a46f-f55b-4fcb-a08d-5b3c75734541,https://vz-efe8986b-460.b-cdn.net/d708a46f-f55b-4fcb-a08d-5b3c75734541/play_480p.mp4,,https://blogger.googleusercontent.com/img/b/R29vZ2xl/AVvXsEgdgbYbzAOzhJoeYihB6PKcmB7t934Ife9a7MQz5swoXPwB_2ZrAMwKcDobubvqyq1IkyH9KfhDM8S5HadN0Ot5gt2-HnJtR5vVi1zuuCmfZ1z9pl5CdGXC2MvaJhI693PfWDL-Azjh3y2WLI27tb88hGJsjT7i4LHAXl7qRRRjlpxa2tligAcDjHsTK6w/s671/images%20(1).jpeg,60,,"[""Action""]",en,"[""HD""]","[""FEDHA"",""CHUMA"",""DHAHABU"",""MALKIA"",""ALMASI""]",2024-01-01 00:00:00+00,,250,true,false,,0,[]," Raul Gasteazoro","[""action"",""aliyehukumiwa"",""almasi"",""anakubali"",""anapambana"",""anapewa"",""aquifer"",""ataingia"",""chuma"",""dhahabu"",""dhidi"",""dunia"",""en"",""eneo"",""fedha"",""gasteazoro"",""hatari"",""hatimaye"",""ikiwa"",""iliyolindwa"",""imeteseka"",""inaelezwa"",""jamhuri"",""kesho"",""kifo"",""kumtia"",""kuokoa"",""kuwa"",""lenye"",""mabadiliko"",""majeraha"",""maji"",""malkia"",""mashamba"",""mkaa"",""mlezi"",""mtu"",""mvulana"",""mwanamke"",""mwenye"",""nafasi"",""njaa"",""protector"",""raul"",""raul gasteazoro"",""safi"",""tetesi"",""the protector"",""uhuru"",""ukame"",""uwezo"",""vita"",""wa"",""wavamizi"",""yatima""]",false,,30,[],
TOllllhRtBZ1gUyUco7h,Captain America Brave New World,"**Captain America: Brave New World** (2025) inamwonyesha **Sam Wilson** (Anthony Mackie) akivaa rasmi vazi la **Captain America** baada ya kustaafu kwa **Steve Rogers**.

Filamu inaanza na Sam akifanya kazi na serikali ya Amerika, akichunguza kundi la **kigaidi la ndani** linalojaribu **kuharibu sifa** ya Amerika kwa kutumia **teknolojia hatari**. **Thaddeus 'Thunderbolt' Ross** (sasa Rais wa Marekani) anamtaka Sam afanye kazi kwa karibu na **Red Hulk** (uhamishaji wa Ross).

Sam anagundua kuwa tishio linatoka kwa siri za zamani za **Jeshi la Marekani**, ambapo **Serpent Society** inataka kutumia **Super Soldier Serum** mpya. Anapambana na maadui, ikiwemo **Diamondback**, huku akijaribu kudumisha **legacy ya Captain America** katika ulimwengu uliogawanyika. Pia anaungana na **Joaquin Torres** (Falcon mpya). Ni mapigano ya **kisiasa** na **kimwili**.",https://iframe.mediadelivery.net/play/554297/65d1c9e3-76e4-4a1e-a5df-cb2cf5b13dec,https://vz-12176983-62c.b-cdn.net/65d1c9e3-76e4-4a1e-a5df-cb2cf5b13dec/original,,https://vz-12176983-62c.b-cdn.net/65d1c9e3-76e4-4a1e-a5df-cb2cf5b13dec/thumbnail_6bc05542.jpg,60,2025-12-07 00:00:00+00,"[""Action""]",en,"[""HD""]","[""FEDHA"",""CHUMA"",""DHAHABU"",""MALKIA"",""ALMASI""]",2024-01-01 00:00:00+00,,210,true,false,,0,[],	Julius Onah,[],false,,30,[],
tsSonVLUxTVGONZ9xsJU,wadada waliosagana,,https://iframe.mediadelivery.net/play/555930/39e1d733-bb5f-4fb4-a28d-cf162698f9bc,https://vz-eb5096f4-a2f.b-cdn.net/39e1d733-bb5f-4fb4-a28d-cf162698f9bc/play_360p.mp4,,https://blogger.googleusercontent.com/img/b/R29vZ2xl/AVvXsEgT7-Wi6RcUrZHgwk3YneckR0iE47mjAAuds6Cwh2ACMHfWjYpl_wNgvxhXIU8_KCtIUm4z7Y0cVo2Q3qJD-uR0mhTNkMfgIuJpmBAdOqJxz6zt1BX5RDkCKTREByFaKA8quXnxpGpr1FjKMljtXQuEEiwKcLOO1bM9POwlIxgjekWmK3kYdPZgIThSURA/s899/WhatsApp%20Image%202025-12-07%20at%2009.15.36_3b72bb82.jpg,0,2026-05-02 00:00:00+00,[],sw,"[""HD""]",[],2026-05-02 08:48:58.359+00,2026-05-23 12:21:23.89+00,29,true,true,zilizovuja,0,[],,[],true,2000,3,[],
tweve_cas_100,SISU,,/api/castilla/100,/api/castilla/100,,https://castillabizz.com/storage/thumbnails/N0MMqPJCjQiiDivpfaFuAD9F3r6cG74Tvt9yH6gA.jpg,,,,,,,2024-01-01 00:00:00+00,,0,true,,,,,,,,,,,
tweve_cas_101,SISU PART 2,,/api/castilla/101,/api/castilla/101,,https://castillabizz.com/storage/thumbnails/NCD54lPThQqIzDaiVJoVusjlqtbFFI5Hsugvi6hR.jpg,,,,,,,2024-01-01 00:00:00+00,,0,true,,,,,,,,,,,
tweve_cas_102,EXTRACTION 01,,/api/castilla/102,/api/castilla/102,,https://castillabizz.com/storage/thumbnails/kU9ERCau2duzkVPbsB6h6cPK9i17bODVqsVAW5PN.jpg,,,,,,,2024-01-01 00:00:00+00,,0,true,,,,,,,,,,,
tweve_cas_104,SIX FLYING DRAGON 1-20,,/api/castilla/104,/api/castilla/104,,https://castillabizz.com/storage/thumbnails/SysoqGCzooWMh11kn6HJUUVsa60Q1j3Kya0z0YoC.jpg,,,,,,,2024-01-01 00:00:00+00,,0,true,,,,,,,,,,,
tweve_cas_105,"NEW SOZ 5, (59-64)",,/api/castilla/105,/api/castilla/105,,https://castillabizz.com/storage/thumbnails/Hi8oxiaa9pGbe3ZuAmP0D5yeoWqKm4ZUyUo9XPta.jpg,,,,,,,2024-01-01 00:00:00+00,,0,true,,,,,,,,,,,
tweve_cas_106,"NEW SOZ 5, (41-46)",,/api/castilla/106,/api/castilla/106,,https://castillabizz.com/storage/thumbnails/KToM799Mr3lRCyoTDf7e942vbVma0KW0En04myCI.jpg,,,,,,,2024-01-01 00:00:00+00,,0,true,,,,,,,,,,,
tweve_cas_107,"NEW SOZ 5, (47-52)",,/api/castilla/107,/api/castilla/107,,https://castillabizz.com/storage/thumbnails/jToVOtww2oiI3db9ihlNtNlcDt9LyPwp0N9U9JuM.jpg,,,,,,,2024-01-01 00:00:00+00,,0,true,,,,,,,,,,,
tweve_cas_108,"NEW SOZ 5, (53-58)",,/api/castilla/108,/api/castilla/108,,https://castillabizz.com/storage/thumbnails/hKeGTgGxqKIF0BkfBO17BaR7Xo5bcez2Hp2e9SU7.jpg,,,,,,,2024-01-01 00:00:00+00,,0,true,,,,,,,,,,,
tweve_cas_109,LAST SHIP 31-40,,/api/castilla/109,/api/castilla/109,,https://castillabizz.com/storage/thumbnails/eXod04IrYvArSjD7qMzS2Z0SjrBNPA1EAB6jmmNf.jpg,,,,,,,2024-01-01 00:00:00+00,,0,true,,,,,,,,,,,
tweve_cas_110,EAST OF EDEN (31-40),,/api/castilla/110,/api/castilla/110,,https://castillabizz.com/storage/thumbnails/IdJeyNyhQeh9MQq7AASGJgZvGy5aPxxiCgNcoaYz.webp,,,,,,,2024-01-01 00:00:00+00,,0,true,,,,,,,,,,,
tweve_cas_111,LOBBYIST (1-10),,/api/castilla/111,/api/castilla/111,,https://castillabizz.com/storage/thumbnails/3EcC9Ka4mOJmdnRU2YHYxWVzY8M7c8qherkmLvOZ.jpg,,,,,,,2024-01-01 00:00:00+00,,0,true,,,,,,,,,,,
tweve_cas_112,LOBBYIST 11-23FINAL,,/api/castilla/112,/api/castilla/112,,https://castillabizz.com/storage/thumbnails/ptMYDZPqxIr6o9qLj8KAjitpzSxzMJn9SF6ooWro.jpg,,,,,,,2024-01-01 00:00:00+00,,0,true,,,,,,,,,,,
tweve_cas_113,FANTASTIC FOUR: rise of the silver surfer,,/api/castilla/113,/api/castilla/113,,https://castillabizz.com/storage/thumbnails/6gasp098tMvKcyIX7IX6Y6Rp8NC0NYrOPPNNXEZM.webp,,,,,,,2024-01-01 00:00:00+00,,0,true,,,,,,,,,,,
tweve_cas_115,PLATINUM,,/api/castilla/115,/api/castilla/115,,https://castillabizz.com/storage/thumbnails/MUb7BwX2bO000v3MpuoGSyCXv7s6TLFCsMpNPcJk.jpg,,,,,,,2024-01-01 00:00:00+00,,0,true,,,,,,,,,,,
tweve_cas_117,MIDWAY,,/api/castilla/117,/api/castilla/117,,https://castillabizz.com/storage/thumbnails/b1AoKo5YdWO2tV0e99cRSzyZcJdY41xp8hfJlrsE.jpg,,,,,,,2024-01-01 00:00:00+00,,0,true,,,,,,,,,,,
tweve_cas_118,EYES IN THE SKY,,/api/castilla/118,/api/castilla/118,,https://castillabizz.com/storage/thumbnails/y5MIH61wtB2DT60arnOGZKnCT3Q6qbHVGjRXVG0V.jpg,,,,,,,2024-01-01 00:00:00+00,,0,true,,,,,,,,,,,
tweve_cas_119,SPLICE,,/api/castilla/119,/api/castilla/119,,https://castillabizz.com/storage/thumbnails/iNxm2DwhDYrL98cKj7Cbb8TDCxFBUkcTkxqYvReH.jpg,,,,,,,2024-01-01 00:00:00+00,,0,true,,,,,,,,,,,
tweve_cas_120,SIX FLYING DRAGON 21-40,,/api/castilla/120,/api/castilla/120,,https://castillabizz.com/storage/thumbnails/A63fkCUsB3FEa5WCuNXROFo13WLCcN1MPeg5eFrN.jpg,,,,,,,2024-01-01 00:00:00+00,,0,true,,,,,,,,,,,
tweve_cas_121,SIX FLYING DRAGON 41-50FINAL,,/api/castilla/121,/api/castilla/121,,https://castillabizz.com/storage/thumbnails/J0WHEsdsM8r7ltpmiTdXz8unRWRvhH36PngtAKlp.jpg,,,,,,,2024-01-01 00:00:00+00,,0,true,,,,,,,,,,,
tweve_cas_122,LAST SHIP (41-50),,/api/castilla/122,/api/castilla/122,,https://castillabizz.com/storage/thumbnails/OXFvJN0N3yWxjL8wnHm69hL8KbrCxPTew61Sc1YY.jpg,,,,,,,2024-01-01 00:00:00+00,,0,true,,,,,,,,,,,
tweve_cas_123,EAST OF EDEN 41-50,,/api/castilla/123,/api/castilla/123,,https://castillabizz.com/storage/thumbnails/PDrx9LdHrZ0FsXmSIchUzIeitBWvvQAMy2aG2H0C.webp,,,,,,,2024-01-01 00:00:00+00,,0,true,,,,,,,,,,,
tweve_cas_124,JAWAAN,,/api/castilla/124,/api/castilla/124,,https://castillabizz.com/storage/thumbnails/EOGLmvkui14a7mwfsb4LnyEtSvXLbPCh9n1A7tbj.jpg,,,,,,,2024-01-01 00:00:00+00,,0,true,,,,,,,,,,,
tweve_cas_125,SKIPTRACE,,/api/castilla/125,/api/castilla/125,,https://castillabizz.com/storage/thumbnails/f5dlNN0jvEARIIMCy356t24tjnZkZlPwfFbEvlkX.jpg,,,,,,,2024-01-01 00:00:00+00,,0,true,,,,,,,,,,,
tweve_cas_126,EXTRAORDINARY RESCUE,,/api/castilla/126,/api/castilla/126,,https://castillabizz.com/storage/thumbnails/hv17kGGWInPVzL087K6x9rbP9zgXn7gjwjF9IZ10.jpg,,,,,,,2024-01-01 00:00:00+00,,0,true,,,,,,,,,,,
tweve_cas_127,RAQA,,/api/castilla/127,/api/castilla/127,,https://castillabizz.com/storage/thumbnails/GdrTUDrpZuW2mA5CgksHi7cJZcSOC0lVPrn5K7P5.jpg,,,,,,,2024-01-01 00:00:00+00,,0,true,,,,,,,,,,,
tweve_cas_129,SURVIVE,,/api/castilla/129,/api/castilla/129,,https://castillabizz.com/storage/thumbnails/G5Ke8ZYB6ZYICnJoBDYaEUiMOCvE0Y3d5J8l4xfB.jpg,,,,,,,2024-01-01 00:00:00+00,,0,true,,,,,,,,,,,
tweve_cas_13,HIGH FORCE,,/api/castilla/13,/api/castilla/13,,https://castillabizz.com/storage/thumbnails/cAo1EpvlInHXSywfI2PrNtzdN9Zjvpf09ssCbZhq.jpg,,,,,,,2024-01-01 00:00:00+00,,0,true,,,,,,,,,,,
tweve_cas_132,THINNER,,/api/castilla/132,/api/castilla/132,,https://castillabizz.com/storage/thumbnails/yCqXzYQe1YLyNPtkFgM5OaR6fwbWkcUlPimlv7XX.jpg,,,,,,,2024-01-01 00:00:00+00,,0,true,,,,,,,,,,,
tweve_cas_133,ILLICIT DESIRE,,/api/castilla/133,/api/castilla/133,,https://castillabizz.com/storage/thumbnails/Q7PKTeoTxhun9qMeF6OVuNDMU9s6Phtv2lH43TJg.jpg,,,,,,,2024-01-01 00:00:00+00,,0,true,,,,,,,,,,,
tweve_cas_136,THE A-TEAM,,/api/castilla/136,/api/castilla/136,,https://castillabizz.com/storage/thumbnails/nNVtqDILb8S9D9nZLpFAVvTBxH9OYKaUGnnKNv7t.jpg,,,,,,,2024-01-01 00:00:00+00,,0,true,,,,,,,,,,,
tweve_cas_137,SPECIAL MERCINARIES,,/api/castilla/137,/api/castilla/137,,https://castillabizz.com/storage/thumbnails/7zgortdi9rLV89uOo5Mg6eEIftjjMP4XMxvYIAXl.jpg,,,,,,,2024-01-01 00:00:00+00,,0,true,,,,,,,,,,,
tweve_cas_138,GELSIN 1-10,,/api/castilla/138,/api/castilla/138,,https://castillabizz.com/storage/thumbnails/m3dX9uhieoyOfX9DRssptNj1ROpmTqQbZix5Eloj.webp,,,,,,,2024-01-01 00:00:00+00,,0,true,,,,,,,,,,,
tweve_cas_139,HEROES AND COWARD,,/api/castilla/139,/api/castilla/139,,https://castillabizz.com/storage/thumbnails/cuE2gqhILakVZDujG0YQtr9d0SRGErWbSA2t35EC.jpg,,,,,,,2024-01-01 00:00:00+00,,0,true,,,,,,,,,,,
tweve_cas_140,TAKE COVER,,/api/castilla/140,/api/castilla/140,,https://castillabizz.com/storage/thumbnails/uGM8alHI2J7qSb64nvA8Dhu8Unj4AW5AqprXqxBw.jpg,,,,,,,2024-01-01 00:00:00+00,,0,true,,,,,,,,,,,
tweve_cas_141,300 (Movie),,/api/castilla/141,/api/castilla/141,,https://castillabizz.com/storage/thumbnails/FkH9p5Hh4DftaFwpRWoMtM0K67PTuGd6b03jm2Ln.webp,,,,,,,2024-01-01 00:00:00+00,,0,true,,,,,,,,,,,
tweve_cas_143,M.I (1-38),,/api/castilla/143,/api/castilla/143,,https://castillabizz.com/storage/thumbnails/GTGoKlhuS4VKvktaExQym1vpGPehP5FbMvDvgMK0.jpg,,,,,,,2024-01-01 00:00:00+00,,0,true,,,,,,,,,,,
tweve_cas_144,RESCUE SPECIAL FORCE GIRLS,,/api/castilla/144,/api/castilla/144,,https://castillabizz.com/storage/thumbnails/ZFnoTaPKqB5mfASNvgO0Wb96TEibxx84760thKrO.jpg,,,,,,,2024-01-01 00:00:00+00,,0,true,,,,,,,,,,,
tweve_cas_145,ELYAS,,/api/castilla/145,/api/castilla/145,,https://castillabizz.com/storage/thumbnails/fVmOAAJtpBLP2tmZwBRAO1EiZBbW40YMM9FOc9AD.jpg,,,,,,,2024-01-01 00:00:00+00,,0,true,,,,,,,,,,,
tweve_cas_146,INFINITE,,/api/castilla/146,/api/castilla/146,,https://castillabizz.com/storage/thumbnails/BBmsmhS1MWIzoLnHzMmTxBLDbAi9IENAKwmoiYl9.jpg,,,,,,,2024-01-01 00:00:00+00,,0,true,,,,,,,,,,,
tweve_cas_147,BAIT,,/api/castilla/147,/api/castilla/147,,https://castillabizz.com/storage/thumbnails/snF9ZQVMTicgWTiHoBv590NPhHiI7TplICwHdIiS.jpg,,,,,,,2024-01-01 00:00:00+00,,0,true,,,,,,,,,,,
tweve_cas_148,PAPILLON,,/api/castilla/148,/api/castilla/148,,https://castillabizz.com/storage/thumbnails/nGdR1JxxUt7EyGGmmZagGipG2X7C1VlVhb9xXNjH.jpg,,,,,,,2024-01-01 00:00:00+00,,0,true,,,,,,,,,,,
tweve_cas_149,UPRISING,,/api/castilla/149,/api/castilla/149,,https://castillabizz.com/storage/thumbnails/lDpm8A8KC8Kq70Z0D3g5TR4jH8D0jE1EpciaqMuI.jpg,,,,,,,2024-01-01 00:00:00+00,,0,true,,,,,,,,,,,
tweve_cas_15,BALKAN (PART 1&2),,/api/castilla/15,/api/castilla/15,,https://castillabizz.com/storage/thumbnails/0BoHzF32Y1dQUDHoXMaxiU6hL7v0NDXZNwpuHX2J.jpg,,,,,,,2024-01-01 00:00:00+00,,0,true,,,,,,,,,,,
tweve_cas_150,FIRST THEY KILLED MY FATHER,,/api/castilla/150,/api/castilla/150,,https://castillabizz.com/storage/thumbnails/YJCcBRnjaWnP9MPftD7nUHnTwtIsPITU984nT9DI.jpg,,,,,,,2024-01-01 00:00:00+00,,0,true,,,,,,,,,,,
tweve_cas_151,GELSIN （11-20),,/api/castilla/151,/api/castilla/151,,https://castillabizz.com/storage/thumbnails/51E5aACcTPQByFMWZPpgRdc8VZF5M6b1XaBzFuip.webp,,,,,,,2024-01-01 00:00:00+00,,0,true,,,,,,,,,,,
tweve_cas_152,THE BLACKLIST 1-10,,/api/castilla/152,/api/castilla/152,,https://castillabizz.com/storage/thumbnails/VD9efIQCdv1CN70tcWgB2wnd1LKSvl2NQErMe3Bo.jpg,,,,,,,2024-01-01 00:00:00+00,,0,true,,,,,,,,,,,
tweve_cas_153,ARMOR,,/api/castilla/153,/api/castilla/153,,https://castillabizz.com/storage/thumbnails/0QuoZa2vgWHocoeibWOsIKyAH3SXtCqC2oFGuQ3h.jpg,,,,,,,2024-01-01 00:00:00+00,,0,true,,,,,,,,,,,
tweve_cas_154,VENOM,,/api/castilla/154,/api/castilla/154,,https://castillabizz.com/storage/thumbnails/hE6mGxNJv1FpmImzWXbmLNYOOjd2tu59PkHHGHbz.jpg,,,,,,,2024-01-01 00:00:00+00,,0,true,,,,,,,,,,,
tweve_cas_155,MARTIN VS MARTIN,,/api/castilla/155,/api/castilla/155,,https://castillabizz.com/storage/thumbnails/TU51IqHZuLKHuVilQ1dVhWkuJg7rzeVXsdF2jqyC.jpg,,,,,,,2024-01-01 00:00:00+00,,0,true,,,,,,,,,,,
tweve_cas_156,LAST SHIP 51-56FINAL,,/api/castilla/156,/api/castilla/156,,https://castillabizz.com/storage/thumbnails/rA9BV6uwvGDG1SZtvZHKZphuNLP3fdcK9RDTNC0i.jpg,,,,,,,2024-01-01 00:00:00+00,,0,true,,,,,,,,,,,
tweve_cas_157,EAST OF EDEN 51-57,,/api/castilla/157,/api/castilla/157,,https://castillabizz.com/storage/thumbnails/rFHOrpiZNyDYvzKpyadaPy74odGeG6ZSq8gYFrMn.jpg,,,,,,,2024-01-01 00:00:00+00,,0,true,,,,,,,,,,,
tweve_cas_160,WOLF WARRIOR,,/api/castilla/160,/api/castilla/160,,https://castillabizz.com/storage/thumbnails/A540HsUq61tLMqGdqqLXav4yu0DVYYSH8i3TruIH.jpg,,,,,,,2024-01-01 00:00:00+00,,0,true,,,,,,,,,,,
tweve_cas_161,GELSIN 21-30,,/api/castilla/161,/api/castilla/161,,https://castillabizz.com/storage/thumbnails/lldI4T1DcsKQGXFbMNdp3yPTBZDEVz04rkmAIUZC.webp,,,,,,,2024-01-01 00:00:00+00,,0,true,,,,,,,,,,,
tweve_cas_162,THE BLACKLIST 11-20,,/api/castilla/162,/api/castilla/162,,https://castillabizz.com/storage/thumbnails/fLDVID1UpRatqq9gGltYzaKQmUPaPkvOPD0rvN6A.jpg,,,,,,,2024-01-01 00:00:00+00,,0,true,,,,,,,,,,,
tweve_cas_163,SQUID GAME S1,,/api/castilla/163,/api/castilla/163,,https://castillabizz.com/storage/thumbnails/zwPFFryveIpksj1a54zdizu3LEiZPyRuyiu39uL4.webp,,,,,,,2024-01-01 00:00:00+00,,0,true,,,,,,,,,,,
tweve_cas_164,SQUID GAME S2,,/api/castilla/164,/api/castilla/164,,https://castillabizz.com/storage/thumbnails/b9MRXiUH17KkRAmmhwCzJy26POAVlTkWWSQI1EYZ.jpg,,,,,,,2024-01-01 00:00:00+00,,0,true,,,,,,,,,,,
tweve_cas_165,SQUID GAME S3,,/api/castilla/165,/api/castilla/165,,https://castillabizz.com/storage/thumbnails/OMjagiyM3w2GvzeYQ3li9lJOT7efDD04TEzuwDYE.jpg,,,,,,,2024-01-01 00:00:00+00,,0,true,,,,,,,,,,,
tweve_cas_166,GELSIN 31-40,,/api/castilla/166,/api/castilla/166,,https://castillabizz.com/storage/thumbnails/fOwzWeT5OMK1sco9K6KKYSbjlRGGMpYBnwMckEGD.webp,,,,,,,2024-01-01 00:00:00+00,,0,true,,,,,,,,,,,
tweve_cas_167,THE BLACKLIST 21-30,,/api/castilla/167,/api/castilla/167,,https://castillabizz.com/storage/thumbnails/kylQYsJIKJLRUdvzxO24IlOP9dQPigtNI1Z1T7Zw.jpg,,,,,,,2024-01-01 00:00:00+00,,0,true,,,,,,,,,,,
tweve_cas_168,SLAVE HUNTER 1-10,,/api/castilla/168,/api/castilla/168,,https://castillabizz.com/storage/thumbnails/pXdvKu42jqzsNVMNWazmOKpyOpu6GkHHw5y5C21i.jpg,,,,,,,2024-01-01 00:00:00+00,,0,true,,,,,,,,,,,
tweve_cas_169,FAITH 1-10,,/api/castilla/169,/api/castilla/169,,https://castillabizz.com/storage/thumbnails/zcKtVgy9huHnyMrPhUjTaB658Jk7JFRhADlWF2vA.jpg,,,,,,,2024-01-01 00:00:00+00,,0,true,,,,,,,,,,,
tweve_cas_17,WITCH REVANGE (PART 1&2),,/api/castilla/17,/api/castilla/17,,https://castillabizz.com/storage/thumbnails/r5cCiKbHuGBecM7f80EfksqxfPSATZERF0QqBx45.jpg,,,,,,,2024-01-01 00:00:00+00,,0,true,,,,,,,,,,,
tweve_cas_170,TEMPTATION OF AN ANGLE,,/api/castilla/170,/api/castilla/170,,https://castillabizz.com/storage/thumbnails/lylsAADphyJpAAUqKYVLLWPxyQhBtmDvsDbZGiWN.jpg,,,,,,,2024-01-01 00:00:00+00,,0,true,,,,,,,,,,,
tweve_cas_171,ATHENA 1-10,,/api/castilla/171,/api/castilla/171,,https://castillabizz.com/storage/thumbnails/W5UrOPWQNYFV3et4FSswnd2GnGz0P4Gh7mJDe2xT.jpg,,,,,,,2024-01-01 00:00:00+00,,0,true,,,,,,,,,,,
tweve_cas_172,CANNIBAL HOLOCAUST,,/api/castilla/172,/api/castilla/172,,https://castillabizz.com/storage/thumbnails/rXTpqLlLmVblyNAXxwzvDiFh6kBIgPlWMcr1k4Zd.jpg,,,,,,,2024-01-01 00:00:00+00,,0,true,,,,,,,,,,,
tweve_cas_173,HIJACKED,,/api/castilla/173,/api/castilla/173,,https://castillabizz.com/storage/thumbnails/y2VugBeE2Bjgv7MnthoOIduVvQlzWbtdtsdvQj3k.jpg,,,,,,,2024-01-01 00:00:00+00,,0,true,,,,,,,,,,,
tweve_cas_175,SHELTER,,/api/castilla/175,/api/castilla/175,,https://castillabizz.com/storage/thumbnails/GLaS0IeWy0X9rs56Qrswa0OjdvaJ8KAqbcpUuhmS.jpg,,,,,,,2024-01-01 00:00:00+00,,0,true,,,,,,,,,,,
tweve_cas_176,IRON FIST 19-24,,/api/castilla/176,/api/castilla/176,,https://castillabizz.com/storage/thumbnails/nLJdtQMVVkfFPOv0YUYY5jNdbTE2NGB689jO28Si.webp,,,,,,,2024-01-01 00:00:00+00,,0,true,,,,,,,,,,,
tweve_cas_179,THE BLACKLIST 31-40,,/api/castilla/179,/api/castilla/179,,https://castillabizz.com/storage/thumbnails/sOpno0Xgbk6dzC9hfT7fWknwCpnBQkzP3MCO7tYS.jpg,,,,,,,2024-01-01 00:00:00+00,,0,true,,,,,,,,,,,
tweve_cas_18,AGENT 47,,/api/castilla/18,/api/castilla/18,,https://castillabizz.com/storage/thumbnails/TbTaANhNLdBbEKxZccWuAuDgVOWlYlzKC4HJz06T.jpg,,,,,,,2024-01-01 00:00:00+00,,0,true,,,,,,,,,,,
tweve_cas_180,MOMENTUM,,/api/castilla/180,/api/castilla/180,,https://castillabizz.com/storage/thumbnails/tq3ZwlMwHfsA1O1jUIRtVuZsuU0gL36khY28Oya1.jpg,,,,,,,2024-01-01 00:00:00+00,,0,true,,,,,,,,,,,
tweve_cas_181,BLACK FOX ULTIMATE RESCUE,,/api/castilla/181,/api/castilla/181,,https://castillabizz.com/storage/thumbnails/YmpXMIwsnqBwRi3RMlEUOdStiHGlksiwNU9r9CtI.jpg,,,,,,,2024-01-01 00:00:00+00,,0,true,,,,,,,,,,,
tweve_cas_182,AL SACANK 1-10,,/api/castilla/182,/api/castilla/182,,https://castillabizz.com/storage/thumbnails/NkRtyzWoGhwTzvYeywBp14Wk9BJuRKZhWuAeMRZs.jpg,,,,,,,2024-01-01 00:00:00+00,,0,true,,,,,,,,,,,
tweve_cas_183,GELSIN 41-50,,/api/castilla/183,/api/castilla/183,,https://castillabizz.com/storage/thumbnails/rIgw8cgfZwaWXl2hnZwgT1ZANDEVQxzINV2PqCni.webp,,,,,,,2024-01-01 00:00:00+00,,0,true,,,,,,,,,,,
tweve_cas_184,THE BLACKLIST 41-50,,/api/castilla/184,/api/castilla/184,,https://castillabizz.com/storage/thumbnails/TaNqwN8i0MXZ5OUskt3mXaN0iqRMXrpc5iydVVnK.jpg,,,,,,,2024-01-01 00:00:00+00,,0,true,,,,,,,,,,,
tweve_cas_185,GAME OF THRONE 1-10,,/api/castilla/185,/api/castilla/185,,https://castillabizz.com/storage/thumbnails/K8wzkeDi7tw54DJvHOroLlWsI9kfkUXPYMzLAHHF.jpg,,,,,,,2024-01-01 00:00:00+00,,0,true,,,,,,,,,,,
tweve_cas_186,Sisyphus: The Myth 1-10,,/api/castilla/186,/api/castilla/186,,https://castillabizz.com/storage/thumbnails/3AGToCmDI3L6XU2RYihYW3l9ccuDnLR1SxdtP5nH.jpg,,,,,,,2024-01-01 00:00:00+00,,0,true,,,,,,,,,,,
tweve_cas_187,TWILIGHT SAGA,,/api/castilla/187,/api/castilla/187,,https://castillabizz.com/storage/thumbnails/mbNclY0XRuhvgPuokdzsbbSrSaAFiwn6ARYoDxJq.jpg,,,,,,,2024-01-01 00:00:00+00,,0,true,,,,,,,,,,,
tweve_cas_188,CONNECT,,/api/castilla/188,/api/castilla/188,,https://castillabizz.com/storage/thumbnails/uPbNhnu94Q3q7eyg7aZxRgZBTNLRVOfsAr3J2U99.jpg,,,,,,,2024-01-01 00:00:00+00,,0,true,,,,,,,,,,,
tweve_cas_189,LAST SAMURAI STANDING 1-7,,/api/castilla/189,/api/castilla/189,,https://castillabizz.com/storage/thumbnails/KSnRanmUrC9rdZteV99uVXbEkp5J1JxFkrcpKQJr.jpg,,,,,,,2024-01-01 00:00:00+00,,0,true,,,,,,,,,,,
tweve_cas_19,TRASH,,/api/castilla/19,/api/castilla/19,,https://castillabizz.com/storage/thumbnails/bjWApezuDCSXxkKIPyEEPYhUQkeXHtiAMoF6RdVJ.jpg,,,,,,,2024-01-01 00:00:00+00,,0,true,,,,,,,,,,,
tweve_cas_190,LAST SAMURAI STANDING 8-14,,/api/castilla/190,/api/castilla/190,,https://castillabizz.com/storage/thumbnails/oRPs6ObyLdx3lRyBAkpRPlFKfXXaEfdnhtlpefaI.jpg,,,,,,,2024-01-01 00:00:00+00,,0,true,,,,,,,,,,,
tweve_cas_191,THE ORDER 1-30,,/api/castilla/191,/api/castilla/191,,https://castillabizz.com/storage/thumbnails/KFR52TDB4OLBy5XFeEBkSAmou0GKbNz0Lqm6QwWz.jpg,,,,,,,2024-01-01 00:00:00+00,,0,true,,,,,,,,,,,
tweve_cas_192,GELSIN 51-60,,/api/castilla/192,/api/castilla/192,,https://castillabizz.com/storage/thumbnails/FqPPzwYXPDGaGmeRsenpoWBc7QnUiPHtmtSnDDsl.webp,,,,,,,2024-01-01 00:00:00+00,,0,true,,,,,,,,,,,
tweve_cas_193,Sisyphus: The myth 11-20,,/api/castilla/193,/api/castilla/193,,https://castillabizz.com/storage/thumbnails/xs5AXJwPdSWfGCOrD6lxFVBAMROeM9iCupMXdnRw.jpg,,,,,,,2024-01-01 00:00:00+00,,0,true,,,,,,,,,,,
tweve_cas_195,SLAVE HUNTER 11-24 FINAL,,/api/castilla/195,/api/castilla/195,,https://castillabizz.com/storage/thumbnails/5AQa8oI6uzhGi7voa670lML35JwuWsZ3uR7WsRPp.jpg,,,,,,,2024-01-01 00:00:00+00,,0,true,,,,,,,,,,,
tweve_cas_196,FAITH 11-24,,/api/castilla/196,/api/castilla/196,,https://castillabizz.com/storage/thumbnails/1gj30CuvyHDoAmDPMXV2WBw2dODFSbLC9Wxk7R5E.jpg,,,,,,,2024-01-01 00:00:00+00,,0,true,,,,,,,,,,,
tweve_cas_197,TEMPTATION OF AN ANGEL 11-21,,/api/castilla/197,/api/castilla/197,,https://castillabizz.com/storage/thumbnails/CxvONlyz7e8CDIBcecZUEXBJheMWghdF53SBg0BX.jpg,,,,,,,2024-01-01 00:00:00+00,,0,true,,,,,,,,,,,
tweve_cas_198,ATHENA 11-20,,/api/castilla/198,/api/castilla/198,,https://castillabizz.com/storage/thumbnails/yxQJCVauQtrcyVxUZWb6U1SLjmMPf3QuqZnzzEJF.jpg,,,,,,,2024-01-01 00:00:00+00,,0,true,,,,,,,,,,,
tweve_cas_199,THE BLACKLIST 51-60,,/api/castilla/199,/api/castilla/199,,https://castillabizz.com/storage/thumbnails/MeZ0xKCBNXJbdxsZ9IrDeX0phH9m0rQycXzQ606y.jpg,,,,,,,2024-01-01 00:00:00+00,,0,true,,,,,,,,,,,
tweve_cas_201,BREAKTHROUGH,,/api/castilla/201,/api/castilla/201,,https://castillabizz.com/storage/thumbnails/YvGwyx9oHhipaufdrShSes2gGANMXqo6OtH5pzKu.jpg,,,,,,,2024-01-01 00:00:00+00,,0,true,,,,,,,,,,,
tweve_cas_202,SARAH NOTEBOOK,,/api/castilla/202,/api/castilla/202,,https://castillabizz.com/storage/thumbnails/UPdTnJUGyTi0jkfKsm1qSKTCbA8pKGIoHwaz352O.jpg,,,,,,,2024-01-01 00:00:00+00,,0,true,,,,,,,,,,,
tweve_cas_203,SEAL OF DESIRE,,/api/castilla/203,/api/castilla/203,,https://castillabizz.com/storage/thumbnails/i8Wa56m18ojsbR1Nlx1AB99mYFwxTj7xLROfmI08.jpg,,,,,,,2024-01-01 00:00:00+00,,0,true,,,,,,,,,,,
tweve_cas_204,TRIPLE THREAT,,/api/castilla/204,/api/castilla/204,,https://castillabizz.com/storage/thumbnails/EAZLreTv6Pi65Dke8f6Lb32edprgSOZwfjXkRX8H.jpg,,,,,,,2024-01-01 00:00:00+00,,0,true,,,,,,,,,,,
tweve_cas_207,GELSIN 61-70,,/api/castilla/207,/api/castilla/207,,https://castillabizz.com/storage/thumbnails/xwxe0TLfyBuOWSgJBhGyCJiAVVwSUJYlsd21AKzg.webp,,,,,,,2024-01-01 00:00:00+00,,0,true,,,,,,,,,,,
tweve_cas_208,GAME OF THRONE 11-20,,/api/castilla/208,/api/castilla/208,,https://castillabizz.com/storage/thumbnails/1XBXZ1GlMSc0kQLOSn6Plycq25Id0jIFsE6RFyAC.jpg,,,,,,,2024-01-01 00:00:00+00,,0,true,,,,,,,,,,,
tweve_cas_209,SISYPHUS: The myth 21-30,,/api/castilla/209,/api/castilla/209,,https://castillabizz.com/storage/thumbnails/QcgfCCf7m9E6oLfP7FtVBTfX2P8vUDjzYfYeKjYT.jpg,,,,,,,2024-01-01 00:00:00+00,,0,true,,,,,,,,,,,
tweve_cas_21,THE VAULT,,/api/castilla/21,/api/castilla/21,,https://castillabizz.com/storage/thumbnails/k0HeLb9ZsxzGSooJ9HiGY4ByyTU770mzFFKCZDU4.jpg,,,,,,,2024-01-01 00:00:00+00,,0,true,,,,,,,,,,,
tweve_cas_210,"NEW SOZ 5, (65-70)",,/api/castilla/210,/api/castilla/210,,https://castillabizz.com/storage/thumbnails/DkmQyfV411hQOKIbtZig5wABqktIyQfTsuz3QVvC.jpg,,,,,,,2024-01-01 00:00:00+00,,0,true,,,,,,,,,,,
tweve_cas_211,IRON HEART  1-6,,/api/castilla/211,/api/castilla/211,,https://castillabizz.com/storage/thumbnails/jGTYdM9hvoKunObArOsLqxhthh18awpVbDXgvXWZ.png,,,,,,,2024-01-01 00:00:00+00,,0,true,,,,,,,,,,,
tweve_cas_212,IRON HEART 7-12,,/api/castilla/212,/api/castilla/212,,https://castillabizz.com/storage/thumbnails/O6JsqUkLRHUaRW4S5VhVrAzeFrW6LYGGefTS9AO9.png,,,,,,,2024-01-01 00:00:00+00,,0,true,,,,,,,,,,,
tweve_cas_213,IRON HEART 13-18,,/api/castilla/213,/api/castilla/213,,https://castillabizz.com/storage/thumbnails/fxQtloerDMC02pEEskWMBToakuH4Rn3PPhhIot1M.png,,,,,,,2024-01-01 00:00:00+00,,0,true,,,,,,,,,,,
tweve_cas_214,IRON FIST 25-30,,/api/castilla/214,/api/castilla/214,,https://castillabizz.com/storage/thumbnails/csu3ALfgPdeQRwNedeJUqZkr2rjN9D85QctntF2M.webp,,,,,,,2024-01-01 00:00:00+00,,0,true,,,,,,,,,,,
tweve_cas_216,THE PERIPHERAL,,/api/castilla/216,/api/castilla/216,,https://castillabizz.com/storage/thumbnails/g3JNZ0o293TgSIPl4Y3Ge8xHOva5itwmbDF2e4UX.jpg,,,,,,,2024-01-01 00:00:00+00,,0,true,,,,,,,,,,,
tweve_cas_217,SNAKE GIRL PART 01,,/api/castilla/217,/api/castilla/217,,https://castillabizz.com/storage/thumbnails/ki5YOvKiy3eWTtTaxeDpAo2Rdy1ygMHt0H151fC6.jpg,,,,,,,2024-01-01 00:00:00+00,,0,true,,,,,,,,,,,
tweve_cas_218,SNAKE GIRL PART 02,,/api/castilla/218,/api/castilla/218,,https://castillabizz.com/storage/thumbnails/9cFXaDTmffDnDR5Mqo62q2baKSf3TMFETxBNRytz.jpg,,,,,,,2024-01-01 00:00:00+00,,0,true,,,,,,,,,,,
tweve_cas_22,MIAMI BEACH,,/api/castilla/22,/api/castilla/22,,https://castillabizz.com/storage/thumbnails/KBHHWTi68jMmxTypMmObnKnuGnZfqc7G8qKi2AYv.jpg,,,,,,,2024-01-01 00:00:00+00,,0,true,,,,,,,,,,,
tweve_cas_220,GELSIN 71-80,,/api/castilla/220,/api/castilla/220,,https://castillabizz.com/storage/thumbnails/ArwuOZUsVUhrpUeX6oqeWMCiTpvq8laOhp39Qzh9.webp,,,,,,,2024-01-01 00:00:00+00,,0,true,,,,,,,,,,,
tweve_cas_221,THE BLACKLIST 61-70,,/api/castilla/221,/api/castilla/221,,https://castillabizz.com/storage/thumbnails/9uZsihApNXLqmLraNwGQqMw7GDYs24nQRxLhEFED.jpg,,,,,,,2024-01-01 00:00:00+00,,0,true,,,,,,,,,,,
tweve_cas_222,SISYPHUS: The myth 31-40,,/api/castilla/222,/api/castilla/222,,https://castillabizz.com/storage/thumbnails/Hki7wauzfDCS1lkMf22R2tvSe7wsOLvqNZHMbiMP.jpg,,,,,,,2024-01-01 00:00:00+00,,0,true,,,,,,,,,,,
tweve_cas_223,GAME OF THRONES 21-30,,/api/castilla/223,/api/castilla/223,,https://castillabizz.com/storage/thumbnails/YLH95WMs6D8Ion6yYH0ll246rY0uiIrz0czrxINf.jpg,,,,,,,2024-01-01 00:00:00+00,,0,true,,,,,,,,,,,
tweve_cas_227,WAR MACHINE,,/api/castilla/227,/api/castilla/227,,https://castillabizz.com/storage/thumbnails/OeN5v4OV8WhQxLy232XSG2yKB4P7l6pJAzyPHc5Z.jpg,,,,,,,2024-01-01 00:00:00+00,,0,true,,,,,,,,,,,
tweve_cas_228,SHARRIF,,/api/castilla/228,/api/castilla/228,,https://castillabizz.com/storage/thumbnails/5ssvs0KHwdaEfIvsRo08OWn3yC4wzxxn7jUML3DK.jpg,,,,,,,2024-01-01 00:00:00+00,,0,true,,,,,,,,,,,
tweve_cas_229,REBEL RIDGE,,/api/castilla/229,/api/castilla/229,,https://castillabizz.com/storage/thumbnails/9YrBgRhcbqKcdy3Y3wcbL4sBuw85EQEZMw8pc92B.webp,,,,,,,2024-01-01 00:00:00+00,,0,true,,,,,,,,,,,
tweve_cas_23,EAST OF EDEN (1-10),,/api/castilla/23,/api/castilla/23,,https://castillabizz.com/storage/thumbnails/veFjx3xxDPFqKyemQLYWvtHPzdQvLduPhFM1kMcY.jpg,,,,,,,2024-01-01 00:00:00+00,,0,true,,,,,,,,,,,
tweve_cas_231,ROOFTOPS PRINCE 1-10,,/api/castilla/231,/api/castilla/231,,https://castillabizz.com/storage/thumbnails/iAZfpZyuOktZcu4ASCHXhAeJ470XoNCPKmuQ4Cc5.jpg,,,,,,,2024-01-01 00:00:00+00,,0,true,,,,,,,,,,,
tweve_cas_233,THE ORDER 31-68FINAL,,/api/castilla/233,/api/castilla/233,,https://castillabizz.com/storage/thumbnails/oGWIuYJsHIg2MR0d6ml73QWDJ3WyNrdJarc73B5B.jpg,,,,,,,2024-01-01 00:00:00+00,,0,true,,,,,,,,,,,
tweve_cas_234,END GAME,,/api/castilla/234,/api/castilla/234,,https://castillabizz.com/storage/thumbnails/ai4DBfzhi6OtKIwY8ObYFb4LWSFCCzf6gxeufL0G.webp,,,,,,,2024-01-01 00:00:00+00,,0,true,,,,,,,,,,,
tweve_cas_235,HIJACK 1971,,/api/castilla/235,/api/castilla/235,,https://castillabizz.com/storage/thumbnails/qY6LJFbJ6RufMqabrc9QAj29VZhf22xxddx8Yna2.jpg,,,,,,,2024-01-01 00:00:00+00,,0,true,,,,,,,,,,,
tweve_cas_236,GUY RITCHIE'S THE COVENANT,,/api/castilla/236,/api/castilla/236,,https://castillabizz.com/storage/thumbnails/EfFWBMArOBPRG1JIy6LKn2LrV5JKCX7sMaSvEUQE.jpg,,,,,,,2024-01-01 00:00:00+00,,0,true,,,,,,,,,,,
tweve_cas_237,THE BRAVE,,/api/castilla/237,/api/castilla/237,,https://castillabizz.com/storage/thumbnails/NtZ4jf79XiGsw23m7ECQcdGikoWlMXB8bASsD27D.jpg,,,,,,,2024-01-01 00:00:00+00,,0,true,,,,,,,,,,,
tweve_cas_239,THE CORPES OF ANNA,,/api/castilla/239,/api/castilla/239,,https://castillabizz.com/storage/thumbnails/xN6urim86ANEes409gL8e0AMDx721qeT7qNYJRGT.jpg,,,,,,,2024-01-01 00:00:00+00,,0,true,,,,,,,,,,,
tweve_cas_242,PLANE,,/api/castilla/242,/api/castilla/242,,https://castillabizz.com/storage/thumbnails/IxAMRCXOxBZbVsbfrugGukdf486uvS8dkL0TNFUQ.jpg,,,,,,,2024-01-01 00:00:00+00,,0,true,,,,,,,,,,,
tweve_cas_245,GELSIN 81-100 FINAL,,/api/castilla/245,/api/castilla/245,,https://castillabizz.com/storage/thumbnails/we6EnytwTz2h8HvuxlOusCICsq0LHcwKErgscsDd.webp,,,,,,,2024-01-01 00:00:00+00,,0,true,,,,,,,,,,,
tweve_cas_246,PATHAAN,,/api/castilla/246,/api/castilla/246,,https://castillabizz.com/storage/thumbnails/XhmvmaIeTgzMBlBqaJfOYZOKGIYAAtEYEEjPCyL2.jpg,,,,,,,2024-01-01 00:00:00+00,,0,true,,,,,,,,,,,
tweve_cas_247,HYENA ROAD,,/api/castilla/247,/api/castilla/247,,https://castillabizz.com/storage/thumbnails/yAanV4KFX0Bb4p7rYCg0TIkdZuY4ncYrJzImLC0i.jpg,,,,,,,2024-01-01 00:00:00+00,,0,true,,,,,,,,,,,
tweve_cas_248,LONE SURVIVOR,,/api/castilla/248,/api/castilla/248,,https://castillabizz.com/storage/thumbnails/czDx7UyNkG1bfVSkxRAzVqxVbPMG2jZINbFRimJv.jpg,,,,,,,2024-01-01 00:00:00+00,,0,true,,,,,,,,,,,
tweve_cas_249,INNOCENT DEFENDANT 11-18FINAL,,/api/castilla/249,/api/castilla/249,,https://castillabizz.com/storage/thumbnails/iYQROeajOlgrs4AjtVxWJznoybUTTu0FZ0Fcf3Sw.jpg,,,,,,,2024-01-01 00:00:00+00,,0,true,,,,,,,,,,,
tweve_cas_25,DIRTY ANGEL (PART 1&2),,/api/castilla/25,/api/castilla/25,,https://castillabizz.com/storage/thumbnails/m18Sn6KzagmtMr57bLk71w26HGMMdrbNPMLZqtcT.jpg,,,,,,,2024-01-01 00:00:00+00,,0,true,,,,,,,,,,,
tweve_cas_250,AAR YA PAAR,,/api/castilla/250,/api/castilla/250,,https://castillabizz.com/storage/thumbnails/TZRzZuto5ahOMi6RifQFGIVV9p5SToFLRzYNEYsa.webp,,,,,,,2024-01-01 00:00:00+00,,0,true,,,,,,,,,,,
tweve_cas_251,"NEW SOZ 5, (71-76)",,/api/castilla/251,/api/castilla/251,,https://castillabizz.com/storage/thumbnails/d64Z1i7uqoTsdXWiEg4NKKLisYQK9fDo8ns1FUiU.jpg,,,,,,,2024-01-01 00:00:00+00,,0,true,,,,,,,,,,,
tweve_cas_253,GOODBYE MR BLACK 1-10,,/api/castilla/253,/api/castilla/253,,https://castillabizz.com/storage/thumbnails/H0LA3MgUpDT9eagG9GlfiwboIbDPlKXacEub0aky.jpg,,,,,,,2024-01-01 00:00:00+00,,0,true,,,,,,,,,,,
tweve_cas_254,SWAP OUT,,/api/castilla/254,/api/castilla/254,,https://castillabizz.com/storage/thumbnails/31BaxNla9IvMtHKcBqB5H9gds0QakLtVcpvgO0ZP.jpg,,,,,,,2024-01-01 00:00:00+00,,0,true,,,,,,,,,,,
tweve_cas_255,CRIMINAL MINDS,,/api/castilla/255,/api/castilla/255,,https://castillabizz.com/storage/thumbnails/9AYs8zR2XlvzxUNdTrNjfDrgnj1VUjIGsdEpGBpm.jpg,,,,,,,2024-01-01 00:00:00+00,,0,true,,,,,,,,,,,
tweve_cas_256,DEATH HUNTER,,/api/castilla/256,/api/castilla/256,,https://castillabizz.com/storage/thumbnails/qqhQhiFlXjgKZsohR3CmE3iYCYfHorCTUFJBcNSs.png,,,,,,,2024-01-01 00:00:00+00,,0,true,,,,,,,,,,,
tweve_cas_258,BATTLE AT LAKE CHANGJIN,,/api/castilla/258,/api/castilla/258,,https://castillabizz.com/storage/thumbnails/qyByz3QGdKwTB4UprIheZYqSEn0I3l6EfEb51MA8.jpg,,,,,,,2024-01-01 00:00:00+00,,0,true,,,,,,,,,,,
tweve_cas_259,SEAL TEAM 8,,/api/castilla/259,/api/castilla/259,,https://castillabizz.com/storage/thumbnails/vZ6KOsTE1n9JJ6bVd2Q3kflccISC6vFzCOWPsJXX.jpg,,,,,,,2024-01-01 00:00:00+00,,0,true,,,,,,,,,,,
tweve_cas_26,NO MASTER NO CHAIN,,/api/castilla/26,/api/castilla/26,,https://castillabizz.com/storage/thumbnails/hc01vGNT8libovxmpJJfXd7eU9nWwNnVxLjELyY0.jpg,,,,,,,2024-01-01 00:00:00+00,,0,true,,,,,,,,,,,
tweve_cas_260,GLORIOUS 7,,/api/castilla/260,/api/castilla/260,,https://castillabizz.com/storage/thumbnails/m5uXyEYcmGGavYAYFuvaV6DhO3lNVL7ydimZ7igk.webp,,,,,,,2024-01-01 00:00:00+00,,0,true,,,,,,,,,,,
tweve_cas_261,FATAL SEDUCTION S1,,/api/castilla/261,/api/castilla/261,,https://castillabizz.com/storage/thumbnails/gPZGlLybvp5pmRx90bcadHbXgLODZBcI4oEbsjCl.jpg,,,,,,,2024-01-01 00:00:00+00,,0,true,,,,,,,,,,,
tweve_cas_262,CODE 8,,/api/castilla/262,/api/castilla/262,,https://castillabizz.com/storage/thumbnails/CkravTvuOh39EcVZvnHPnXYjGTflU0jQ2swOWhpe.jpg,,,,,,,2024-01-01 00:00:00+00,,0,true,,,,,,,,,,,
tweve_cas_263,DAMSEL,,/api/castilla/263,/api/castilla/263,,https://castillabizz.com/storage/thumbnails/g8vs6SpC2gNHa2ciTdq0XdpUPylTWiSXAgWEDd30.jpg,,,,,,,2024-01-01 00:00:00+00,,0,true,,,,,,,,,,,
tweve_cas_264,MAYHEM,,/api/castilla/264,/api/castilla/264,,https://castillabizz.com/storage/thumbnails/XkiL0wf0iJp2JxKM3BVuyFEEi7D2VimMh4Ps1pWb.jpg,,,,,,,2024-01-01 00:00:00+00,,0,true,,,,,,,,,,,
tweve_cas_265,KHANZAB,,/api/castilla/265,/api/castilla/265,,https://castillabizz.com/storage/thumbnails/c2UClt8bZ4VtAIYdLkZjsa4c4aCHT6aieRPolW7a.jpg,,,,,,,2024-01-01 00:00:00+00,,0,true,,,,,,,,,,,
tweve_cas_266,NOW YOU SEE ME,,/api/castilla/266,/api/castilla/266,,https://castillabizz.com/storage/thumbnails/M1h03oHRritx37Bw7xSbqXBD7Gm6ueecUvXZA0Bj.jpg,,,,,,,2024-01-01 00:00:00+00,,0,true,,,,,,,,,,,
tweve_cas_267,LAST SAMURAI STANDING 15-20FINAL,,/api/castilla/267,/api/castilla/267,,https://castillabizz.com/storage/thumbnails/SNSvIcwjUPhy240DvzfhLVWsArc9tKJPPHrhRs0n.jpg,,,,,,,2024-01-01 00:00:00+00,,0,true,,,,,,,,,,,
tweve_cas_269,CHACE FOR AMBER,,/api/castilla/269,/api/castilla/269,,https://castillabizz.com/storage/thumbnails/TNXJypuFRWXdeF7uaVGD71vVy821CTco8qR9SaOP.jpg,,,,,,,2024-01-01 00:00:00+00,,0,true,,,,,,,,,,,
tweve_cas_27,FORMED POLICE,,/api/castilla/27,/api/castilla/27,,https://castillabizz.com/storage/thumbnails/AzTRk4vH0vDKOaBZOQLzkTb0yuHo2lDmGi7jjO8G.jpg,,,,,,,2024-01-01 00:00:00+00,,0,true,,,,,,,,,,,
tweve_cas_270,SOLDIER,,/api/castilla/270,/api/castilla/270,,https://castillabizz.com/storage/thumbnails/n7OSAxZS1EJWjZtZYOA3QA932Uy3wWH2RNfVr4R9.jpg,,,,,,,2024-01-01 00:00:00+00,,0,true,,,,,,,,,,,
tweve_cas_271,COLD,,/api/castilla/271,/api/castilla/271,,https://castillabizz.com/storage/thumbnails/5urnUucOj4HcYftYpas9FSLQneCniIudpXlzA4oI.jpg,,,,,,,2024-01-01 00:00:00+00,,0,true,,,,,,,,,,,
tweve_cas_273,SNIPER WHITE RAVEN,,/api/castilla/273,/api/castilla/273,,https://castillabizz.com/storage/thumbnails/XMmuuxD15drcltjFOucpk86HP8tra94fzrkQKB4a.jpg,,,,,,,2024-01-01 00:00:00+00,,0,true,,,,,,,,,,,
tweve_cas_274,BOOK OF NEGROES,,/api/castilla/274,/api/castilla/274,,https://castillabizz.com/storage/thumbnails/ruCJ0Ii0OfQMUQlfdoLVovS8vooQk1IZFkrJnmwo.jpg,,,,,,,2024-01-01 00:00:00+00,,0,true,,,,,,,,,,,
tweve_cas_276,GAME OF THRONES 31-40,,/api/castilla/276,/api/castilla/276,,https://castillabizz.com/storage/thumbnails/R7MwergBUsuyjjWIyTDL3r0Gt4pCDjvZEHaUnMo7.jpg,,,,,,,2024-01-01 00:00:00+00,,0,true,,,,,,,,,,,
tweve_cas_277,THE BLACKLIST 71-80,,/api/castilla/277,/api/castilla/277,,https://castillabizz.com/storage/thumbnails/0IFgZCLI6dUUtcrTOcUEbnfpWpa4N8eCzRUdnNZq.jpg,,,,,,,2024-01-01 00:00:00+00,,0,true,,,,,,,,,,,
tweve_cas_278,CITY HUNTER,,/api/castilla/278,/api/castilla/278,,https://castillabizz.com/storage/thumbnails/hwjnoakdiicgdt3n9MnbFsL3AmUirXeW6BiGo8NM.jpg,,,,,,,2024-01-01 00:00:00+00,,0,true,,,,,,,,,,,
tweve_cas_279,BLOODHOUND,,/api/castilla/279,/api/castilla/279,,https://castillabizz.com/storage/thumbnails/VTYgQyO5cdfvDXPedlVTSvpQWW2U16UJKX1o5tmj.jpg,,,,,,,2024-01-01 00:00:00+00,,0,true,,,,,,,,,,,
tweve_cas_28,RED SPARROW (PART 1&2),,/api/castilla/28,/api/castilla/28,,https://castillabizz.com/storage/thumbnails/qixlrMPViRgPmClUPO1HW6DY1W3hjq58o5XtT6YQ.jpg,,,,,,,2024-01-01 00:00:00+00,,0,true,,,,,,,,,,,
tweve_cas_280,ROOFTOPS PRINCE 11-20,,/api/castilla/280,/api/castilla/280,,https://castillabizz.com/storage/thumbnails/QlIiRf2HyuBvhn9nqGmDc6EGBbSi8ExFGm5Beio9.jpg,,,,,,,2024-01-01 00:00:00+00,,0,true,,,,,,,,,,,
tweve_cas_281,EPIPHYLLUM DREAM,,/api/castilla/281,/api/castilla/281,,https://castillabizz.com/storage/thumbnails/cf2rYmRjkT5940yjzcvTqiujsv0MxOW8P9Se8k3I.jpg,,,,,,,2024-01-01 00:00:00+00,,0,true,,,,,,,,,,,
tweve_cas_282,AS GOD,,/api/castilla/282,/api/castilla/282,,https://castillabizz.com/storage/thumbnails/EoJuz4jXCnloYpV739eCRoNuv99Wg3zMzyeJ6E0S.jpg,,,,,,,2024-01-01 00:00:00+00,,0,true,,,,,,,,,,,
tweve_cas_283,AFTER EARTH,,/api/castilla/283,/api/castilla/283,,https://castillabizz.com/storage/thumbnails/ikRYs3qvUlNF8HgTUinQFW5rJlP1eh70L7OSElzG.jpg,,,,,,,2024-01-01 00:00:00+00,,2,true,,,,,,,,,,,
tweve_cas_284,UNBROKEN,,/api/castilla/284,/api/castilla/284,,https://castillabizz.com/storage/thumbnails/tpu4qEz647M4GvzweprDOW4bh5LbEwnn5WwBSZG2.jpg,,,,,,,2024-01-01 00:00:00+00,,0,true,,,,,,,,,,,
tweve_cas_285,BATTLEFIELD FALL OF THE WORLD,,/api/castilla/285,/api/castilla/285,,https://castillabizz.com/storage/thumbnails/WxwP8nRloxxmUDbWbIgPwKecVkotSym5XHyJcZdb.jpg,,,,,,,2024-01-01 00:00:00+00,,0,true,,,,,,,,,,,
tweve_cas_286,REVENGER,,/api/castilla/286,/api/castilla/286,,https://castillabizz.com/storage/thumbnails/rkDJnHwNXNrZo1WgibRFKxYm0HsdBukaNvguBZYj.jpg,,,,,,,2024-01-01 00:00:00+00,,2,true,,,,,,,,,,,
tweve_cas_287,BLOOD ORIGIN,,/api/castilla/287,/api/castilla/287,,https://castillabizz.com/storage/thumbnails/gH59HF0eTyR6W97BcJMviigi6CmKusXQ3PnesN5Z.jpg,,,,,,,2024-01-01 00:00:00+00,,0,true,,,,,,,,,,,
tweve_cas_288,CARTER,,/api/castilla/288,/api/castilla/288,,https://castillabizz.com/storage/thumbnails/pvwmaPU9ZExHcoFn7wcvXhxNcP2t8XarHpbJERE9.jpg,,,,,,,2024-01-01 00:00:00+00,,1,true,,,,,,,,,,,
tweve_cas_289,HOLLOW MAN,,/api/castilla/289,/api/castilla/289,,https://castillabizz.com/storage/thumbnails/jmpcLAmc2iuRLXZ3xMstZCmEzEdCy9EUev3hc4Ug.jpg,,,,,,,2024-01-01 00:00:00+00,,1,true,,,,,,,,,,,
tweve_cas_29,VOYEURS (PART 1&2),,/api/castilla/29,/api/castilla/29,,https://castillabizz.com/storage/thumbnails/YanBNGiOXvQbSLTWUYbQDDFqPrEWtaXDAHd7Fc8m.jpg,,,,,,,2024-01-01 00:00:00+00,,0,true,,,,,,,,,,,
tweve_cas_290,POSEIDON,,/api/castilla/290,/api/castilla/290,,https://castillabizz.com/storage/thumbnails/rTmnSpArkLVA2qHgDPiaBetSBOdig1j9mCBlIQ1L.jpg,,,,,,,2024-01-01 00:00:00+00,,0,true,,,,,,,,,,,
tweve_cas_291,SALARYMAN,,/api/castilla/291,/api/castilla/291,,https://castillabizz.com/storage/thumbnails/TIptt0hoQzv06heoV8LV7NPXrAXopYUhYiaoyEbk.jpg,,,,,,,2024-01-01 00:00:00+00,,0,true,,,,,,,,,,,
tweve_cas_292,OPERATION FORTUNE,,/api/castilla/292,/api/castilla/292,,https://castillabizz.com/storage/thumbnails/IpOI6grGcNzJNFXgbVesWHHMwUJLTS2aryCvXlW7.jpg,,,,,,,2024-01-01 00:00:00+00,,1,true,,,,,,,,,,,
tweve_cas_293,DIABLO,,/api/castilla/293,/api/castilla/293,,https://castillabizz.com/storage/thumbnails/gsz9f8KCWqCOhe4Xo0knREKT4GxqhyAV80toOECT.jpg,,,,,,,2024-01-01 00:00:00+00,,0,true,,,,,,,,,,,
tweve_cas_294,JAAT,,/api/castilla/294,/api/castilla/294,,https://castillabizz.com/storage/thumbnails/Q3cjjntqOdmItAeeZcpSGxPByBuqLZ7ofLwAzZcl.jpg,,,,,,,2024-01-01 00:00:00+00,,1,true,,,,,,,,,,,
tweve_cas_296,ALL QUEENS MEN S1,,/api/castilla/296,/api/castilla/296,,https://castillabizz.com/storage/thumbnails/C5OFwiOi0MXnjseJiwBKVPbQlwUDCqpdIisvViPQ.jpg,,,,,,,2024-01-01 00:00:00+00,,1,true,,,,,,,,,,,
tweve_cas_298,HUNT THE WICKED,,/api/castilla/298,/api/castilla/298,,https://castillabizz.com/storage/thumbnails/gn5vAfrJar3lQPZLySzt97I8a3FWEaU7bCgzGfew.jpg,,,,,,,2024-01-01 00:00:00+00,,0,true,,,,,,,,,,,
tweve_cas_299,FOUNTAIN OF YOUTH,,/api/castilla/299,/api/castilla/299,,https://castillabizz.com/storage/thumbnails/LXsiEbWyuX7gPY6LUPnhVs4vyTNTojQh5ZdrPxpe.jpg,,,,,,,2024-01-01 00:00:00+00,,0,true,,,,,,,,,,,
tweve_cas_30,OBLITERATED (1-24FINAL),,/api/castilla/30,/api/castilla/30,,https://castillabizz.com/storage/thumbnails/Rv8vlIfbBcM0dqQS6DaEbMdxZ35ZGOTeIs8Xz4bU.jpg,,,,,,,2024-01-01 00:00:00+00,,0,true,,,,,,,,,,,
tweve_cas_300,"NEW SOZ 5, (77-82)",,/api/castilla/300,/api/castilla/300,,https://castillabizz.com/storage/thumbnails/eVyziaCjMDi3wh17EJYChwIB0iVXCu4FJIPI2n08.jpg,,,,,,,2024-01-01 00:00:00+00,,0,true,,,,,,,,,,,
tweve_cas_301,IRON HEART 19-24,,/api/castilla/301,/api/castilla/301,,https://castillabizz.com/storage/thumbnails/iH58GXLVo9ghhR69UWwRkgNbIQlm6AgHwYUcrmdB.png,,,,,,,2024-01-01 00:00:00+00,,0,true,,,,,,,,,,,
tweve_cas_302,DESCENDANTS OF THE SUN 1-6,,/api/castilla/302,/api/castilla/302,,https://castillabizz.com/storage/thumbnails/RM395i3h6jIhCsPIKTSEFhVh9QJ2omAuAD6MFIem.jpg,,,,,,,2024-01-01 00:00:00+00,,0,true,,,,,,,,,,,
tweve_cas_303,WHISTLE,,/api/castilla/303,/api/castilla/303,,https://castillabizz.com/storage/thumbnails/MYsgDnWiv9TLiWYYcq4gOM9EvS5MYbZndAHKk1BW.jpg,,,,,,,2024-01-01 00:00:00+00,,0,true,,,,,,,,,,,
tweve_cas_304,ANGRY RESCURE,,/api/castilla/304,/api/castilla/304,,https://castillabizz.com/storage/thumbnails/hmvc8c7rVg4OkQQLvCaegmW8lIIFTDLtLS7oMzQU.jpg,,,,,,,2024-01-01 00:00:00+00,,1,true,,,,,,,,,,,
tweve_cas_305,STREET LIFE,,/api/castilla/305,/api/castilla/305,,https://castillabizz.com/storage/thumbnails/4SES2qxOiOb7EjXQ1lkwUnlF9W87eoaPs7FkKNy0.jpg,,,,,,,2024-01-01 00:00:00+00,,0,true,,,,,,,,,,,
tweve_cas_306,CONTRABAND,,/api/castilla/306,/api/castilla/306,,https://castillabizz.com/storage/thumbnails/rKUPV1GKEeRSNYxId0y7lLlc3XwDrWTDTkeLQdoW.jpg,,,,,,,2024-01-01 00:00:00+00,,0,true,,,,,,,,,,,
tweve_cas_307,MEXICALI,,/api/castilla/307,/api/castilla/307,,https://castillabizz.com/storage/thumbnails/MEKrueqkk15A8eST2ms5mU34fVUqlHvKScAikqOU.jpg,,,,,,,2024-01-01 00:00:00+00,,0,true,,,,,,,,,,,
tweve_cas_309,MAYOR OF KINGSTOWN S1,,/api/castilla/309,/api/castilla/309,,https://castillabizz.com/storage/thumbnails/xyYmn2DsAetWl08ldrHwOP01b3HVU8nq5YHK9C81.jpg,,,,,,,2024-01-01 00:00:00+00,,0,true,,,,,,,,,,,
tweve_cas_31,DESIGNATED (1-10),,/api/castilla/31,/api/castilla/31,,https://castillabizz.com/storage/thumbnails/rxJrT7f2QxakDYGrZcAdfvPhCfNqsIhqZ0s4pesM.webp,,,,,,,2024-01-01 00:00:00+00,,0,true,,,,,,,,,,,
tweve_cas_311,SEAL TEAM SIX S1,,/api/castilla/311,/api/castilla/311,,https://castillabizz.com/storage/thumbnails/cAczAWTbg70QigMhV0lqS0wwjGoAwAbAxpJK0wfF.jpg,,,,,,,2024-01-01 00:00:00+00,,1,true,,,,,,,,,,,
tweve_cas_312,SEAL TEAM SIX S2,,/api/castilla/312,/api/castilla/312,,https://castillabizz.com/storage/thumbnails/LsnCiLNogPVad9LnzGBGydrUkMnEplHb2GDpE3um.jpg,,,,,,,2024-01-01 00:00:00+00,,0,true,,,,,,,,,,,
tweve_cas_313,RED BLOOD SKY,,/api/castilla/313,/api/castilla/313,,https://castillabizz.com/storage/thumbnails/FrFigCePR6kijJy0UgEsPNKU684PI9kjM7MOPk5x.jpg,,,,,,,2024-01-01 00:00:00+00,,0,true,,,,,,,,,,,
tweve_cas_315,CITY UNDER SIEGE,,/api/castilla/315,/api/castilla/315,,https://castillabizz.com/storage/thumbnails/KVmYZzmZZ1rJSyfXJhdYaShpDsSsJ9Z9r7hXKpKT.jpg,,,,,,,2024-01-01 00:00:00+00,,0,true,,,,,,,,,,,
tweve_cas_316,GHOST LOVE,,/api/castilla/316,/api/castilla/316,,https://castillabizz.com/storage/thumbnails/i4Vo8t8oC6toPKojIecwAWAlUnQhy7DzlzuvwmbB.jpg,,,,,,,2024-01-01 00:00:00+00,,1,true,,,,,,,,,,,
tweve_cas_318,MAYOR OF KINGSTOWN S2,,/api/castilla/318,/api/castilla/318,,https://castillabizz.com/storage/thumbnails/YajaAIWoq2FZCQUMEhsgg81k4RbLJYwefmn15HcC.jpg,,,,,,,2024-01-01 00:00:00+00,,0,true,,,,,,,,,,,
tweve_cas_319,UNTIL DOWN,,/api/castilla/319,/api/castilla/319,,https://castillabizz.com/storage/thumbnails/YddnSwNypVj1iJoToOMoLms6sw2tRBQmCrXXyp5v.jpg,,,,,,,2024-01-01 00:00:00+00,,0,true,,,,,,,,,,,
tweve_cas_32,DESIGNATED (11-20),,/api/castilla/32,/api/castilla/32,,https://castillabizz.com/storage/thumbnails/ruWRxYD6W4FufXQjQi9rz7LvMhfbQCAhj9reKSWD.webp,,,,,,,2024-01-01 00:00:00+00,,0,true,,,,,,,,,,,
tweve_cas_320,SHADOW FORCE,,/api/castilla/320,/api/castilla/320,,https://castillabizz.com/storage/thumbnails/HDwt6lFHPDzNapRWvc9Vj2MR44zh5NX6U6lFlDhI.jpg,,,,,,,2024-01-01 00:00:00+00,,0,true,,,,,,,,,,,
tweve_cas_321,STRAW,,/api/castilla/321,/api/castilla/321,,https://castillabizz.com/storage/thumbnails/Alv796wcVE4rfDV1B3LBsqkHkNLgCQfZeFscrQZC.jpg,,,,,,,2024-01-01 00:00:00+00,,0,true,,,,,,,,,,,
tweve_cas_323,SHADOW AND BONE S1,,/api/castilla/323,/api/castilla/323,,https://castillabizz.com/storage/thumbnails/Ho8N72WnVE7ohkKCrrGHwKoBXSjiS4c3CgGdaRoX.jpg,,,,,,,2024-01-01 00:00:00+00,,0,true,,,,,,,,,,,
tweve_cas_324,SHADOW AND BONE S2,,/api/castilla/324,/api/castilla/324,,https://castillabizz.com/storage/thumbnails/NnpG75nSGXp2NMJnMxtW88w6aWalVuMEUX8S8cAF.jpg,,,,,,,2024-01-01 00:00:00+00,,1,true,,,,,,,,,,,
tweve_cas_325,ALIENOID,,/api/castilla/325,/api/castilla/325,,https://castillabizz.com/storage/thumbnails/jLZVX1L7Kj6z1OqddDpKm6Vy2eywtYoH2wdSfFMA.jpg,,,,,,,2024-01-01 00:00:00+00,,0,true,,,,,,,,,,,
tweve_cas_326,SUBMISSION,,/api/castilla/326,/api/castilla/326,,https://castillabizz.com/storage/thumbnails/BkQ0Y2ptq5W2JxNORu3oYD35s7DVnBStyKN01RdH.jpg,,,,,,,2024-01-01 00:00:00+00,,0,true,,,,,,,,,,,
tweve_cas_327,SHANNARA S1,,/api/castilla/327,/api/castilla/327,,https://castillabizz.com/storage/thumbnails/mCGN9rcm2197d2BS2BIsVwxE1lOQXOvqJejvpdS4.jpg,,,,,,,2024-01-01 00:00:00+00,,0,true,,,,,,,,,,,
tweve_cas_328,SHANNARA S2,,/api/castilla/328,/api/castilla/328,,https://castillabizz.com/storage/thumbnails/BihhQHoKNzU9zrwxJTKaTSEkGaguFU5DCVJ9t7E3.jpg,,,,,,,2024-01-01 00:00:00+00,,0,true,,,,,,,,,,,
tweve_cas_329,THE EVIL RETURN,,/api/castilla/329,/api/castilla/329,,https://castillabizz.com/storage/thumbnails/MUtut5AYnxx4M3DE5cWgQWKxPqptnPZqeOZ3unBD.jpg,,,,,,,2024-01-01 00:00:00+00,,0,true,,,,,,,,,,,
tweve_cas_33,DESIGNATED (21-30),,/api/castilla/33,/api/castilla/33,,https://castillabizz.com/storage/thumbnails/152mlfvQbudkB1ZpHmW9u4uAjTP7KRmqJlcLCXPp.webp,,,,,,,2024-01-01 00:00:00+00,,0,true,,,,,,,,,,,
tweve_cas_330,RACE TO WITCH MOUNTAIN,,/api/castilla/330,/api/castilla/330,,https://castillabizz.com/storage/thumbnails/Zb7nJ1jLSHwo6hfe8AuN8fbM8KlHZj18XP6Ts5wG.webp,,,,,,,2024-01-01 00:00:00+00,,0,true,,,,,,,,,,,
tweve_cas_331,THE COMEBACK,,/api/castilla/331,/api/castilla/331,,https://castillabizz.com/storage/thumbnails/ZJmfUqsBwaAuVxxztQoV8YjZPva4qVTKifnee5CR.jpg,,,,,,,2024-01-01 00:00:00+00,,0,true,,,,,,,,,,,
tweve_cas_332,FLINT S1,,/api/castilla/332,/api/castilla/332,,https://castillabizz.com/storage/thumbnails/kgREJZBIDwEnzGXz4frNpAy6ojqG6rjM6qIs0BIo.jpg,,,,,,,2024-01-01 00:00:00+00,,0,true,,,,,,,,,,,
tweve_cas_333,FLINT S2,,/api/castilla/333,/api/castilla/333,,https://castillabizz.com/storage/thumbnails/igXrl0Fm6wt8YiLssqhVd9Dt1uAW4xopuBYfBWIz.jpg,,,,,,,2024-01-01 00:00:00+00,,0,true,,,,,,,,,,,
tweve_cas_334,QUEEN OF AMBITION 1-10,,/api/castilla/334,/api/castilla/334,,https://castillabizz.com/storage/thumbnails/ajfpCh6D8gBqwCUvHYPVED9OuAebBim6m4o9aRlo.jpg,,,,,,,2024-01-01 00:00:00+00,,0,true,,,,,,,,,,,
tweve_cas_335,QUEEN OF AMBITION 11-24,,/api/castilla/335,/api/castilla/335,,https://castillabizz.com/storage/thumbnails/UgWubqEQBjmHctddiI4A18PI70NK8g51ELm2q2Ft.jpg,,,,,,,2024-01-01 00:00:00+00,,0,true,,,,,,,,,,,
tweve_cas_336,"NEW SOZ 5, 83-88",,/api/castilla/336,/api/castilla/336,,https://castillabizz.com/storage/thumbnails/RPQdyqwoYyQaXQ2eXhYKRjxi7F8yKQgkejfnGoKz.jpg,,,,,,,2024-01-01 00:00:00+00,,0,true,,,,,,,,,,,
tweve_cas_337,IRION FIST 31-36,,/api/castilla/337,/api/castilla/337,,https://castillabizz.com/storage/thumbnails/L26LgsWtz7XMcAzbo047Dysi5nZN4CD2f1WPkqCI.webp,,,,,,,2024-01-01 00:00:00+00,,0,true,,,,,,,,,,,
tweve_cas_339,MAYOR OF KINGSTOWN S3,,/api/castilla/339,/api/castilla/339,,https://castillabizz.com/storage/thumbnails/6aQ2kANXM6g8RUMzyMuJjPi7TPMSbOr2z6mxdpAn.jpg,,,,,,,2024-01-01 00:00:00+00,,0,true,,,,,,,,,,,
tweve_cas_34,DESIGNATED (31-40),,/api/castilla/34,/api/castilla/34,,https://castillabizz.com/storage/thumbnails/ywlejQ9nNoPzk28IakAK88uthXkkN30QaoX64m1S.webp,,,,,,,2024-01-01 00:00:00+00,,0,true,,,,,,,,,,,
tweve_cas_340,DESCENDANTS OF THE SUN KOREA,,/api/castilla/340,/api/castilla/340,,https://castillabizz.com/storage/thumbnails/J9KDdcMv4dzNjdAcMm8yIRZJLQKpOfZy54BeOEc0.jpg,,,,,,,2024-01-01 00:00:00+00,,0,true,,,,,,,,,,,
tweve_cas_341,PERFUME,,/api/castilla/341,/api/castilla/341,,https://castillabizz.com/storage/thumbnails/2F8ITEp9HXK549fG5CfaJqtZJN1GsRjsopvpE2ED.jpg,,,,,,,2024-01-01 00:00:00+00,,0,true,,,,,,,,,,,
tweve_cas_342,SUPACELL,,/api/castilla/342,/api/castilla/342,,https://castillabizz.com/storage/thumbnails/Uqm3zGIMM45eVjP3qhyxWKwchohChW4dbzUwHO7r.jpg,,,,,,,2024-01-01 00:00:00+00,,0,true,,,,,,,,,,,
tweve_cas_343,HEY YOU,,/api/castilla/343,/api/castilla/343,,https://castillabizz.com/storage/thumbnails/xfhpJ0QcMmfzxjNQuUniXtmHDb9C3mFxo2Iw7paT.jpg,,,,,,,2024-01-01 00:00:00+00,,0,true,,,,,,,,,,,
tweve_cas_344,TERMINAL LIST S1,,/api/castilla/344,/api/castilla/344,,https://castillabizz.com/storage/thumbnails/eRsMmeVSxqAziKHUqaK7mdoomo56yCZCauj4FDTG.jpg,,,,,,,2024-01-01 00:00:00+00,,0,true,,,,,,,,,,,
tweve_cas_345,TERMINAL LIST S2,,/api/castilla/345,/api/castilla/345,,https://castillabizz.com/storage/thumbnails/d7riBW2MTgL7vMJN73NJ8BCkC8dKc8P895U1H4ON.jpg,,,,,,,2024-01-01 00:00:00+00,,0,true,,,,,,,,,,,
tweve_cas_346,FEMALE SPECIAL POLICE,,/api/castilla/346,/api/castilla/346,,https://castillabizz.com/storage/thumbnails/odYYKutFbteEf7sZGuoZhEeuukfovySAKw0FzR2s.jpg,,,,,,,2024-01-01 00:00:00+00,,0,true,,,,,,,,,,,
tweve_cas_347,TERMINATOR DARK FATE,,/api/castilla/347,/api/castilla/347,,https://castillabizz.com/storage/thumbnails/GOxd8M6LLcqMv1E2f6BRa7FRcxEqyrBBxs4hbyHp.jpg,,,,,,,2024-01-01 00:00:00+00,,0,true,,,,,,,,,,,
tweve_cas_348,LITTLE MERMAID,,/api/castilla/348,/api/castilla/348,,https://castillabizz.com/storage/thumbnails/EaecRtxbpxMrgznzbMISXWZ5txHoWOd1YQbMtZ0N.jpg,,,,,,,2024-01-01 00:00:00+00,,0,true,,,,,,,,,,,
tweve_cas_349,ADDICTED,,/api/castilla/349,/api/castilla/349,,https://castillabizz.com/storage/thumbnails/FFGb6PPOnFmoC29o0BSVCyYOrOminfkb0v23ApD3.jpg,,,,,,,2024-01-01 00:00:00+00,,0,true,,,,,,,,,,,
tweve_cas_35,DESIGNATED (41-53FINAL),,/api/castilla/35,/api/castilla/35,,https://castillabizz.com/storage/thumbnails/8w3GRDWDyhKMAh16Jltuk15srePIJw7dPxpN9kFW.webp,,,,,,,2024-01-01 00:00:00+00,,0,true,,,,,,,,,,,
tweve_cas_350,PARIS HAS FALLEN,,/api/castilla/350,/api/castilla/350,,https://castillabizz.com/storage/thumbnails/XePyqH8hyPHBar5SAGScVQDTSvrTRf6Z2MjsdqPR.jpg,,,,,,,2024-01-01 00:00:00+00,,0,true,,,,,,,,,,,
tweve_cas_351,THE DAY OF THE JACKAL,,/api/castilla/351,/api/castilla/351,,https://castillabizz.com/storage/thumbnails/mYM8T73qAlUf31pExIQ5zrmtafpqWg9uxWvJi8n5.jpg,,,,,,,2024-01-01 00:00:00+00,,0,true,,,,,,,,,,,
tweve_cas_352,HOUND OF WAR,,/api/castilla/352,/api/castilla/352,,https://castillabizz.com/storage/thumbnails/I4XUxVh66DjrP944tmAdTXbv3idowJPikXc8CBBv.jpg,,,,,,,2024-01-01 00:00:00+00,,0,true,,,,,,,,,,,
tweve_cas_353,SNIPER THE LAST STAND,,/api/castilla/353,/api/castilla/353,,https://castillabizz.com/storage/thumbnails/5MkNVIUrxeld45DIqbfMDiwHNcJE3egeQ1zDLHhL.jpg,,,,,,,2024-01-01 00:00:00+00,,0,true,,,,,,,,,,,
tweve_cas_354,THE GORGE,,/api/castilla/354,/api/castilla/354,,https://castillabizz.com/storage/thumbnails/OptNU8jIMFXmM07uhY3Qxv97dVJlaHTOWI6fJDd9.jpg,,,,,,,2024-01-01 00:00:00+00,,0,true,,,,,,,,,,,
tweve_cas_355,DEAD ANTS,,/api/castilla/355,/api/castilla/355,,https://castillabizz.com/storage/thumbnails/DODmwjSa2qM44ecOtvVb2eepOfa8t5cRZowOQlOu.jpg,,,,,,,2024-01-01 00:00:00+00,,1,true,,,,,,,,,,,
tweve_cas_356,AMERICAN BORN CHINES,,/api/castilla/356,/api/castilla/356,,https://castillabizz.com/storage/thumbnails/CGaqeiIKsdmnf3R6Jmd8nzRFnTVsZlkpLXyAwaeg.jpg,,,,,,,2024-01-01 00:00:00+00,,0,true,,,,,,,,,,,
tweve_cas_357,CIVIL WAR,,/api/castilla/357,/api/castilla/357,,https://castillabizz.com/storage/thumbnails/aWNRc4sUsEO9OIQnxt89Dt0I5e41Ccsy097M3TCE.jpg,,,,,,,2024-01-01 00:00:00+00,,0,true,,,,,,,,,,,
tweve_cas_359,KISS AND KILL,,/api/castilla/359,/api/castilla/359,,https://castillabizz.com/storage/thumbnails/9gZK376A462gMgbmocqzxJDmCUkB6L0IJhA8OXnl.jpg,,,,,,,2024-01-01 00:00:00+00,,0,true,,,,,,,,,,,
tweve_cas_36,"IRIS (S1, 1-10)",,/api/castilla/36,/api/castilla/36,,https://castillabizz.com/storage/thumbnails/m7zy8cXQz7epvDUP3xC3Ma1EQ7lQ6gzIue6cuKC5.jpg,,,,,,,2024-01-01 00:00:00+00,,0,true,,,,,,,,,,,
tweve_cas_360,GOODBYE MR BLACK 11-20,,/api/castilla/360,/api/castilla/360,,https://castillabizz.com/storage/thumbnails/xU1lcxytLnTs9aq1q3q4vn6tkYo9fTOw3QvSve56.jpg,,,,,,,2024-01-01 00:00:00+00,,0,true,,,,,,,,,,,
tweve_cas_361,TWO WEEKS,,/api/castilla/361,/api/castilla/361,,https://castillabizz.com/storage/thumbnails/ajZ2s8sbCvKsp6ikz1hHiL4DQcXf0JLOZuo9oA2g.jpg,,,,,,,2024-01-01 00:00:00+00,,0,true,,,,,,,,,,,
tweve_cas_362,THE KILLER,,/api/castilla/362,/api/castilla/362,,https://castillabizz.com/storage/thumbnails/wrHGeiG3NlULcpYO7KVi28QvpcrqXOtjikFdiFuU.jpg,,,,,,,2024-01-01 00:00:00+00,,0,true,,,,,,,,,,,
tweve_cas_363,CONSTANTINE,,/api/castilla/363,/api/castilla/363,,https://castillabizz.com/storage/thumbnails/KPOlI8ApeZ8ruhGW7LcrH2zMfWntwZtPGRiip3SW.jpg,,,,,,,2024-01-01 00:00:00+00,,0,true,,,,,,,,,,,
tweve_cas_364,THOSE ABOUT TO DIE,,/api/castilla/364,/api/castilla/364,,https://castillabizz.com/storage/thumbnails/qQuZBunQzpfQoKUZwbHXvWrOpvYowfqP4xenszHB.jpg,,,,,,,2024-01-01 00:00:00+00,,0,true,,,,,,,,,,,
tweve_cas_365,GODFATHER OF HARLEM,,/api/castilla/365,/api/castilla/365,,https://castillabizz.com/storage/thumbnails/KQ8ssZYdCvjSlrwTd2584EjsIrm252Vj8DX1CV0l.jpg,,,,,,,2024-01-01 00:00:00+00,,0,true,,,,,,,,,,,
tweve_cas_366,CURSED,,/api/castilla/366,/api/castilla/366,,https://castillabizz.com/storage/thumbnails/QoD7IEWK4e9uPH4PtU8lcu5BtxsXmRK5TPMCL661.jpg,,,,,,,2024-01-01 00:00:00+00,,0,true,,,,,,,,,,,
tweve_cas_367,SNIPER ULTIMATE KILL,,/api/castilla/367,/api/castilla/367,,https://castillabizz.com/storage/thumbnails/eGRYYWMbjIxHIJv7zQxSaYHv6UA2q6JTsnaoLWCR.jpg,,,,,,,2024-01-01 00:00:00+00,,0,true,,,,,,,,,,,
tweve_cas_368,MILE 22,,/api/castilla/368,/api/castilla/368,,https://castillabizz.com/storage/thumbnails/LlIwFcM7Xn3vWtcehySWMg69rtCWIsv898oayDMV.jpg,,,,,,,2024-01-01 00:00:00+00,,0,true,,,,,,,,,,,
tweve_cas_369,SWORDSMAN,,/api/castilla/369,/api/castilla/369,,https://castillabizz.com/storage/thumbnails/XRnO92q46ZhXnuYLd1wtnZiSiQOkLxo7o69Ne1jx.jpg,,,,,,,2024-01-01 00:00:00+00,,0,true,,,,,,,,,,,
tweve_cas_370,THE WHEELS OF TIME S1,,/api/castilla/370,/api/castilla/370,,https://castillabizz.com/storage/thumbnails/Kn9PFo0lKTpcIkokbvQgGf0QImuadtzi3uN5ujjX.jpg,,,,,,,2024-01-01 00:00:00+00,,0,true,,,,,,,,,,,
tweve_cas_371,HALO S1,,/api/castilla/371,/api/castilla/371,,https://castillabizz.com/storage/thumbnails/gI7D6lsrq1MXY2lqOBEYkxBhcuMLXaOLqY5cXTz1.jpg,,,,,,,2024-01-01 00:00:00+00,,0,true,,,,,,,,,,,
tweve_cas_372,NIGHT OF THE KINGS,,/api/castilla/372,/api/castilla/372,,https://castillabizz.com/storage/thumbnails/Xv6IjuxT3LZ7W86KBNfH8pmp30LWIS4LjCXMQpVj.jpg,,,,,,,2024-01-01 00:00:00+00,,0,true,,,,,,,,,,,
tweve_cas_373,PERFECTION,,/api/castilla/373,/api/castilla/373,,https://castillabizz.com/storage/thumbnails/QGB2GL78zkZjC7ynB9iUWJMbZvEAz6ZRsz70LIvv.jpg,,,,,,,2024-01-01 00:00:00+00,,0,true,,,,,,,,,,,
tweve_cas_374,SKY DYNEST,,/api/castilla/374,/api/castilla/374,,https://castillabizz.com/storage/thumbnails/rufnquTpAoftPjHALeAUgpE6TzHrNYw18cK9gdcv.jpg,,,,,,,2024-01-01 00:00:00+00,,0,true,,,,,,,,,,,
tweve_cas_375,HOUSE OF GAA,,/api/castilla/375,/api/castilla/375,,https://castillabizz.com/storage/thumbnails/d3JWJ33wcFLTCxQzbduvxiy9bZnY8PGS0NKoFnTZ.jpg,,,,,,,2024-01-01 00:00:00+00,,0,true,,,,,,,,,,,
tweve_cas_376,DARK ANGEL 1-10,,/api/castilla/376,/api/castilla/376,,https://castillabizz.com/storage/thumbnails/Z0RCreQ8ZJcm1LJHfPAajtlaDUgOVEgaGPzgsyot.jpg,,,,,,,2024-01-01 00:00:00+00,,0,true,,,,,,,,,,,
tweve_cas_377,MERLIN S1,,/api/castilla/377,/api/castilla/377,,https://castillabizz.com/storage/thumbnails/2xi8iJImuckBhBuRGOFR1B13Zc99ZWpyzsDTSSY9.jpg,,,,,,,2024-01-01 00:00:00+00,,0,true,,,,,,,,,,,
tweve_cas_378,SEX LIFE S1,,/api/castilla/378,/api/castilla/378,,https://castillabizz.com/storage/thumbnails/Oy0CbN5lUEg6gQuI8kopC9mU4sy9LKnE2rcLb1XP.jpg,,,,,,,2024-01-01 00:00:00+00,,0,true,,,,,,,,,,,
tweve_cas_380,IRON FIST 37-42,,/api/castilla/380,/api/castilla/380,,https://castillabizz.com/storage/thumbnails/fXsDQoj60tzUnxAEbdM9NHB1rsaFE91KdR6Gqrzt.webp,,,,,,,2024-01-01 00:00:00+00,,0,true,,,,,,,,,,,
tweve_cas_381,IRON HEART 25-30,,/api/castilla/381,/api/castilla/381,,https://castillabizz.com/storage/thumbnails/5VEYpxKORZ51fx6C9BxUSWFf2BTcjQDNk2nkAY44.png,,,,,,,2024-01-01 00:00:00+00,,0,true,,,,,,,,,,,
tweve_cas_382,DESCENDANTS OF THE SUN 7-12,,/api/castilla/382,/api/castilla/382,,https://castillabizz.com/storage/thumbnails/FG3r14JxomGc1woUpYH4PYxGNBuAp0gsFoGdI5XE.jpg,,,,,,,2024-01-01 00:00:00+00,,0,true,,,,,,,,,,,
tweve_cas_383,WHO KILLED SARA S1,,/api/castilla/383,/api/castilla/383,,https://castillabizz.com/storage/thumbnails/SF5uTkAV2FhhhEicJfUlZJLA0F9MGzrXCNVQ6hME.jpg,,,,,,,2024-01-01 00:00:00+00,,0,true,,,,,,,,,,,
tweve_cas_384,BELOW HER MOUTH,,/api/castilla/384,/api/castilla/384,,https://castillabizz.com/storage/thumbnails/07t9OBtlDK1Wn5vXqM9QDgIWFdv3bbOgXE0BnvyO.jpg,,,,,,,2024-01-01 00:00:00+00,,0,true,,,,,,,,,,,
tweve_cas_385,DARK ANGEL 11-20,,/api/castilla/385,/api/castilla/385,,https://castillabizz.com/storage/thumbnails/X0pkiIVO62VqWnVQZawGaOTJgDyaYAXtuulyEf2Y.jpg,,,,,,,2024-01-01 00:00:00+00,,0,true,,,,,,,,,,,
tweve_cas_386,ZETA,,/api/castilla/386,/api/castilla/386,,https://castillabizz.com/storage/thumbnails/fhbkbDVOdkXDkJy03RRsQsWmwzQkIuirM3wBo6N7.jpg,,,,,,,2024-01-01 00:00:00+00,,0,true,,,,,,,,,,,
tweve_cas_387,MORTUARY ASSISTANT,,/api/castilla/387,/api/castilla/387,,https://castillabizz.com/storage/thumbnails/tRZuU2g0P7BDiTIzVJdjnZJQN7xK76aOhCj7Zw3i.jpg,,,,,,,2024-01-01 00:00:00+00,,0,true,,,,,,,,,,,
tweve_cas_388,ASHANT,,/api/castilla/388,/api/castilla/388,,https://castillabizz.com/storage/thumbnails/RahBXfeofCBnyjxDrD5uoNk9HEgyTSIZ7wo9G3mL.jpg,,,,,,,2024-01-01 00:00:00+00,,0,true,,,,,,,,,,,
tweve_cas_389,SENSORY COUPLE,,/api/castilla/389,/api/castilla/389,,https://castillabizz.com/storage/thumbnails/CTuJnMjpepH9zoKNuDF4w7b6QP15xkypO4I3HKB5.jpg,,,,,,,2024-01-01 00:00:00+00,,1,true,,,,,,,,,,,
tweve_cas_390,AGENT X,,/api/castilla/390,/api/castilla/390,,https://castillabizz.com/storage/thumbnails/Hqt68pk6VkIknXBl5aYJ2TH1NdcP9ogArlJDazrN.jpg,,,,,,,2024-01-01 00:00:00+00,,0,true,,,,,,,,,,,
tweve_cas_391,ADULTING S1,,/api/castilla/391,/api/castilla/391,,https://castillabizz.com/storage/thumbnails/2Yx3im07vRaKms6cjKcFrCYxUqZhbDoP46Z7d9gW.jpg,,,,,,,2024-01-01 00:00:00+00,,1,true,,,,,,,,,,,
tweve_cas_392,AVATAR PART 1,,/api/castilla/392,/api/castilla/392,,https://castillabizz.com/storage/thumbnails/VZxrOofqwCde7fqy0ueHrOa58kjLAjOjDY1ky4pp.jpg,,,,,,,2024-01-01 00:00:00+00,,0,true,,,,,,,,,,,
tweve_cas_393,AVATAR PART 02,,/api/castilla/393,/api/castilla/393,,https://castillabizz.com/storage/thumbnails/OYgzTaM3Ms647ukeKrAIYWSd5Bm6zSHEkTmhme9t.jpg,,,,,,,2024-01-01 00:00:00+00,,0,true,,,,,,,,,,,
tweve_cas_394,AVATAR PART 03,,/api/castilla/394,/api/castilla/394,,https://castillabizz.com/storage/thumbnails/nwXCVy8Rh2VEvOO7kzGjDCuyXT0VD2JGoTeP0JC3.jpg,,,,,,,2024-01-01 00:00:00+00,,0,true,,,,,,,,,,,
tweve_cas_395,REACHER S1,,/api/castilla/395,/api/castilla/395,,https://castillabizz.com/storage/thumbnails/DuR9mFdAS0NEfjNv4YbemE3JMiuF9vCmoypjMjEN.jpg,,,,,,,2024-01-01 00:00:00+00,,0,true,,,,,,,,,,,
tweve_cas_396,RISE OF MERLIN,,/api/castilla/396,/api/castilla/396,,https://castillabizz.com/storage/thumbnails/LPKRs8wJwkAHe6PufErrumyVfs0ZBAhAroFQiLoZ.jpg,,,,,,,2024-01-01 00:00:00+00,,0,true,,,,,,,,,,,
tweve_cas_397,LUCY,,/api/castilla/397,/api/castilla/397,,https://castillabizz.com/storage/thumbnails/MytcXjr8EHLb8EkEmNQxSDJkkRp2OTjgVPB8aMOW.jpg,,,,,,,2024-01-01 00:00:00+00,,0,true,,,,,,,,,,,
tweve_cas_398,DARK ANGEL 21-30,,/api/castilla/398,/api/castilla/398,,https://castillabizz.com/storage/thumbnails/x8vkLSXFXBmw8C9Id7H69LAvyFXPp4lySzUOpos4.jpg,,,,,,,2024-01-01 00:00:00+00,,0,true,,,,,,,,,,,
tweve_cas_399,THE MURKY STREAM,,/api/castilla/399,/api/castilla/399,,https://castillabizz.com/storage/thumbnails/P1igMRdegy5QkhRqcUjfUC7xAaUURgDq1agcK7HH.jpg,,,,,,,2024-01-01 00:00:00+00,,0,true,,,,,,,,,,,
tweve_cas_400,RED SWAN,,/api/castilla/400,/api/castilla/400,,https://castillabizz.com/storage/thumbnails/kooQ2vsFtSE8xC6oe6y8tBXamnZMSQTxrmMCsk52.jpg,,,,,,,2024-01-01 00:00:00+00,,0,true,,,,,,,,,,,
tweve_cas_401,SPARTACUS S1,,/api/castilla/401,/api/castilla/401,,https://castillabizz.com/storage/thumbnails/C8xsuRMEFbo2mBar91Vufo9UZHTaW0vS0pAupf1y.jpg,,,,,,,2024-01-01 00:00:00+00,,0,true,,,,,,,,,,,
tweve_cas_402,PANAMA,,/api/castilla/402,/api/castilla/402,,https://castillabizz.com/storage/thumbnails/01Wh6ECDnFldYHLmkTFzu0RNCjrsw6GeBBwhp4yv.jpg,,,,,,,2024-01-01 00:00:00+00,,0,true,,,,,,,,,,,
tweve_cas_403,"NEW SOZ 5, 89-94",,/api/castilla/403,/api/castilla/403,,https://castillabizz.com/storage/thumbnails/UcoZnDMp5HEyigDOO3kK1k2nlpbRAScmSW6Nm3pt.jpg,,,,,,,2024-01-01 00:00:00+00,,0,true,,,,,,,,,,,
tweve_cas_404,SHANTY TOWN,,/api/castilla/404,/api/castilla/404,,https://castillabizz.com/storage/thumbnails/Opqbvcq6i8cCZgdOVbPMLgMZm2JaAkEy4J0nU9fJ.png,,,,,,,2024-01-01 00:00:00+00,,0,true,,,,,,,,,,,
tweve_cas_405,WONDERS,,/api/castilla/405,/api/castilla/405,,https://castillabizz.com/storage/thumbnails/sF44i6j8Oc7gHlqV35aZFw4EevoxQ3DmI0oAkEvV.jpg,,,,,,,2024-01-01 00:00:00+00,,0,true,,,,,,,,,,,
tweve_cas_406,SNIPER NO NATION,,/api/castilla/406,/api/castilla/406,,https://castillabizz.com/storage/thumbnails/w7w6HI1yDLCxPUYjvPqDkCK4hOibDpRjePcqJOGm.jpg,,,,,,,2024-01-01 00:00:00+00,,0,true,,,,,,,,,,,
tweve_cas_407,SPARTACUS SHORT FILM,,/api/castilla/407,/api/castilla/407,,https://castillabizz.com/storage/thumbnails/DVRPn8i7wLqxAeeQNyI4FvwdFWJhE8r7YqreG4Yl.jpg,,,,,,,2024-01-01 00:00:00+00,,0,true,,,,,,,,,,,
tweve_cas_408,TATU ZA MOTO,,/api/castilla/408,/api/castilla/408,,https://castillabizz.com/storage/thumbnails/vPF4XrZibbBlXLyh0rcT1ErmEvxU3vmHnMxnbUJN.png,,,,,,,2024-01-01 00:00:00+00,,0,true,,,,,,,,,,,
tweve_cas_409,MAD MAX PART 01,,/api/castilla/409,/api/castilla/409,,https://castillabizz.com/storage/thumbnails/NfKn3l38Bu6NndCP9dLYKPvVblAW2UTp83mctPAF.jpg,,,,,,,2024-01-01 00:00:00+00,,3,true,,,,,,,,,,,
tweve_cas_410,MAD MAX PART 2,,/api/castilla/410,/api/castilla/410,,https://castillabizz.com/storage/thumbnails/f6NHgCLewzmGbjY9FZd5UwkrMuL8TiplGtWWq5bw.jpg,,,,,,,2024-01-01 00:00:00+00,,0,true,,,,,,,,,,,
tweve_cas_411,SNIPER VENGEANCE,,/api/castilla/411,/api/castilla/411,,https://castillabizz.com/storage/thumbnails/X2ZRhHWbhHWvsmY6OhoNFPYXJUUmB3utN8AVahuO.jpg,,,,,,,2024-01-01 00:00:00+00,,0,true,,,,,,,,,,,
tweve_cas_412,BLOOD 1-10,,/api/castilla/412,/api/castilla/412,,https://castillabizz.com/storage/thumbnails/wLh7FHHAsppF2NkfL1JhcJNozpGZQpTd0dCgWnis.jpg,,,,,,,2024-01-01 00:00:00+00,,0,true,,,,,,,,,,,
tweve_cas_413,BLOOD 11-20,,/api/castilla/413,/api/castilla/413,,https://castillabizz.com/storage/thumbnails/jZKUO91jQ87POPpnFGOKQ7cBufcsgR3kovKn0wgl.jpg,,,,,,,2024-01-01 00:00:00+00,,0,true,,,,,,,,,,,
tweve_cas_414,"NEW SOZ 5, 95-100",,/api/castilla/414,/api/castilla/414,,https://castillabizz.com/storage/thumbnails/ENPUbWOHGFq9TbNLDPrV6SoaiZnxjKmLv8OyZI3u.jpg,,,,,,,2024-01-01 00:00:00+00,,0,true,,,,,,,,,,,
tweve_cas_415,IRON HEART 31-36,,/api/castilla/415,/api/castilla/415,,https://castillabizz.com/storage/thumbnails/JWMxucq9L45fFncLuczJ9eakOnVcwSeZPDMfrruE.png,,,,,,,2024-01-01 00:00:00+00,,0,true,,,,,,,,,,,
tweve_cas_416,DESCENDANTS OF THE SUN 13-18,,/api/castilla/416,/api/castilla/416,,https://castillabizz.com/storage/thumbnails/j3iwT6G9AG9Xn26HovaqjK5eXFdTEj8NkN9vDqjV.jpg,,,,,,,2024-01-01 00:00:00+00,,0,true,,,,,,,,,,,
tweve_cas_417,ALCHEMY OF SOULS 1-10,,/api/castilla/417,/api/castilla/417,,https://castillabizz.com/storage/thumbnails/3B6eIcxl86HFY55vF9kzSkVjWKAKPU9cTPjwgaED.jpg,,,,,,,2024-01-01 00:00:00+00,,0,true,,,,,,,,,,,
tweve_cas_418,ALCHEMY OF SOULS 11-20,,/api/castilla/418,/api/castilla/418,,https://castillabizz.com/storage/thumbnails/8OQjKhEWa7Caz9FmqPja6Nxnwl5MaA0dmRnSwmrX.jpg,,,,,,,2024-01-01 00:00:00+00,,0,true,,,,,,,,,,,
tweve_cas_419,CONGO 1995,,/api/castilla/419,/api/castilla/419,,https://castillabizz.com/storage/thumbnails/SJhEqa3jwSFvQGWPtQuJKE0tKfpBveGQ5zoAaojp.jpg,,,,,,,2024-01-01 00:00:00+00,,0,true,,,,,,,,,,,
tweve_cas_420,SISTAS 1-10,,/api/castilla/420,/api/castilla/420,,https://castillabizz.com/storage/thumbnails/MYZQKywWE66ZcW2a0Q3yV4pLhBUWeue3jicaOEHN.jpg,,,,,,,2024-01-01 00:00:00+00,,0,true,,,,,,,,,,,
tweve_cas_421,CRAZY FIST,,/api/castilla/421,/api/castilla/421,,https://castillabizz.com/storage/thumbnails/IZKP3D9tIliDH6lyp8Rp4cSkaXCqp2S27hnURzy5.jpg,,,,,,,2024-01-01 00:00:00+00,,0,true,,,,,,,,,,,
tweve_cas_423,TIGER 3,,/api/castilla/423,/api/castilla/423,,https://castillabizz.com/storage/thumbnails/ePh457BjRwtdJeghskXRksEJAjNsqIjqhtDG7M5E.jpg,,,,,,,2024-01-01 00:00:00+00,,0,true,,,,,,,,,,,
tweve_cas_424,THE OVAL 1-10,,/api/castilla/424,/api/castilla/424,,https://castillabizz.com/storage/thumbnails/15zRnlpwN5FwwVSpNGPtwmdOSYzdq7f3b91Z6BcW.jpg,,,,,,,2024-01-01 00:00:00+00,,0,true,,,,,,,,,,,
tweve_cas_425,MY COUNTRY S3. 1-20,,/api/castilla/425,/api/castilla/425,,https://castillabizz.com/storage/thumbnails/qwA1uGTmsAZ55nd5tNgtjQYYTdtoIgBIcbNnUSwj.jpg,,,,,,,2024-01-01 00:00:00+00,,0,true,,,,,,,,,,,
tweve_cas_426,SNIPER ROGUE MISSION,,/api/castilla/426,/api/castilla/426,,https://castillabizz.com/storage/thumbnails/QTnZOTJoRHPjmDtN7ZHCgyo8AY7MKgaOVBP0eOI3.jpg,,,,,,,2024-01-01 00:00:00+00,,0,true,,,,,,,,,,,
tweve_cas_428,SNIPER 001,,/api/castilla/428,/api/castilla/428,,https://castillabizz.com/storage/thumbnails/xpTkCZiNNwlW4p2KdyndVkly2nipoWU9xTf95Sg8.jpg,,,,,,,2024-01-01 00:00:00+00,,0,true,,,,,,,,,,,
tweve_cas_429,WONDERS 7-12,,/api/castilla/429,/api/castilla/429,,https://castillabizz.com/storage/thumbnails/YuFJy57MH2GVE7JdQ44YQIRtNvHXqEXXkQUvXzQy.jpg,,,,,,,2024-01-01 00:00:00+00,,0,true,,,,,,,,,,,
tweve_cas_43,IRIS (S1 11-20FINAL),,/api/castilla/43,/api/castilla/43,,https://castillabizz.com/storage/thumbnails/aXjq76dOfXW7Wl7JBWboMMhq2V2cdUZm58sAuVbo.jpg,,,,,,,2024-01-01 00:00:00+00,,0,true,,,,,,,,,,,
tweve_cas_430,OPERATION SNIPING,,/api/castilla/430,/api/castilla/430,,https://castillabizz.com/storage/thumbnails/YvPDhNVxE91wZ3hIn5yJeSj5LvxxKdQgr0yr7T6p.jpg,,,,,,,2024-01-01 00:00:00+00,,0,true,,,,,,,,,,,
tweve_cas_431,MY COUNTRY S3. 21-40,,/api/castilla/431,/api/castilla/431,,https://castillabizz.com/storage/thumbnails/GmvEw6TVCkJNn3N4q9wLwyuMQNvDsvuye1aQq7GV.jpg,,,,,,,2024-01-01 00:00:00+00,,0,true,,,,,,,,,,,
tweve_cas_432,SISTAS 11-20,,/api/castilla/432,/api/castilla/432,,https://castillabizz.com/storage/thumbnails/qCsvLzYtel9KTbm8R3l3UowTkmTzsFqGpS5J7s2A.jpg,,,,,,,2024-01-01 00:00:00+00,,0,true,,,,,,,,,,,
tweve_cas_433,MATRIX PART 01,,/api/castilla/433,/api/castilla/433,,https://castillabizz.com/storage/thumbnails/LsSrcnccnP298MVh0qYIlRKrZrui951coewGpH64.jpg,,,,,,,2024-01-01 00:00:00+00,,0,true,,,,,,,,,,,
tweve_cas_434,MY COUNTRY S3. 41-60,,/api/castilla/434,/api/castilla/434,,https://castillabizz.com/storage/thumbnails/Zkful6RhbGgcUAWbY7lpnN5rtO7qo5uAqyaZaxAd.jpg,,,,,,,2024-01-01 00:00:00+00,,0,true,,,,,,,,,,,
tweve_cas_435,MATRIX PART 02,,/api/castilla/435,/api/castilla/435,,https://castillabizz.com/storage/thumbnails/WW1v3EtjCqaBYGmE4h1jnhtQ1oowHEQZXTT3ua74.webp,,,,,,,2024-01-01 00:00:00+00,,0,true,,,,,,,,,,,
tweve_cas_436,MATRIX PART 03,,/api/castilla/436,/api/castilla/436,,https://castillabizz.com/storage/thumbnails/JbCC4IiIQw1cx4wVtcsfiPlKHGzp5lvfDhLrWb5Z.webp,,,,,,,2024-01-01 00:00:00+00,,0,true,,,,,,,,,,,
tweve_cas_437,MATRIX PART 04,,/api/castilla/437,/api/castilla/437,,https://castillabizz.com/storage/thumbnails/XbJuX78pLygFf7B6QspPbwUYeeXBH4fL0yvQ832J.jpg,,,,,,,2024-01-01 00:00:00+00,,0,true,,,,,,,,,,,
tweve_cas_438,UNCANNY COUNTER 1-20,,/api/castilla/438,/api/castilla/438,,https://castillabizz.com/storage/thumbnails/qR7J8q1QSV4I1jpfmdAxo8oh3bRycFb7EcH8vJKo.jpg,,,,,,,2024-01-01 00:00:00+00,,0,true,,,,,,,,,,,
tweve_cas_439,KING OF SNIPERS,,/api/castilla/439,/api/castilla/439,,https://castillabizz.com/storage/thumbnails/lZJqd8Eoc8o52cHcFaflVLXTCc2p6XSzGWLPzUr2.jpg,,,,,,,2024-01-01 00:00:00+00,,0,true,,,,,,,,,,,
tweve_cas_44,"IRIS (S2, 1-10)",,/api/castilla/44,/api/castilla/44,,https://castillabizz.com/storage/thumbnails/PwxaiwxDciR6ejACEyK14BZLLhY83moiQRdffYRt.jpg,,,,,,,2024-01-01 00:00:00+00,,0,true,,,,,,,,,,,
tweve_cas_440,MY COUNTRY S3. 61-80,,/api/castilla/440,/api/castilla/440,,https://castillabizz.com/storage/thumbnails/PgDUdqwyEmi8c4idVdW7Hjlex65ShjknGMgzBXrr.jpg,,,,,,,2024-01-01 00:00:00+00,,0,true,,,,,,,,,,,
tweve_cas_441,MY COUNTRY S3. 81-95FINAL,,/api/castilla/441,/api/castilla/441,,https://castillabizz.com/storage/thumbnails/r4QxCTnGdCtU1BrE7JlvFU0mzLnd7cePKz4yF2CN.jpg,,,,,,,2024-01-01 00:00:00+00,,0,true,,,,,,,,,,,
tweve_cas_442,THE BATTLE OF VICTORY,,/api/castilla/442,/api/castilla/442,,https://castillabizz.com/storage/thumbnails/HI86VmHfLinqXcsUsO9bwqX6TsbSeR4P12BMvaVT.jpg,,,,,,,2024-01-01 00:00:00+00,,0,true,,,,,,,,,,,
tweve_cas_443,IMMORTAL ASCENSION,,/api/castilla/443,/api/castilla/443,,https://castillabizz.com/storage/thumbnails/VMltDC941FAq8IHh0kMH3rPOalLQbsB0ApT1kZs1.jpg,,,,,,,2024-01-01 00:00:00+00,,0,true,,,,,,,,,,,
tweve_cas_444,NARCOS S1.,,/api/castilla/444,/api/castilla/444,,https://castillabizz.com/storage/thumbnails/X4Li0mYH1p1WYFSVl8W15DIfLzLmdfqR5A6jawaC.jpg,,,,,,,2024-01-01 00:00:00+00,,0,true,,,,,,,,,,,
tweve_cas_445,SUBMISSION OF EMMA MARS,,/api/castilla/445,/api/castilla/445,,https://castillabizz.com/storage/thumbnails/8SKr8RBTTrideb2ctrAx26GPZ0W7Eus98EBrkLbq.jpg,,,,,,,2024-01-01 00:00:00+00,,1,true,,,,,,,,,,,
tweve_cas_446,THE NEVERS,,/api/castilla/446,/api/castilla/446,,https://castillabizz.com/storage/thumbnails/8LVAuZEJbyurD6MxP4IkK0951IwZZG1zbFVAmoKs.jpg,,,,,,,2024-01-01 00:00:00+00,,0,true,,,,,,,,,,,
tweve_cas_447,ALIEN PREDATOR,,/api/castilla/447,/api/castilla/447,,https://castillabizz.com/storage/thumbnails/ALQPETuJ6FISsJHufjfSIFjTw9c4C2IUMXdB5vwY.png,,,,,,,2024-01-01 00:00:00+00,,3,true,,,,,,,,,,,
tweve_cas_448,PREDATOR,,/api/castilla/448,/api/castilla/448,,https://castillabizz.com/storage/thumbnails/3NtKbOX0Ar9OJCIrRIspvhFi5UhVRSIrGRIU2ymm.jpg,,,,,,,2024-01-01 00:00:00+00,,1,true,,,,,,,,,,,
tweve_cas_449,DARK ANGEL 31-41 FINAL,,/api/castilla/449,/api/castilla/449,,https://castillabizz.com/storage/thumbnails/oi2Iyp2ANy6cb1QdkovJeQgKFrHhNUUD1XWxqiLc.jpg,,,,,,,2024-01-01 00:00:00+00,,0,true,,,,,,,,,,,
tweve_cas_45,IRIS (S2 11-20FINAL),,/api/castilla/45,/api/castilla/45,,https://castillabizz.com/storage/thumbnails/C4xupxGKJDzQDmbwS3DWJn2wuZXdR5g7karqYx0Y.jpg,,,,,,,2024-01-01 00:00:00+00,,0,true,,,,,,,,,,,
tweve_cas_450,GOLDEN CROSS 1-10,,/api/castilla/450,/api/castilla/450,,https://castillabizz.com/storage/thumbnails/wgxzPQaKcrjrozzxG8rCsgd048t8U2NlDcMsRLTn.jpg,,,,,,,2024-01-01 00:00:00+00,,0,true,,,,,,,,,,,
tweve_cas_451,GOLDEN CROSS 11-20,,/api/castilla/451,/api/castilla/451,,https://castillabizz.com/storage/thumbnails/Xfzsqvng50Jdatsz1wY012PKTW9lunA49ks7lOTO.jpg,,,,,,,2024-01-01 00:00:00+00,,0,true,,,,,,,,,,,
tweve_cas_452,INTO THE BADLANDS S1,,/api/castilla/452,/api/castilla/452,,https://castillabizz.com/storage/thumbnails/ca2DeNpkGySMk8r9q9d6rSsdkyFog0tMFZhiHJn0.jpg,,,,,,,2024-01-01 00:00:00+00,,0,true,,,,,,,,,,,
tweve_cas_453,THRASH,,/api/castilla/453,/api/castilla/453,,https://castillabizz.com/storage/thumbnails/m7Sxigwi2V1HdssoT5RTXcIpWCfg7F7eCzL5omaL.jpg,,,,,,,2024-01-01 00:00:00+00,,1,true,,,,,,,,,,,
tweve_cas_454,PROTECTOR,,/api/castilla/454,/api/castilla/454,,https://castillabizz.com/storage/thumbnails/7OhsEtFgSNIVqlAWlfBw9UafdlBWWinduyBb5oYc.jpg,,,,,,,2024-01-01 00:00:00+00,,0,true,,,,,,,,,,,
tweve_cas_455,MAEBAEK 1-20,,/api/castilla/455,/api/castilla/455,,https://castillabizz.com/storage/thumbnails/g4hAGixc4HlNLL1b8WKVPS9TOwJOylkAQQiCCrwO.jpg,,,,,,,2024-01-01 00:00:00+00,,0,true,,,,,,,,,,,
tweve_cas_456,WARRIOR 1-20,,/api/castilla/456,/api/castilla/456,,https://castillabizz.com/storage/thumbnails/K9O54yMdpNruTP1FbvxfrS0cKy7Fvaa0Kvt3puuJ.jpg,,,,,,,2024-01-01 00:00:00+00,,1,true,,,,,,,,,,,
tweve_cas_457,LITSONERAS,,/api/castilla/457,/api/castilla/457,,https://castillabizz.com/storage/thumbnails/mqjR7OVzCBBNhI4fIDbe6FajjApqcMnrJJWF1Kpf.jpg,,,,,,,2024-01-01 00:00:00+00,,0,true,,,,,,,,,,,
tweve_cas_458,MONICA PART 1,,/api/castilla/458,/api/castilla/458,,https://castillabizz.com/storage/thumbnails/iMG3hQzDhv1SfDy32J3zlt6CHg6D36AohTMsMKFc.jpg,,,,,,,2024-01-01 00:00:00+00,,1,true,,,,,,,,,,,
tweve_cas_459,MONICA PART 02,,/api/castilla/459,/api/castilla/459,,https://castillabizz.com/storage/thumbnails/CG9pXCi3eyvCdDFLcKOe5vS9ZHkV9QytxhdfFZKH.jpg,,,,,,,2024-01-01 00:00:00+00,,0,true,,,,,,,,,,,
tweve_cas_46,STRIKING RESCUE,,/api/castilla/46,/api/castilla/46,,https://castillabizz.com/storage/thumbnails/1Uh7HSCoQTd7aBpD63pSt0ooQaEpy0HpstVdex45.jpg,,,,,,,2024-01-01 00:00:00+00,,0,true,,,,,,,,,,,
tweve_cas_460,NEW SOZ S6. (1-6),,/api/castilla/460,/api/castilla/460,,https://castillabizz.com/storage/thumbnails/HAVWlblu6Q52zOiTFas307KeC7783N8U6MuTxJnP.jpg,,,,,,,2024-01-01 00:00:00+00,,0,true,,,,,,,,,,,
tweve_cas_461,WARRIOR 21-40,,/api/castilla/461,/api/castilla/461,,https://castillabizz.com/storage/thumbnails/aavZaywBLG6fUB1JHPzIvtkns9JCXs6a3surQEOS.jpg,,,,,,,2024-01-01 00:00:00+00,,0,true,,,,,,,,,,,
tweve_cas_462,MAEBAEK 21-40,,/api/castilla/462,/api/castilla/462,,https://castillabizz.com/storage/thumbnails/akqXE03HbWU1jflbsWDlYi6vWrldnSQRYI7hNBBz.jpg,,,,,,,2024-01-01 00:00:00+00,,0,true,,,,,,,,,,,
tweve_cas_463,WARRIOR 41-60,,/api/castilla/463,/api/castilla/463,,https://castillabizz.com/storage/thumbnails/iNdBKkLPW8PrRXinH4C8PlNv9Bxuvb0XSEKyGBbO.jpg,,,,,,,2024-01-01 00:00:00+00,,0,true,,,,,,,,,,,
tweve_cas_464,WARRIOR 61-80,"EPISODES ya 74, 76, 77, 78 Hazioneshi. Hivyo zingeumalizia MB zako. naomba unganisha hizi zilizopo. Tutafidia vipande vinne huko mbeleni. Ahsante kwa kunielewa",/api/castilla/464,/api/castilla/464,,https://castillabizz.com/storage/thumbnails/FnphXD1QQnkn0VpDPq91FSxqfzYAMNTcgtx5Y19n.jpg,,,,,,,2024-01-01 00:00:00+00,,0,true,,,,,,,,,,,
tweve_cas_465,OVAL 11-20,,/api/castilla/465,/api/castilla/465,,https://castillabizz.com/storage/thumbnails/EI3br8hNIiK89ibHoxZqnIKq4CB84aUA8WGbkctw.jpg,,,,,,,2024-01-01 00:00:00+00,,0,true,,,,,,,,,,,
tweve_cas_466,SISTAS 21-30,,/api/castilla/466,/api/castilla/466,,https://castillabizz.com/storage/thumbnails/P10iLLWJ8sfz2NO4xTYj6ZxpX69paEgFt8tgQbS3.jpg,,,,,,,2024-01-01 00:00:00+00,,0,true,,,,,,,,,,,
tweve_cas_467,THEY WILL KILL YOU,,/api/castilla/467,/api/castilla/467,,https://castillabizz.com/storage/thumbnails/qmyAfpHVIzdSwDOoMTZNBPfTJQWp4VNRMVfReN8O.jpg,,,,,,,2024-01-01 00:00:00+00,,2,true,,,,,,,,,,,
tweve_cas_468,ULTIMATE REVANGE,,/api/castilla/468,/api/castilla/468,,https://castillabizz.com/storage/thumbnails/dMg8aOIzenVlGNG01uaiAEozcFGHSN5BgUISE8TF.webp,,,,,,,2024-01-01 00:00:00+00,,0,true,,,,,,,,,,,
tweve_cas_469,SOZ OG S1. 1-20,,/api/castilla/469,/api/castilla/469,,https://castillabizz.com/storage/thumbnails/NOamt5IXp9DYTDuYunYSO0qaychqb2ao4XPJ8ANs.webp,,,,,,,2024-01-01 00:00:00+00,,0,true,,,,,,,,,,,
tweve_cas_47,AD VITAM,,/api/castilla/47,/api/castilla/47,,https://castillabizz.com/storage/thumbnails/RZNp96WyBR7JgXQU2ccjPNt7Yk8byPc8bE1aJ6HK.jpg,,,,,,,2024-01-01 00:00:00+00,,1,true,,,,,,,,,,,
tweve_cas_470,NARCOS S2,,/api/castilla/470,/api/castilla/470,,https://castillabizz.com/storage/thumbnails/Nd9GZECSBsZv9eiKHglqZRb4tXF1cMYTVS6StgHy.jpg,,,,,,,2024-01-01 00:00:00+00,,0,true,,,,,,,,,,,
tweve_cas_471,INTO THE BADLANDS S2,,/api/castilla/471,/api/castilla/471,,https://castillabizz.com/storage/thumbnails/8KFw0Pj1n22WQusWNjDLUVn4IGp8YQ2lQZQg52Ze.jpg,,,,,,,2024-01-01 00:00:00+00,,1,true,,,,,,,,,,,
tweve_cas_472,VENGANZA,,/api/castilla/472,/api/castilla/472,,https://castillabizz.com/storage/thumbnails/iyITao2f8BmjG1ribao26lJQUo8quK1oCjetMEDD.jpg,,,,,,,2024-01-01 00:00:00+00,,0,true,,,,,,,,,,,
tweve_cas_473,WARRIOR 81-100,,/api/castilla/473,/api/castilla/473,,https://castillabizz.com/storage/thumbnails/08u5ucTuqrSxxvz2Y57RJYbUddqXyLFRb4dYf2tB.jpg,,,,,,,2024-01-01 00:00:00+00,,2,true,,,,,,,,,,,
tweve_cas_474,WONDERS  13-18,,/api/castilla/474,/api/castilla/474,,https://castillabizz.com/storage/thumbnails/2Js3d6vbq0tAeMtvDIlUNAaHyfVrmNUQs9L0uRTe.jpg,,,,,,,2024-01-01 00:00:00+00,,0,true,,,,,,,,,,,
tweve_cas_475,INCRANATION OF MONEY 1-10,,/api/castilla/475,/api/castilla/475,,https://castillabizz.com/storage/thumbnails/WL9CoZbGS68PxDGvY02ppd5gQpUzghAu4v4EYyVI.jpg,,,,,,,2024-01-01 00:00:00+00,,0,true,,,,,,,,,,,
tweve_cas_476,INCRANATION OF MONEY 11-24,,/api/castilla/476,/api/castilla/476,,https://castillabizz.com/storage/thumbnails/Uqn4RqvFXfQQnUyNkxd9q5LKyiMMfZJBRh9pi3GQ.jpg,,,,,,,2024-01-01 00:00:00+00,,0,true,,,,,,,,,,,
tweve_cas_477,HEALER 1-10,,/api/castilla/477,/api/castilla/477,,https://castillabizz.com/storage/thumbnails/insliu6esHSBMPxBHiWx9j8aPqNEWFyivCQ1VeeG.jpg,,,,,,,2024-01-01 00:00:00+00,,0,true,,,,,,,,,,,
tweve_cas_478,HEALER 11-20,,/api/castilla/478,/api/castilla/478,,https://castillabizz.com/storage/thumbnails/m34PcuHy868mTHK3liRDp3NbKnCuKVFkmFQB05an.jpg,,,,,,,2024-01-01 00:00:00+00,,0,true,,,,,,,,,,,
tweve_cas_479,DOUBLE WORLD,,/api/castilla/479,/api/castilla/479,,https://castillabizz.com/storage/thumbnails/6LJpH0Wq8RSOWnJXEpYngzGZXazYhXZv1T35xkdW.jpg,,,,,,,2024-01-01 00:00:00+00,,1,true,,,,,,,,,,,
tweve_cas_48,Carjackers,,/api/castilla/48,/api/castilla/48,,https://castillabizz.com/storage/thumbnails/ehBnlzO5uGlO5HWLWF8VKAYtzGBkACvulZHFEqJG.jpg,,,,,,,2024-01-01 00:00:00+00,,0,true,,,,,,,,,,,
tweve_cas_480,SAKRA,,/api/castilla/480,/api/castilla/480,,https://castillabizz.com/storage/thumbnails/H51O72zHKtijnwwpLB35ZbHqR0eEXLne36vIINEX.jpg,,,,,,,2024-01-01 00:00:00+00,,0,true,,,,,,,,,,,
tweve_cas_481,POWER RANGERS,,/api/castilla/481,/api/castilla/481,,https://castillabizz.com/storage/thumbnails/7g6Z7dvHwmOk59kQnrCRe3FkwOXsqupkA7Wu27AC.jpg,,,,,,,2024-01-01 00:00:00+00,,2,true,,,,,,,,,,,
tweve_cas_482,THE LETTER FOR THE KING,,/api/castilla/482,/api/castilla/482,,https://castillabizz.com/storage/thumbnails/aeRqo3cWQS7OELzhbCtOqOIVFmbaZXgxMF4LoIvs.jpg,,,,,,,2024-01-01 00:00:00+00,,1,true,,,,,,,,,,,
tweve_cas_483,OVAL 21-30,,/api/castilla/483,/api/castilla/483,,https://castillabizz.com/storage/thumbnails/m9KtCQcF5y3c4gHpna4dgsdgx96IuDe9OVIrFlzS.jpg,,,,,,,2024-01-01 00:00:00+00,,0,true,,,,,,,,,,,
tweve_cas_484,SISTAS 31-40,,/api/castilla/484,/api/castilla/484,,https://castillabizz.com/storage/thumbnails/nlppL8xeGpK5Fmn3MhaO2gsB0IHo8Jo3zFGlmURQ.jpg,,,,,,,2024-01-01 00:00:00+00,,0,true,,,,,,,,,,,
tweve_cas_485,THE REAL SNIPER,,/api/castilla/485,/api/castilla/485,,https://castillabizz.com/storage/thumbnails/VX3TdpStrGmbFp3xISOdHPKCM76VRbvgWoXtCaYf.jpg,,,,,,,2024-01-01 00:00:00+00,,0,true,,,,,,,,,,,
tweve_cas_486,AMERICAN SNIPER,,/api/castilla/486,/api/castilla/486,,https://castillabizz.com/storage/thumbnails/CXoogxKOGDS3KrDX2uCvf3wX7JZDl2Z9ENbZHcmH.jpg,,,,,,,2024-01-01 00:00:00+00,,0,true,,,,,,,,,,,
tweve_cas_487,MAEBAEK 41-60,,/api/castilla/487,/api/castilla/487,,https://castillabizz.com/storage/thumbnails/GKdHvMDt3Pd0oPMrBbIz5d5w3TpavL7aTiMtCmLj.jpg,,,,,,,2024-01-01 00:00:00+00,,0,true,,,,,,,,,,,
tweve_cas_488,THE SNIPER 2021,,/api/castilla/488,/api/castilla/488,,https://castillabizz.com/storage/thumbnails/TZKDYXVUhR4ZBVtaHyqiqVWo6C0MmUfvB8TYCnT5.jpg,,,,,,,2024-01-01 00:00:00+00,,0,true,,,,,,,,,,,
tweve_cas_489,KANDAHAR,,/api/castilla/489,/api/castilla/489,,https://castillabizz.com/storage/thumbnails/IoFXCfMKfgMS5Zhf9YwZX2uGNuDkjDlyAbjYGSzW.jpg,,,,,,,2024-01-01 00:00:00+00,,1,true,,,,,,,,,,,
tweve_cas_49,TREE WITH DEEP ROOT 1-10,,/api/castilla/49,/api/castilla/49,,https://castillabizz.com/storage/thumbnails/q8U7zTcXGUrLml2mJwqIfAMZJkVD0RMOYLhoo4K5.jpg,,,,,,,2024-01-01 00:00:00+00,,0,true,,,,,,,,,,,
tweve_cas_490,LAND OF BAD,,/api/castilla/490,/api/castilla/490,,https://castillabizz.com/storage/thumbnails/KilRTYRRTAKVzxQweSKQ7nHafcVafyYvf4FLykzL.jpg,,,,,,,2024-01-01 00:00:00+00,,0,true,,,,,,,,,,,
tweve_cas_491,HOBBS AND SHAW,,/api/castilla/491,/api/castilla/491,,https://castillabizz.com/storage/thumbnails/YXqKi8sjHfUB3zp709GPIDiGbB0eH47oCSU0suXN.jpg,,,,,,,2024-01-01 00:00:00+00,,3,true,,,,,,,,,,,
tweve_cas_492,AFTERMATH,,/api/castilla/492,/api/castilla/492,,https://castillabizz.com/storage/thumbnails/KVdbEicrhizarohSAFjwlCTjX9dN5yMzNosFEVeh.jpg,,,,,,,2024-01-01 00:00:00+00,,1,true,,,,,,,,,,,
tweve_cas_493,ADVENTURE TO THE UNKNOWN,,/api/castilla/493,/api/castilla/493,,https://castillabizz.com/storage/thumbnails/JAPomhvMqScYbjlvDh5uYyAvvPYJfIUm9k2qLZMG.jpg,,,,,,,2024-01-01 00:00:00+00,,0,true,,,,,,,,,,,
tweve_cas_494,IHOSTAGE,,/api/castilla/494,/api/castilla/494,,https://castillabizz.com/storage/thumbnails/EyN21naDP0iEAqGgrFT03Jyz6AZYomGcnnpSB1Qk.webp,,,,,,,2024-01-01 00:00:00+00,,0,true,,,,,,,,,,,
tweve_cas_495,GREENLAND PART 1&2,,/api/castilla/495,/api/castilla/495,,https://castillabizz.com/storage/thumbnails/YVnMf1Q9dD0dwq1SzcBaXlj62uLp9NuA1Yvpunqg.jpg,,,,,,,2024-01-01 00:00:00+00,,0,true,,,,,,,,,,,
tweve_cas_496,BULLET JUSTICE,,/api/castilla/496,/api/castilla/496,,https://castillabizz.com/storage/thumbnails/JdJbb3WnArtCgCqmhLzyE18ogAqWNWenb60V9yW5.jpg,,,,,,,2024-01-01 00:00:00+00,,0,true,,,,,,,,,,,
tweve_cas_497,ARTHADAL CHRONICLES 1-20,,/api/castilla/497,/api/castilla/497,,https://castillabizz.com/storage/thumbnails/i4PulPacY5rg4yvXgShH0KYDlzJbQq0VtrmuWsWN.png,,,,,,,2024-01-01 00:00:00+00,,0,true,,,,,,,,,,,
tweve_cas_498,MAEBAEK 61-80,,/api/castilla/498,/api/castilla/498,,https://castillabizz.com/storage/thumbnails/KIfS6YdJ7RNqndJQs6KPJq6VLFkRWnBf6GvhXcZY.jpg,,,,,,,2024-01-01 00:00:00+00,,0,true,,,,,,,,,,,
tweve_cas_499,WARRIOR 101-120,,/api/castilla/499,/api/castilla/499,,https://castillabizz.com/storage/thumbnails/XsDqZzafzWGJ7Ds8P3ZQabX58gxtWAbBIiJ5k41N.jpg,,,,,,,2024-01-01 00:00:00+00,,0,true,,,,,,,,,,,
tweve_cas_50,TREE WITH DEEP ROOT (11-24FINAL),,/api/castilla/50,/api/castilla/50,,https://castillabizz.com/storage/thumbnails/NKCN8oMoQOgESckHPTLHWxehS78jUgh9JqHbegxo.jpg,,,,,,,2024-01-01 00:00:00+00,,0,true,,,,,,,,,,,
tweve_cas_501,INTO THE BADLANDS S3,,/api/castilla/501,/api/castilla/501,,https://castillabizz.com/storage/thumbnails/rchQv2sguSCnxyGKWa1jaV9yA48yT53KBzVAzoaT.jpg,,,,,,,2024-01-01 00:00:00+00,,3,true,,,,,,,,,,,
tweve_cas_502,WHITE GOAT CAVE,,/api/castilla/502,/api/castilla/502,,https://castillabizz.com/storage/thumbnails/qpd28GZVpHoHJVJPe4pWr5PZKv6mkAuEUrRwJGsF.jpg,,,,,,,2024-01-01 00:00:00+00,,0,true,,,,,,,,,,,
tweve_cas_503,TOMBIRUO,,/api/castilla/503,/api/castilla/503,,https://castillabizz.com/storage/thumbnails/wJ0G0F234nDVnPSIYWiEpWTJzQRFRKygcDop3H8N.jpg,,,,,,,2024-01-01 00:00:00+00,,3,true,,,,,,,,,,,
tweve_cas_504,THE CREATOR,,/api/castilla/504,/api/castilla/504,,https://castillabizz.com/storage/thumbnails/EvX4kM0xigglJ69iYm22ZWk8HiLJ5HeHkzMunC2i.jpg,,,,,,,2024-01-01 00:00:00+00,,0,true,,,,,,,,,,,
tweve_cas_505,JAMES,,/api/castilla/505,/api/castilla/505,,https://castillabizz.com/storage/thumbnails/lEekIYLKZRcws6zhM5b3Rql7xZbmzYCoJfGbjvzf.jpg,,,,,,,2024-01-01 00:00:00+00,,0,true,,,,,,,,,,,
tweve_cas_506,MEN IN BLACK INTERNATIONAL,,/api/castilla/506,/api/castilla/506,,https://castillabizz.com/storage/thumbnails/4HdAdQ254fPYxmHIwP39W632fhMCCigeSQex33ct.jpg,,,,,,,2024-01-01 00:00:00+00,,0,true,,,,,,,,,,,
tweve_cas_507,SEREF SOZU 1-20,,/api/castilla/507,/api/castilla/507,,https://castillabizz.com/storage/thumbnails/uwjE7dr50Pp05VEyDycYCpKtjm1D7DN7evR4TdhS.jpg,,,,,,,2024-01-01 00:00:00+00,,0,true,,,,,,,,,,,
tweve_cas_508,DEEP BLUE SEA,,/api/castilla/508,/api/castilla/508,,https://castillabizz.com/storage/thumbnails/B8ytjMKxANd6JYxzwUmTw3jOhh0BiFtQyVHVSoUx.jpg,,,,,,,2024-01-01 00:00:00+00,,0,true,,,,,,,,,,,
tweve_cas_509,APOCALYPTO,,/api/castilla/509,/api/castilla/509,,https://castillabizz.com/storage/thumbnails/ckj5o7bWgYGznEwgikUNBXxSvzCZPZgt8BBPzDSi.png,,,,,,,2024-01-01 00:00:00+00,,2,true,,,,,,,,,,,
tweve_cas_510,CONTRACTOR,,/api/castilla/510,/api/castilla/510,,https://castillabizz.com/storage/thumbnails/0hlB1UAruiK8xM24xrQgVwSaxHrtPEfV8ixrLbhk.jpg,,,,,,,2024-01-01 00:00:00+00,,0,true,,,,,,,,,,,
tweve_cas_511,MACHINE GUN PREACHER,,/api/castilla/511,/api/castilla/511,,https://castillabizz.com/storage/thumbnails/s2k7FXLDMtiAbi5gUli6Uh5IiW4f6Lh27n6XQWdX.jpg,,,,,,,2024-01-01 00:00:00+00,,0,true,,,,,,,,,,,
tweve_cas_513,13 HOURS,,/api/castilla/513,/api/castilla/513,,https://castillabizz.com/storage/thumbnails/41oN3ykzO0XruNtWCnen5b2O45UmZfwJzAKODmXb.jpg,,,,,,,2024-01-01 00:00:00+00,,1,true,,,,,,,,,,,
tweve_cas_514,BATTLESHIP,,/api/castilla/514,/api/castilla/514,,https://castillabizz.com/storage/thumbnails/WOxd7PYei2M7fQxl95po2GfOo3s788MAFunbMXbr.jpg,,,,,,,2024-01-01 00:00:00+00,,0,true,,,,,,,,,,,
tweve_cas_515,GUNS AND FREAK,,/api/castilla/515,/api/castilla/515,,https://castillabizz.com/storage/thumbnails/aAYtGt77Z26paKv0c1sMGzmIyK4vz5XLtlzlgVNR.jpg,,,,,,,2024-01-01 00:00:00+00,,0,true,,,,,,,,,,,
tweve_cas_516,THE UNBROKEN BOND,,/api/castilla/516,/api/castilla/516,,https://castillabizz.com/storage/thumbnails/FmAZLBob38najgYGDyQix3dYumdEpM2bFxgZ5drT.webp,,,,,,,2024-01-01 00:00:00+00,,0,true,,,,,,,,,,,
tweve_cas_518,BENEDETTA,"HAIJATAFSIRIWA, PIA HAWAONGEI KINGEREZA. ILA MATENDO YANAELEWEKA NDIO MAANA TUMEIWEKA HAPA",/api/castilla/518,/api/castilla/518,,https://castillabizz.com/storage/thumbnails/z1nvOua39GZNSLhhAQQeANDMU6FKovuRlut03OsA.jpg,,,,,,,2024-01-01 00:00:00+00,,1,true,,,,,,,,,,,
tweve_cas_519,MAEBAEK 81-100,,/api/castilla/519,/api/castilla/519,,https://castillabizz.com/storage/thumbnails/roME7oYnVuURoMCh6F3xtlXgoJ54zWaVR6LspNVV.jpg,,,,,,,2024-01-01 00:00:00+00,,0,true,,,,,,,,,,,
tweve_cas_52,GIANT 1-20,,/api/castilla/52,/api/castilla/52,,https://castillabizz.com/storage/thumbnails/0ct7KwN6NZImnLrNgJqBqhZpdcxbtPdJUEISgcdu.jpg,,,,,,,2024-01-01 00:00:00+00,,0,true,,,,,,,,,,,
tweve_cas_520,MERANTAU,,/api/castilla/520,/api/castilla/520,,https://castillabizz.com/storage/thumbnails/SfHqevRphGfDby4tzjICBkl58KBLilnEzUi5oJcy.jpg,,,,,,,2024-01-01 00:00:00+00,,0,true,,,,,,,,,,,
tweve_cas_521,AGE OF LEGEND,,/api/castilla/521,/api/castilla/521,,https://castillabizz.com/storage/thumbnails/G6xPwkPbhSarSIJibw0wV993bIFgzw8YUK94u5ng.jpg,,,,,,,2024-01-01 00:00:00+00,,0,true,,,,,,,,,,,
tweve_cas_522,PROJECT POWER,,/api/castilla/522,/api/castilla/522,,https://castillabizz.com/storage/thumbnails/VKJtFFbGJMr4cBCnDr32zHB59Qc8e779iRPAVRA5.jpg,,,,,,,2024-01-01 00:00:00+00,,1,true,,,,,,,,,,,
tweve_cas_523,BAD BOYS,,/api/castilla/523,/api/castilla/523,,https://castillabizz.com/storage/thumbnails/U5AS5AoiDRHdMMeTo75sjHMMtGtiPRNJs5lLMotd.jpg,,,,,,,2024-01-01 00:00:00+00,,0,true,,,,,,,,,,,
tweve_cas_524,WARRIOR 121-140,,/api/castilla/524,/api/castilla/524,,https://castillabizz.com/storage/thumbnails/2F4Rb3Xvyu1xL5x1kxzKHNxsnFJbYlTTkoROMSby.jpg,,,,,,,2024-01-01 00:00:00+00,,0,true,,,,,,,,,,,
tweve_cas_525,TATU MZUKA,,/api/castilla/525,/api/castilla/525,,https://castillabizz.com/storage/thumbnails/sqP5vaSD63ZcRtzy7OWcsaJBU4AUWip3e55So9f4.png,,,,,,,2024-01-01 00:00:00+00,,1,true,,,,,,,,,,,
tweve_cas_526,"NEW SOZ 6, (7-12)",,/api/castilla/526,/api/castilla/526,,https://castillabizz.com/storage/thumbnails/xBvTaUP3KhkWOXYahcj2yb6BA3kjgjIIEkdzZvvC.jpg,,,,,,,2024-01-01 00:00:00+00,,0,true,,,,,,,,,,,
tweve_cas_527,DESCENDANTS 19-24,,/api/castilla/527,/api/castilla/527,,https://castillabizz.com/storage/thumbnails/Ykxcg7UMXMYToMxyLaoOphttzeHHVAhd4Z1yVvBI.jpg,,,,,,,2024-01-01 00:00:00+00,,0,true,,,,,,,,,,,
tweve_cas_528,DESCENDANTS 25-30,,/api/castilla/528,/api/castilla/528,,https://castillabizz.com/storage/thumbnails/EUbY7DxSqZV4UbRhy45F57UXETEFJjLslcYekQlh.jpg,,,,,,,2024-01-01 00:00:00+00,,0,true,,,,,,,,,,,
tweve_cas_529,IRON HEART 37-42,,/api/castilla/529,/api/castilla/529,,https://castillabizz.com/storage/thumbnails/BoCz72jH3mHqE012rmS3ScKg0JL5YU78XkQ2hEbL.png,,,,,,,2024-01-01 00:00:00+00,,0,true,,,,,,,,,,,
tweve_cas_53,GIANT 21-40,,/api/castilla/53,/api/castilla/53,,https://castillabizz.com/storage/thumbnails/l6YzMMXMEWJ9jkfCmmFmZaI2E2ipMqIn7rusidqY.jpg,,,,,,,2024-01-01 00:00:00+00,,0,true,,,,,,,,,,,
tweve_cas_530,IRON HEART 43-48,,/api/castilla/530,/api/castilla/530,,https://castillabizz.com/storage/thumbnails/2G4XwnoRlgTLe3JrQi9bO6l0jS6BhUuaasRL2oiZ.png,,,,,,,2024-01-01 00:00:00+00,,0,true,,,,,,,,,,,
tweve_cas_531,ASSASSIN,,/api/castilla/531,/api/castilla/531,,https://castillabizz.com/storage/thumbnails/pqddLwvP3C9xP3IBM4ebBA5EHPPgSMQDpmOCBJTD.jpg,,,,,,,2024-01-01 00:00:00+00,,0,true,,,,,,,,,,,
tweve_cas_533,ESCAPE,,/api/castilla/533,/api/castilla/533,,https://castillabizz.com/storage/thumbnails/fSOCJ4AqUpFIPUC941lfcf1MTTO565JmTHcLQQJy.jpg,,,,,,,2024-01-01 00:00:00+00,,0,true,,,,,,,,,,,
tweve_cas_534,12 STRONG,,/api/castilla/534,/api/castilla/534,,https://castillabizz.com/storage/thumbnails/HdSDtEtamq5WSWWg0nR4Agx5oPZoidCcpxolTPwz.jpg,,,,,,,2024-01-01 00:00:00+00,,1,true,,,,,,,,,,,
tweve_cas_535,SNAKE ON A PLANE,,/api/castilla/535,/api/castilla/535,,https://castillabizz.com/storage/thumbnails/MDLxCA8qCaCrGm6nTD6y8u46k8oP9hoQ0pIFrFCy.jpg,,,,,,,2024-01-01 00:00:00+00,,1,true,,,,,,,,,,,
tweve_cas_538,DARK PHOENIX,,/api/castilla/538,/api/castilla/538,,https://castillabizz.com/storage/thumbnails/L8gI3i8LWjiUwPwMCiJmNARbJZcAsPIQMfDxxhkK.jpg,,,,,,,2024-01-01 00:00:00+00,,2,true,,,,,,,,,,,
tweve_cas_539,THE LAST STAND,,/api/castilla/539,/api/castilla/539,,https://castillabizz.com/storage/thumbnails/Y4GLLVtOhZMng5acIiiBUwk4V4GVIBBuJ3Isftv6.jpg,,,,,,,2024-01-01 00:00:00+00,,0,true,,,,,,,,,,,
tweve_cas_54,GIANT 41-60FINAL,,/api/castilla/54,/api/castilla/54,,https://castillabizz.com/storage/thumbnails/q5fJiOavaPOOz7pojcvagoWYrdZOZAqU3dRtpsOD.jpg,,,,,,,2024-01-01 00:00:00+00,,0,true,,,,,,,,,,,
tweve_cas_540,WARRIOR 141-160,,/api/castilla/540,/api/castilla/540,,https://castillabizz.com/storage/thumbnails/FvrCj2GAtr6ocSioaACQVWCfp7kH2MWyDTTkeYAm.jpg,,,,,,,2024-01-01 00:00:00+00,,0,true,,,,,,,,,,,
tweve_cas_541,MERLIN S2,,/api/castilla/541,/api/castilla/541,,https://castillabizz.com/storage/thumbnails/RlBc7ePHFWuJNJ6gNzuU67AjsdxAva95TvMrmgEL.jpg,,,,,,,2024-01-01 00:00:00+00,,4,true,,,,,,,,,,,
tweve_cas_542,THE BFG,,/api/castilla/542,/api/castilla/542,,https://castillabizz.com/storage/thumbnails/ciN9kZmP7hz46dF4n8t6Q25Yy2rT8wUje4IIfUpz.jpg,,,,,,,2024-01-01 00:00:00+00,,0,true,,,,,,,,,,,
tweve_cas_543,SONG OF BANDIT 1-20,,/api/castilla/543,/api/castilla/543,,https://castillabizz.com/storage/thumbnails/4RDt1xktS6f6Fnx76v3DKEE56LixwYUPEYZXIqox.jpg,,,,,,,2024-01-01 00:00:00+00,,0,true,,,,,,,,,,,
tweve_cas_544,SHOOTER,,/api/castilla/544,/api/castilla/544,,https://castillabizz.com/storage/thumbnails/tfRSvBH8HMPpKTCpzeCtubI4KpCSnc0ofBOSixtW.jpg,,,,,,,2024-01-01 00:00:00+00,,0,true,,,,,,,,,,,
tweve_cas_545,CONFIDENTIAL ASSIGNMENT,,/api/castilla/545,/api/castilla/545,,https://castillabizz.com/storage/thumbnails/oSfV2J2l78VCibDjKCBnsmGbwVKHcs6s3OVEWG3X.jpg,,,,,,,2024-01-01 00:00:00+00,,0,true,,,,,,,,,,,
tweve_cas_546,AFTER,,/api/castilla/546,/api/castilla/546,,https://castillabizz.com/storage/thumbnails/3c68tioH50PUPX3jEr6JtXDsZesJai345YO17UNA.jpg,,,,,,,2024-01-01 00:00:00+00,,0,true,,,,,,,,,,,
tweve_cas_547,UNDERCOVER 1-20,,/api/castilla/547,/api/castilla/547,,https://castillabizz.com/storage/thumbnails/1yXIbX7PE4T8PNXXsLx4K1ecK8XreK5eYWJr1n0j.jpg,,,,,,,2024-01-01 00:00:00+00,,0,true,,,,,,,,,,,
tweve_cas_548,MONOLITH,,/api/castilla/548,/api/castilla/548,,https://castillabizz.com/storage/thumbnails/f0o8YrgCYexTbwYYZQQ1lRcCIkKsv45fJXelpYU7.jpg,,,,,,,2024-01-01 00:00:00+00,,3,true,,,,,,,,,,,
tweve_cas_549,ALL THE GIFT,,/api/castilla/549,/api/castilla/549,,https://castillabizz.com/storage/thumbnails/TOAnqWabw74sa9zqx6LerYkk6EEeZ7uenoOP6CUx.jpg,,,,,,,2024-01-01 00:00:00+00,,0,true,,,,,,,,,,,
tweve_cas_55,PRISON BREAK (1-20),,/api/castilla/55,/api/castilla/55,,https://castillabizz.com/storage/thumbnails/UJAMtw06lYWf1hmFewruFoQv1YoFpXbJn3y6pJxX.jpg,,,,,,,2024-01-01 00:00:00+00,,1,true,,,,,,,,,,,
tweve_cas_551,ONE SHOT,,/api/castilla/551,/api/castilla/551,,https://castillabizz.com/storage/thumbnails/ptBYcm2fLSzGaqtrAmGRRv8Rgw9RA0c2SDu0LHvs.jpg,,,,,,,2024-01-01 00:00:00+00,,1,true,,,,,,,,,,,
tweve_cas_552,SUICIDE SQUAD,,/api/castilla/552,/api/castilla/552,,https://castillabizz.com/storage/thumbnails/ceO8zJelZpGh03W17QxqswobynwmAh4u5HAb7BwH.jpg,,,,,,,2024-01-01 00:00:00+00,,0,true,,,,,,,,,,,
tweve_cas_553,ONWARD,,/api/castilla/553,/api/castilla/553,,https://castillabizz.com/storage/thumbnails/isB4s6HtW0dx4INTAkeyB19o8s226V4RoJLo6t2D.jpg,,,,,,,2024-01-01 00:00:00+00,,3,true,,,,,,,,,,,
tweve_cas_554,WARRIOR 161-180,,/api/castilla/554,/api/castilla/554,,https://castillabizz.com/storage/thumbnails/dSwGNE3EV5PJB8DoMmNixJFG5nlZdQZYNfdn2dXK.jpg,,,,,,,2024-01-01 00:00:00+00,,0,true,,,,,,,,,,,
tweve_cas_555,UNDERCOVER 21-40,,/api/castilla/555,/api/castilla/555,,https://castillabizz.com/storage/thumbnails/QtP45QWietidZPx920lJMvpUdotLKERiob2JmF2l.jpg,,,,,,,2024-01-01 00:00:00+00,,0,true,,,,,,,,,,,
tweve_cas_556,SEREF SOZU 21-40,,/api/castilla/556,/api/castilla/556,,https://castillabizz.com/storage/thumbnails/uHiyHksG7PpNEetkLd1G8SEeubAM9lzxVAzoNg7o.jpg,,,,,,,2024-01-01 00:00:00+00,,0,true,,,,,,,,,,,
tweve_cas_557,SOZ OG S1. 21-40,,/api/castilla/557,/api/castilla/557,,https://castillabizz.com/storage/thumbnails/F4Y1RvKbobfN1z8qBZh6MLSn0tRn06uifIcPjOFy.webp,,,,,,,2024-01-01 00:00:00+00,,0,true,,,,,,,,,,,
tweve_cas_558,OPERATION RED SEA,,/api/castilla/558,/api/castilla/558,,https://castillabizz.com/storage/thumbnails/lmTN2NkFPE0qjSxPiQ4UbkAzbjxwEV5A3GuhGpdr.jpg,,,,,,,2024-01-01 00:00:00+00,,0,true,,,,,,,,,,,
tweve_cas_559,JUNGLE CRUISE,,/api/castilla/559,/api/castilla/559,,https://castillabizz.com/storage/thumbnails/LXQCMwKMrArB96WJ64PCKDFXdQH2t5C5UviUhGOb.webp,,,,,,,2024-01-01 00:00:00+00,,0,true,,,,,,,,,,,
tweve_cas_56,PRISON BREAK 21-40,,/api/castilla/56,/api/castilla/56,,https://castillabizz.com/storage/thumbnails/CEMRC6i8st3YC8wovYn8dp71F1Nmoyd25DWFCSof.jpg,,,,,,,2024-01-01 00:00:00+00,,1,true,,,,,,,,,,,
tweve_cas_560,R.I.P.D,,/api/castilla/560,/api/castilla/560,,https://castillabizz.com/storage/thumbnails/zoAwf9z7tuvrONJm9P8FJtCtaTtDb7NqbBEigI6T.jpg,,,,,,,2024-01-01 00:00:00+00,,0,true,,,,,,,,,,,
tweve_cas_561,CHAOS WALKING,,/api/castilla/561,/api/castilla/561,,https://castillabizz.com/storage/thumbnails/b4Z7eWhg89ZVDvZbEqxPGuoFTCEBBSEyPUQ5FGSF.jpg,,,,,,,2024-01-01 00:00:00+00,,0,true,,,,,,,,,,,
tweve_cas_562,THE ODYSSEY,,/api/castilla/562,/api/castilla/562,,https://castillabizz.com/storage/thumbnails/mpxOhwpCwb1TfXgNW7wtghcE5J6Bu7eMfZhBMlh6.jpg,,,,,,,2024-01-01 00:00:00+00,,1,true,,,,,,,,,,,
tweve_cas_563,LEGEND OF THE SEEKER 1-10,,/api/castilla/563,/api/castilla/563,,https://castillabizz.com/storage/thumbnails/aEC7LGTG3zotbjCBnLe7IlQaJUeh3F7rYRuf4VID.jpg,,,,,,,2024-01-01 00:00:00+00,,2,true,,,,,,,,,,,
tweve_cas_564,WU ASSASSIN,,/api/castilla/564,/api/castilla/564,,https://castillabizz.com/storage/thumbnails/h8EYKlg0TVGCOrgQJdQsZgufsJmAz72NLvN5VISg.jpg,,,,,,,2024-01-01 00:00:00+00,,0,true,,,,,,,,,,,
tweve_cas_565,HISSS,,/api/castilla/565,/api/castilla/565,,https://castillabizz.com/storage/thumbnails/u4qp0dCmXN0UZ3cK8GjRumy6rvvqqbr9OC1lhU2H.jpg,,,,,,,2024-01-01 00:00:00+00,,0,true,,,,,,,,,,,
tweve_cas_566,AWARENESS,,/api/castilla/566,/api/castilla/566,,https://castillabizz.com/storage/thumbnails/hHZsHTDcfGDE3xml20T8rCqDznAp3C0pmD50TrSZ.jpg,,,,,,,2024-01-01 00:00:00+00,,0,true,,,,,,,,,,,
tweve_cas_567,PIRATES OF CARIBBEAN 1-10,,/api/castilla/567,/api/castilla/567,,https://castillabizz.com/storage/thumbnails/om7zGMB7pmkGC5luVVmXLSCSraU6mopUTtVF1aH7.jpg,,,,,,,2024-01-01 00:00:00+00,,3,true,,,,,,,,,,,
tweve_cas_568,PIRATES OF CARIBBEAN 11-20 FINAL,,/api/castilla/568,/api/castilla/568,,https://castillabizz.com/storage/thumbnails/3LmdcJdD4VHc8YeoPcGpFAyJLtmr57MmGCD9Ndk7.jpg,,,,,,,2024-01-01 00:00:00+00,,0,true,,,,,,,,,,,
tweve_cas_569,WARRIOR 181-200 FINAL,,/api/castilla/569,/api/castilla/569,,https://castillabizz.com/storage/thumbnails/Q1MN1j5Yn1hUBp99qEYwRRhcx2oq4QGy5AU5vOj5.jpg,,,,,,,2024-01-01 00:00:00+00,,0,true,,,,,,,,,,,
tweve_cas_57,PRISON BREAK (41-60),,/api/castilla/57,/api/castilla/57,,https://castillabizz.com/storage/thumbnails/20LQNw9t14xFpVaBhyhS6dDGuD7QNs2GrkMQe3Pl.jpg,,,,,,,2024-01-01 00:00:00+00,,0,true,,,,,,,,,,,
tweve_cas_570,WONDERS 19-26,,/api/castilla/570,/api/castilla/570,,https://castillabizz.com/storage/thumbnails/gR8TDaL5x5fwfnOQdQSUUFH0cV770oD0PEuL1L99.jpg,,,,,,,2024-01-01 00:00:00+00,,1,true,,,,,,,,,,,
tweve_cas_571,BLADE WARRIOR,,/api/castilla/571,/api/castilla/571,,https://castillabizz.com/storage/thumbnails/CziY7Su74psqdrzV7iUczdwFmqSNla7Papi8oDVy.jpg,,,,,,,2024-01-01 00:00:00+00,,0,true,,,,,,,,,,,
tweve_cas_572,FURIOUS ATTACK,,/api/castilla/572,/api/castilla/572,,https://castillabizz.com/storage/thumbnails/qEe0jD5zPpyFxYF6irEeMD5joPOgC3isl25lrqQo.jpg,,,,,,,2024-01-01 00:00:00+00,,0,true,,,,,,,,,,,
tweve_cas_573,GANG MO 1-6,,/api/castilla/573,/api/castilla/573,,https://castillabizz.com/storage/thumbnails/ZmItSbfUq3Glmgld374NRilSyCcoFpwzlT3t4Tp5.jpg,,,,,,,2024-01-01 00:00:00+00,,0,true,,,,,,,,,,,
tweve_cas_574,DOCTOR STRANGE 1-10,,/api/castilla/574,/api/castilla/574,,https://castillabizz.com/storage/thumbnails/mAV1eApgksaLVkcMam3NZCfz36m4v2ityVBuNbp4.jpg,,,,,,,2024-01-01 00:00:00+00,,0,true,,,,,,,,,,,
tweve_cas_575,THE GIRL IN THE SPIDER'S WEB,,/api/castilla/575,/api/castilla/575,,https://castillabizz.com/storage/thumbnails/6bPnJpsUEHTKSFhoI1whmPvP6FBn6ZEe0MpP9gHe.jpg,,,,,,,2024-01-01 00:00:00+00,,0,true,,,,,,,,,,,
tweve_cas_576,PRISONER OF WAR,,/api/castilla/576,/api/castilla/576,,https://castillabizz.com/storage/thumbnails/BD0RrBtFbBkmUDzkAQp9uQzUgqxx6Omm5cjavzE6.jpg,,,,,,,2024-01-01 00:00:00+00,,0,true,,,,,,,,,,,
tweve_cas_577,SPY MYUNG-WOL,,/api/castilla/577,/api/castilla/577,,https://castillabizz.com/storage/thumbnails/bSkWAUS0a9hY9eA0noh8b1iGsfx8jtQW8LI1MoKT.jpg,,,,,,,2024-01-01 00:00:00+00,,0,true,,,,,,,,,,,
tweve_cas_578,PRIVATE RESORT,,/api/castilla/578,/api/castilla/578,,https://castillabizz.com/storage/thumbnails/lmc2MmPl6on7RthJhwi9R64d2jQ9b2571znBbjkH.png,,,,,,,2024-01-01 00:00:00+00,,0,true,,,,,,,,,,,
tweve_cas_579,HIDDEN IDENTITY,,/api/castilla/579,/api/castilla/579,,https://castillabizz.com/storage/thumbnails/Ipa1cRJXpeMCEfHnOzJlgl8zVBpeJQaUjQuCdjoA.jpg,,,,,,,2024-01-01 00:00:00+00,,0,true,,,,,,,,,,,
tweve_cas_58,PRISON BREAK (61-79FINAL),,/api/castilla/58,/api/castilla/58,,https://castillabizz.com/storage/thumbnails/8oAce4nUE1omNID78yq8XGL2zyNOMJTQVoAzM9aI.jpg,,,,,,,2024-01-01 00:00:00+00,,0,true,,,,,,,,,,,
tweve_cas_580,THE KOLLECTIVE,,/api/castilla/580,/api/castilla/580,,https://castillabizz.com/storage/thumbnails/vBopZOez4gNkY2QhQwxUoSXjiGVAAi6uxDhVJGSB.jpg,,,,,,,2024-01-01 00:00:00+00,,0,true,,,,,,,,,,,
tweve_cas_581,SUNREY FALLEN SOLDIER,,/api/castilla/581,/api/castilla/581,,https://castillabizz.com/storage/thumbnails/bxGbaxULx0SmjONAvUncX9WP8qjkf6cDw7BOYjbH.jpg,,,,,,,2024-01-01 00:00:00+00,,0,true,,,,,,,,,,,
tweve_cas_582,DOKUZ OGUZ,,/api/castilla/582,/api/castilla/582,,https://castillabizz.com/storage/thumbnails/zlCJ3zYgXxn96mzKlc9m9WN2HUPuDlCqCosRPC9F.jpg,,,,,,,2024-01-01 00:00:00+00,,0,true,,,,,,,,,,,
tweve_cas_583,SIBERIA,,/api/castilla/583,/api/castilla/583,,https://castillabizz.com/storage/thumbnails/SE935cejWu9xN4xILssif0KYWPf59tFws29RcyrW.jpg,,,,,,,2024-01-01 00:00:00+00,,0,true,,,,,,,,,,,
tweve_cas_584,BORU,,/api/castilla/584,/api/castilla/584,,https://castillabizz.com/storage/thumbnails/EnBIOZlfMxMZ3DOcVUCUP3Amab3zOhTj15dDjIe5.jpg,,,,,,,2024-01-01 00:00:00+00,,0,true,,,,,,,,,,,
tweve_cas_585,THE BODYGUARD 2024,,/api/castilla/585,/api/castilla/585,,https://castillabizz.com/storage/thumbnails/4Ci1O3i8ghuEennxIefPIJeOBC9PgVNuHPfOYUmR.jpg,,,,,,,2024-01-01 00:00:00+00,,0,true,,,,,,,,,,,
tweve_cas_586,THE PROSECUTOR,,/api/castilla/586,/api/castilla/586,,https://castillabizz.com/storage/thumbnails/WxRddu18yzjOy0x2FYc837e8tpNJfEVCAPR2Zt5b.jpg,,,,,,,2024-01-01 00:00:00+00,,0,true,,,,,,,,,,,
tweve_cas_587,SILENT ZONE,,/api/castilla/587,/api/castilla/587,,https://castillabizz.com/storage/thumbnails/YdmA3jSDoH5Fo2k7ZA3tn2PdY526gt22qelrT9vf.png,,,,,,,2024-01-01 00:00:00+00,,0,true,,,,,,,,,,,
tweve_cas_588,DEMON CITY,,/api/castilla/588,/api/castilla/588,,https://castillabizz.com/storage/thumbnails/CWDWtMBWTtniDIKrHUQjuI638kKNu4GTWnIQREGV.jpg,,,,,,,2024-01-01 00:00:00+00,,0,true,,,,,,,,,,,
tweve_cas_589,WARM BODIES,,/api/castilla/589,/api/castilla/589,,https://castillabizz.com/storage/thumbnails/s8B5wclIeJVepdpJQf8W67T9dFuSz43VRBFefG50.webp,,,,,,,2024-01-01 00:00:00+00,,0,true,,,,,,,,,,,
tweve_cas_59,A MAN CALLED A GOD 1-24FINAL,KIPANDE DK 60,/api/castilla/59,/api/castilla/59,,https://castillabizz.com/storage/thumbnails/YJPGpJsj3vAXK5M8AQwf03V5cpYaukewWTUqkvio.jpg,,,,,,,2024-01-01 00:00:00+00,,0,true,,,,,,,,,,,
tweve_cas_590,AEOUN FLUX,,/api/castilla/590,/api/castilla/590,,https://castillabizz.com/storage/thumbnails/mTQXtg7lk2EbDN6huCGubk7n4cRpiiWMPMcKEn9G.jpg,,,,,,,2024-01-01 00:00:00+00,,0,true,,,,,,,,,,,
tweve_cas_591,APOCALYPSE Z,,/api/castilla/591,/api/castilla/591,,https://castillabizz.com/storage/thumbnails/i4la3Dq1vIgVtGx9ydoHrVgJVxtscxeKTjwequl7.jpg,,,,,,,2024-01-01 00:00:00+00,,1,true,,,,,,,,,,,
tweve_cas_592,WHITE GIRL,,/api/castilla/592,/api/castilla/592,,https://castillabizz.com/storage/thumbnails/dl1WVYKFvg2g3sro8E60NZIzEYbtBUtxajbng9Lr.jpg,,,,,,,2024-01-01 00:00:00+00,,3,true,,,,,,,,,,,
tweve_cas_593,THE OUTPOST 1-10,,/api/castilla/593,/api/castilla/593,,https://castillabizz.com/storage/thumbnails/JsA566ZM79Fw9AntGD2YuMOe0D5WF2FShc77Zye8.jpg,,,,,,,2024-01-01 00:00:00+00,,1,true,,,,,,,,,,,
tweve_cas_594,V TV SERIES 1-10,,/api/castilla/594,/api/castilla/594,,https://castillabizz.com/storage/thumbnails/WShewrUAo9g6oxDyQCJqvnuWV2WBh08k2J2uWGri.jpg,,,,,,,2024-01-01 00:00:00+00,,0,true,,,,,,,,,,,
tweve_cas_595,AVENGER,,/api/castilla/595,/api/castilla/595,,https://castillabizz.com/storage/thumbnails/JH2N19LDakN1j3wGxFkhRt382QuRtfqy424Ww94n.jpg,,,,,,,2024-01-01 00:00:00+00,,0,true,,,,,,,,,,,
tweve_cas_596,GHOST SHIP,,/api/castilla/596,/api/castilla/596,,https://castillabizz.com/storage/thumbnails/E0ZAOebhO61X6kErF0jvT2ERj7kEl1bu7oKayKy2.jpg,,,,,,,2024-01-01 00:00:00+00,,1,true,,,,,,,,,,,
tweve_cas_597,DEMI GODS 1-10,,/api/castilla/597,/api/castilla/597,,https://castillabizz.com/storage/thumbnails/gLORWfONvvC0WgtM2QQC3cwlXXAkeRoBLVXUvzNp.jpg,,,,,,,2024-01-01 00:00:00+00,,0,true,,,,,,,,,,,
tweve_cas_598,BEEKEEPER,,/api/castilla/598,/api/castilla/598,,https://castillabizz.com/storage/thumbnails/6vpVE0FFCI5vkrQpzIPmQGkHiVFiMNdkG6HcoAUs.webp,,,,,,,2024-01-01 00:00:00+00,,0,true,,,,,,,,,,,
tweve_cas_599,LIFT,,/api/castilla/599,/api/castilla/599,,https://castillabizz.com/storage/thumbnails/6AqdBOKAC30jC8fOcDxTceNZnZ7qzybp9KU84Qy7.jpg,,,,,,,2024-01-01 00:00:00+00,,0,true,,,,,,,,,,,
tweve_cas_60,KNIGHT OF ZODIAC,,/api/castilla/60,/api/castilla/60,,https://castillabizz.com/storage/thumbnails/f0W6crJ6y9Q4VQ1JG3weaPx4T4aE3espM6scmUmZ.jpg,,,,,,,2024-01-01 00:00:00+00,,0,true,,,,,,,,,,,
tweve_cas_600,UNDERCOVER  41-60,,/api/castilla/600,/api/castilla/600,,https://castillabizz.com/storage/thumbnails/3iuA6kM0kgcaBPLMDkSpmhEPlIW9SJ7xiLqJIVWl.jpg,,,,,,,2024-01-01 00:00:00+00,,0,true,,,,,,,,,,,
tweve_cas_601,THR OUTPOST 11-20,,/api/castilla/601,/api/castilla/601,,https://castillabizz.com/storage/thumbnails/KyvGfOYMnZeH2Fg1F76afS5L0FZp3E7yQhOEPm1v.jpg,,,,,,,2024-01-01 00:00:00+00,,0,true,,,,,,,,,,,
tweve_cas_602,SNIPER FIERCE BATTLE,,/api/castilla/602,/api/castilla/602,,https://castillabizz.com/storage/thumbnails/ud4sQRmpUFSiwG38c6fy4WqGccgKZGsolZBUXMUb.jpg,,,,,,,2024-01-01 00:00:00+00,,1,true,,,,,,,,,,,
tweve_cas_603,SISYPHUS: The myth 41-50,,/api/castilla/603,/api/castilla/603,,https://castillabizz.com/storage/thumbnails/BmDBXRz3AEUWjsTND4jrbDs0jViAgl8lso2tK6Q1.jpg,,,,,,,2024-01-01 00:00:00+00,,0,true,,,,,,,,,,,
tweve_cas_604,SISYPHUS: The myth 51-FINAL,,/api/castilla/604,/api/castilla/604,,https://castillabizz.com/storage/thumbnails/c2rkqHSmx5u6VgArvdrDuSEKc77kINr9pCojwqi3.jpg,,,,,,,2024-01-01 00:00:00+00,,0,true,,,,,,,,,,,
tweve_cas_605,"NEW SOZ 6, (13-18)",,/api/castilla/605,/api/castilla/605,,https://castillabizz.com/storage/thumbnails/W4vw1bnLIdfuDPQq1zJkTA9R5XUOIesM1B2Wj5af.jpg,,,,,,,2024-01-01 00:00:00+00,,0,true,,,,,,,,,,,
tweve_cas_606,CHUPA,,/api/castilla/606,/api/castilla/606,,https://castillabizz.com/storage/thumbnails/gxf4sgtJueIiuvk8OS6grb9GSUSEhG0XU8lXWjB2.jpg,,,,,,,2024-01-01 00:00:00+00,,0,true,,,,,,,,,,,
tweve_cas_607,MORTAL KOMBAT 1&2,,/api/castilla/607,/api/castilla/607,,https://castillabizz.com/storage/thumbnails/CFxs5Xp2tKoSOLLTzwE5zW6rOtOgmDM3XsEc088f.jpg,,,,,,,2024-01-01 00:00:00+00,,0,true,,,,,,,,,,,
tweve_cas_608,GHOST WAR,,/api/castilla/608,/api/castilla/608,,https://castillabizz.com/storage/thumbnails/uQMdvMWovFEVOglRQZcgjFjwrSIJPN2U31Sq0y9Q.jpg,,,,,,,2024-01-01 00:00:00+00,,0,true,,,,,,,,,,,
tweve_cas_609,DASIM,,/api/castilla/609,/api/castilla/609,,https://castillabizz.com/storage/thumbnails/8XF15ajPcqIGsWw57Ucr8igoB8yMNXUTxEg2ImLv.jpg,,,,,,,2024-01-01 00:00:00+00,,0,true,,,,,,,,,,,
tweve_cas_61,IRON FIST 1-6,,/api/castilla/61,/api/castilla/61,,https://castillabizz.com/storage/thumbnails/nBsmBtuQ80y40KLEX1gnWpSV4RvBx2Qt0vO4b9OZ.webp,,,,,,,2024-01-01 00:00:00+00,,0,true,,,,,,,,,,,
tweve_cas_610,UNDER THE DOME 1-10,,/api/castilla/610,/api/castilla/610,,https://castillabizz.com/storage/thumbnails/SWb9dPhydzkylXHCABb32SeTDoRlxOYPu7rKjXX7.jpg,,,,,,,2024-01-01 00:00:00+00,,0,true,,,,,,,,,,,
tweve_cas_611,DEADPOOL,,/api/castilla/611,/api/castilla/611,,https://castillabizz.com/storage/thumbnails/LqjTEkBdrSMXFdRJvm69hprJZegsbKOoOJEa4MQr.jpg,,,,,,,2024-01-01 00:00:00+00,,1,true,,,,,,,,,,,
tweve_cas_612,AGENT RECON,,/api/castilla/612,/api/castilla/612,,https://castillabizz.com/storage/thumbnails/In0DC11g4r9CAYc7AADX36V6l9HJHZFbRkpcb14j.jpg,,,,,,,2024-01-01 00:00:00+00,,0,true,,,,,,,,,,,
tweve_cas_613,HOTEL COCAINE,,/api/castilla/613,/api/castilla/613,,https://castillabizz.com/storage/thumbnails/NBTXL3UB7GKJrpce7wyNffXaWIqlBJUFz0fNggTF.webp,,,,,,,2024-01-01 00:00:00+00,,0,true,,,,,,,,,,,
tweve_cas_614,THE SKIN I LIVE IN,,/api/castilla/614,/api/castilla/614,,https://castillabizz.com/storage/thumbnails/0dnqGgzoTGAAbbHGVs1SS15a8N9r0iNH2LkSgMAL.jpg,,,,,,,2024-01-01 00:00:00+00,,0,true,,,,,,,,,,,
tweve_cas_615,BIR UMUT YETER,,/api/castilla/615,/api/castilla/615,,https://castillabizz.com/storage/thumbnails/VbCSteQOJDCrhIlngBxHekZI27KgkM5wJPLHbjft.jpg,,,,,,,2024-01-01 00:00:00+00,,0,true,,,,,,,,,,,
tweve_cas_616,UNDERCOVER 61-FINAL,,/api/castilla/616,/api/castilla/616,,https://castillabizz.com/storage/thumbnails/7IM4dy6Q3GpQ2DXgfJHUumoHz91mfjQ448sBJOvN.jpg,,,,,,,2024-01-01 00:00:00+00,,0,true,,,,,,,,,,,
tweve_cas_617,SAVASCI 1-30,,/api/castilla/617,/api/castilla/617,,https://castillabizz.com/storage/thumbnails/AxjdaMVpQ3R0NZc9uPqfv01yWeiZJXyKHpcyDnB5.jpg,,,,,,,2024-01-01 00:00:00+00,,0,true,,,,,,,,,,,
tweve_cas_618,THE HAPPENING,,/api/castilla/618,/api/castilla/618,,https://castillabizz.com/storage/thumbnails/WUJXojxS0o6IUsWsVJnsZRLxrtxLBIBm5hZ6W7Qv.jpg,,,,,,,2024-01-01 00:00:00+00,,0,true,,,,,,,,,,,
tweve_cas_619,MINE,,/api/castilla/619,/api/castilla/619,,https://castillabizz.com/storage/thumbnails/4WD7TeIjZ0CXsO7cxwuI0QgVA8zYJudZfzLcdyjE.jpg,,,,,,,2024-01-01 00:00:00+00,,0,true,,,,,,,,,,,
tweve_cas_62,IRON FIST 7-12,,/api/castilla/62,/api/castilla/62,,https://castillabizz.com/storage/thumbnails/CoBsYM3Y4yS5Wg0uE14hkFbjdOudtKZRO3nHCM6J.webp,,,,,,,2024-01-01 00:00:00+00,,0,true,,,,,,,,,,,
tweve_cas_620,INHUMAN,,/api/castilla/620,/api/castilla/620,,https://castillabizz.com/storage/thumbnails/dSme13eP9As04I3mCDAN4gJPMAuuBHQWcMBG1HnU.jpg,,,,,,,2024-01-01 00:00:00+00,,0,true,,,,,,,,,,,
tweve_cas_621,WANTED,,/api/castilla/621,/api/castilla/621,,https://castillabizz.com/storage/thumbnails/MjS9BBhdFXZTqcW2UoopLguYziORxML44e6tccpV.jpg,,,,,,,2024-01-01 00:00:00+00,,0,true,,,,,,,,,,,
tweve_cas_622,THE WITCH,,/api/castilla/622,/api/castilla/622,,https://castillabizz.com/storage/thumbnails/hpavhwAYRDijJ4oJEFK9pkx0JK6nPVewJCiZBa7t.jpg,,,,,,,2024-01-01 00:00:00+00,,0,true,,,,,,,,,,,
tweve_cas_623,NO TEARS FOR THE DEAD,,/api/castilla/623,/api/castilla/623,,https://castillabizz.com/storage/thumbnails/ryQl7UOq6m9hdOa1xdT9CAORbT8jLALVz34lfmRt.jpg,,,,,,,2024-01-01 00:00:00+00,,0,true,,,,,,,,,,,
tweve_cas_624,BIRD BOX BARCELONA,,/api/castilla/624,/api/castilla/624,,https://castillabizz.com/storage/thumbnails/dSNVzkgReIQF8EHMcbdo0tiPAzBrPnuj5MZo7tAM.webp,,,,,,,2024-01-01 00:00:00+00,,0,true,,,,,,,,,,,
tweve_cas_625,DEN OF THIEVES,,/api/castilla/625,/api/castilla/625,,https://castillabizz.com/storage/thumbnails/DJWzrk8RjDbCNDPUxrJSV4iAzu4e9xzjEkDfFhPG.jpg,,,,,,,2024-01-01 00:00:00+00,,0,true,,,,,,,,,,,
tweve_cas_626,ALIEN COVENANT,,/api/castilla/626,/api/castilla/626,,https://castillabizz.com/storage/thumbnails/QSfbubWEnU7xQ2P97Fe9gKNMj958ULOqqb7Zx9Qs.png,,,,,,,2024-01-01 00:00:00+00,,0,true,,,,,,,,,,,
tweve_cas_627,THE CALL OF THE WIILD,,/api/castilla/627,/api/castilla/627,,https://castillabizz.com/storage/thumbnails/uib7ujwTJ5NpNYlJnSw4ub75uXPrJO0YfWBwsf9a.jpg,,,,,,,2024-01-01 00:00:00+00,,0,true,,,,,,,,,,,
tweve_cas_628,HUNTER KILLER,,/api/castilla/628,/api/castilla/628,,https://castillabizz.com/storage/thumbnails/m1uWP50k9VCWECZWl22OLve6vAXqayInSMHHdr7P.jpg,,,,,,,2024-01-01 00:00:00+00,,0,true,,,,,,,,,,,
tweve_cas_629,UNDER THE DOME 11-20,,/api/castilla/629,/api/castilla/629,,https://castillabizz.com/storage/thumbnails/V87r3b9WqgkJjKmrxtg7TDeE3OGGkk7Z22dUgky4.jpg,,,,,,,2024-01-01 00:00:00+00,,0,true,,,,,,,,,,,
tweve_cas_63,IRON FIST 13-18,,/api/castilla/63,/api/castilla/63,,https://castillabizz.com/storage/thumbnails/E521NUqF0eoo1gCqGpruoR2ROnOtJyVtNRoIrXRk.webp,,,,,,,2024-01-01 00:00:00+00,,0,true,,,,,,,,,,,
tweve_cas_630,THE OUTPOST 21-30,,/api/castilla/630,/api/castilla/630,,https://castillabizz.com/storage/thumbnails/z5UvqOHg0G4L70HEyCqAuQIdz17ZCvSIFX3YFL19.jpg,,,,,,,2024-01-01 00:00:00+00,,0,true,,,,,,,,,,,
tweve_cas_631,SHOP FOR KILLERS,,/api/castilla/631,/api/castilla/631,,https://castillabizz.com/storage/thumbnails/tChs8qH63sBudq9thNZC1KGaly6qzB3Vyd9soz5U.webp,,,,,,,2024-01-01 00:00:00+00,,0,true,,,,,,,,,,,
tweve_cas_632,LOGAN,,/api/castilla/632,/api/castilla/632,,https://castillabizz.com/storage/thumbnails/dRzxCj8rPnoBmthnydR8lebbvFqt2HjoUwKtXHZH.webp,,,,,,,2024-01-01 00:00:00+00,,1,true,,,,,,,,,,,
tweve_cas_633,I SAW THE DEVIL,,/api/castilla/633,/api/castilla/633,,https://castillabizz.com/storage/thumbnails/13kLbCz9Ijy8aaZNqUDiLSD0uRztyvyqqQIxueej.jpg,,,,,,,2024-01-01 00:00:00+00,,0,true,,,,,,,,,,,
tweve_cas_634,SAVASCI 31-60,,/api/castilla/634,/api/castilla/634,,https://castillabizz.com/storage/thumbnails/iBghnd5q6ETCdZ7CHQdHVTRCvYgXofdN9LdtJU33.jpg,,,,,,,2024-01-01 00:00:00+00,,0,true,,,,,,,,,,,
tweve_cas_635,THE MEG,,/api/castilla/635,/api/castilla/635,,https://castillabizz.com/storage/thumbnails/mHoaAw48sZUNzHjA9VXl2lXZZ0gR13wvIJ1OErw8.jpg,,,,,,,2024-01-01 00:00:00+00,,0,true,,,,,,,,,,,
tweve_cas_636,ROBIN HOOD,,/api/castilla/636,/api/castilla/636,,https://castillabizz.com/storage/thumbnails/dySnSJ8e564jR1514c63dKCDCJoCvyWDmc7wdshz.jpg,,,,,,,2024-01-01 00:00:00+00,,0,true,,,,,,,,,,,
tweve_cas_637,OBSESSION,,/api/castilla/637,/api/castilla/637,,https://castillabizz.com/storage/thumbnails/a5crrkVrC2JY25qVCSnA3wf7n0L9XJP0k67t1jDE.jpg,,,,,,,2024-01-01 00:00:00+00,,0,true,,,,,,,,,,,
tweve_cas_638,LOVE AND MONSTERS,,/api/castilla/638,/api/castilla/638,,https://castillabizz.com/storage/thumbnails/O170qpWP0CogSGd5Zvu0Pm9v6wPU0wdm2PAOI1W2.jpg,,,,,,,2024-01-01 00:00:00+00,,0,true,,,,,,,,,,,
tweve_cas_639,LEGEND OF TEN RINGS,,/api/castilla/639,/api/castilla/639,,https://castillabizz.com/storage/thumbnails/0okc35yiA11w07dlK9LvP4C78PTCbHVxtzwkBrnB.jpg,,,,,,,2024-01-01 00:00:00+00,,0,true,,,,,,,,,,,
tweve_cas_64,365 DAYS,,/api/castilla/64,/api/castilla/64,,https://castillabizz.com/storage/thumbnails/PtXtqQ6tzH8MluxECnDe5HHlaQUJgcuWFTypy7FY.jpg,,,,,,,2024-01-01 00:00:00+00,,3,true,,,,,,,,,,,
tweve_cas_640,HIDDEN STRIKE,,/api/castilla/640,/api/castilla/640,,https://castillabizz.com/storage/thumbnails/iPo4RKgry3oCFByfnUrWclvwbBYqCuOh5NDKilLa.jpg,,,,,,,2024-01-01 00:00:00+00,,0,true,,,,,,,,,,,
tweve_cas_641,LUPIN S1,,/api/castilla/641,/api/castilla/641,,https://castillabizz.com/storage/thumbnails/hwFgCgilolDZLGg8AxzBUpJzE8U3bKqQhJHWQCkl.jpg,,,,,,,2024-01-01 00:00:00+00,,0,true,,,,,,,,,,,
tweve_cas_642,LUPIN S2,,/api/castilla/642,/api/castilla/642,,https://castillabizz.com/storage/thumbnails/pCVaExuFhdM9TjxOfz1vRl8euqxXrjfLrO2zHKc4.jpg,,,,,,,2024-01-01 00:00:00+00,,0,true,,,,,,,,,,,
tweve_cas_643,NUMBER SIX,,/api/castilla/643,/api/castilla/643,,https://castillabizz.com/storage/thumbnails/o1KDgIV0EKbeQdklhgQ8bljVm42dR0SeOmDBU2PN.jpg,,,,,,,2026-07-29 18:23:28.586+00,,309,true,,,,,,,,,,,
tweve_cas_644,ASSASSIN GAMES,,/api/castilla/644,/api/castilla/644,,https://castillabizz.com/storage/thumbnails/9FAKndyPC6FQaAvXsEgprW3LX7EyeUj2ayRcuFUv.jpg,,,,,,,2026-07-29 18:23:17.757+00,,156,true,,,,,,,,,,,
tweve_cas_645,SOULCATCHER,,/api/castilla/645,/api/castilla/645,,https://castillabizz.com/storage/thumbnails/kNDMumue1HeZTlTM9KjbJaici3emjIGYKJl363kH.jpg,,,,,,,2024-01-01 00:00:00+00,,0,true,,,,,,,,,,,
tweve_cas_646,MECHANIC RESSURACTION,,/api/castilla/646,/api/castilla/646,,https://castillabizz.com/storage/thumbnails/U3gARxBP6h98DgNKVKM518QwdITblUh7Hy1TvEfx.jpg,,,,,,,2026-07-29 18:23:23.755+00,,287,true,,,,,,,,,,,
tweve_cas_647,THE CHANNEL,,/api/castilla/647,/api/castilla/647,,https://castillabizz.com/storage/thumbnails/FB1AbgEuG0KpiuzfJvaLA0L2LkUMqsRMsHneREb4.jpg,,,,,,,2026-07-29 18:23:09.394+00,,81,true,,,,,,,,,,,
tweve_cas_648,TOMORROWLAND,,/api/castilla/648,/api/castilla/648,,https://castillabizz.com/storage/thumbnails/fdWPnLUgTTFMX6hDq9buU93CrS8qampm9TI0mBqI.jpg,,,,,,,2024-01-01 00:00:00+00,,0,true,,,,,,,,,,,
tweve_cas_649,TRANSFORMERS,,/api/castilla/649,/api/castilla/649,,https://castillabizz.com/storage/thumbnails/2FbkhPj5FRkA3gcDNEzbmfQXJJMZrq8LQHR3Ka3a.jpg,,,,,,,2026-07-29 18:23:13.029+00,,279,true,,,,,,,,,,,
tweve_cas_65,MANIPULATED,,/api/castilla/65,/api/castilla/65,,https://castillabizz.com/storage/thumbnails/aQ2gTBEo3ZdnPpwvOX45j1D0TYdeuw7ABVR8lNRO.jpg,,,,,,,2024-01-01 00:00:00+00,,0,true,,,,,,,,,,,
tweve_cas_650,MIRRORS,,/api/castilla/650,/api/castilla/650,,https://castillabizz.com/storage/thumbnails/39LHFtx0LX18ZOOuRRou6eZNWLnb4mJtkykurACX.jpg,,,,,,,2026-07-29 18:23:03.899+00,,57,true,,,,,,,,,,,
tweve_cas_651,SAVASCI 61-90,,/api/castilla/651,/api/castilla/651,,https://castillabizz.com/storage/thumbnails/uHOX2FgyJutMY0lUhHcLjCPIam1VHyu6IqJsMrAJ.jpg,,,,,,,2026-07-29 18:23:00.281+00,,74,true,,,,,,,,,,,
tweve_cas_652,THE OUTPOST 31-40,,/api/castilla/652,/api/castilla/652,,https://castillabizz.com/storage/thumbnails/9A5p8NcA2VhYlQSv0wUR2HJHEnN9o4tiZ0Hv8D7S.jpg,,,,,,,2024-01-01 00:00:00+00,,0,true,,,,,,,,,,,
tweve_cas_653,MR 9,,/api/castilla/653,/api/castilla/653,,https://castillabizz.com/storage/thumbnails/nNyQG5VFg68qH71LH0cuYuMEvnPyvmEtXwZriJh0.jpg,,,,,,,2024-01-01 00:00:00+00,,0,true,,,,,,,,,,,
tweve_cas_654,ART OF WAR,,/api/castilla/654,/api/castilla/654,,https://castillabizz.com/storage/thumbnails/eoHMUQWJiVIYMG9COjJMYk0X9RjZdn1DJtIjDPNs.jpg,,,,,,,2026-07-29 18:22:50.612+00,,98,true,,,,,,,,,,,
tweve_cas_655,BEHIND ENEMY LINES COLOMBIA,,/api/castilla/655,/api/castilla/655,,https://castillabizz.com/storage/thumbnails/7qJ9qf5bT561ll84UFEm3GoyywDe5cMLYVbtbCRD.jpg,,,,,,,2024-01-01 00:00:00+00,,0,true,,,,,,,,,,,
tweve_cas_656,GOLD,,/api/castilla/656,/api/castilla/656,,https://castillabizz.com/storage/thumbnails/cX0dNcIjfSBzeh6Vc8BRWkXqBm5RF8my00a0OQ3V.jpg,,,,,,,2026-07-29 18:22:40.359+00,,78,true,,,,,,,,,,,
tweve_cas_657,SOUL,,/api/castilla/657,/api/castilla/657,,https://castillabizz.com/storage/thumbnails/qKyY8j9g9zRjMSTM3JNO4ZPmACpA99Hfm0wF7ItR.jpg,,,,,,,2026-07-29 18:22:55.587+00,,112,true,,,,,,,,,,,
tweve_cas_658,FALL,,/api/castilla/658,/api/castilla/658,,https://castillabizz.com/storage/thumbnails/AALDqnOlSPrhRYKKDWT0aSkIFMp2EIhtOOy11ufx.jpg,,,,,,,2026-07-29 18:22:36.02+00,,161,true,,,,,,,,,,,
tweve_cas_659,AGENT OF SHIELD S1,,/api/castilla/659,/api/castilla/659,,https://castillabizz.com/storage/thumbnails/uQ9HDB05ArFPoHgihcnh1js0dROvUle9Wh5P9tfn.webp,,,,,,,2026-07-29 18:22:29.94+00,,41,true,,,,,,,,,,,
tweve_cas_66,SHINE OR GO CRAZY (1-10),,/api/castilla/66,/api/castilla/66,,https://castillabizz.com/storage/thumbnails/sV2avA7OtYxAZDXb29HgBaYjZ5J1un41pKgG9y2J.jpg,,,,,,,2026-07-29 18:22:32.973+00,,58,true,,,,,,,,,,,
tweve_cas_660,ESCAPE FROM MOGADISHU,,/api/castilla/660,/api/castilla/660,,https://castillabizz.com/storage/thumbnails/pcSCnMk0SsCb9QjHd69B2nFZ8whfwyzxA3aYc0gg.jpg,,,,,,,2026-07-29 18:22:45.761+00,,108,true,,,,,,,,,,,
tweve_cas_661,ADULTERERS,,/api/castilla/661,/api/castilla/661,,https://castillabizz.com/storage/thumbnails/qv9cNOZggCb78jUtkgWhi5Jo0okJWFMvlv0XoHxM.jpg,,,,,,,2026-07-29 18:22:12.962+00,,104,true,,,,,,,,,,,
tweve_cas_662,ESCAPE FROM SOBIBOR,,/api/castilla/662,/api/castilla/662,,https://castillabizz.com/storage/thumbnails/moMo2HSScDQ7csQBjX9KKisTSWBlCrCEjIXbJQRJ.jpg,,,,,,,2026-07-29 18:22:15.874+00,,37,true,,,,,,,,,,,
tweve_cas_664,AVENGEMENT,,/api/castilla/664,/api/castilla/664,,https://castillabizz.com/storage/thumbnails/rPC3lLxy8JsVCRiPjmQ7Ia36zd3mxUnHp8jsiYLE.jpg,,,,,,,2024-01-01 00:00:00+00,,0,true,,,,,,,,,,,
tweve_cas_665,SAVASCI 91-120,,/api/castilla/665,/api/castilla/665,,https://castillabizz.com/storage/thumbnails/EpLoShnOp4iDT7I55UqQW1sFwIZiT7xixY1iqPVg.jpg,,,,,,,2024-01-01 00:00:00+00,,0,true,,,,,,,,,,,
tweve_cas_666,RAISED BY WOLVES,,/api/castilla/666,/api/castilla/666,,https://castillabizz.com/storage/thumbnails/xWEljwrBp4udkidd0zLc7bp8cEXezuoUempEDqX3.jpg,,,,,,,2024-01-01 00:00:00+00,,1,true,,,,,,,,,,,
tweve_cas_667,SAFE HOUSE,,/api/castilla/667,/api/castilla/667,,https://castillabizz.com/storage/thumbnails/wpg3f7YkxBVGHPkp71KzzgAJEZSpVd88gSdiopWR.jpg,,,,,,,2024-01-01 00:00:00+00,,0,true,,,,,,,,,,,
tweve_cas_668,THE PREY LEGEND OF KARNOCTUS,,/api/castilla/668,/api/castilla/668,,https://castillabizz.com/storage/thumbnails/XHxT2pLgGK1gbr4yA37KCUFwuSSdjzjbdaVaRdGe.jpg,,,,,,,2026-07-29 18:22:20.972+00,,61,true,,,,,,,,,,,
tweve_cas_669,JURASSIC WORLD DOMINION,,/api/castilla/669,/api/castilla/669,,https://castillabizz.com/storage/thumbnails/SyMmNasLYFxIF3L51zjoDMCPbvTvVBp5cWYpiIna.jpg,,,,,,,2024-01-01 00:00:00+00,,0,true,,,,,,,,,,,
tweve_cas_67,MOORIM SCHOOL (1-10),,/api/castilla/67,/api/castilla/67,,https://castillabizz.com/storage/thumbnails/GQpP8ILGinkcVl0X5ztTMsuMAe6ZJYrflt0V9BdQ.jpg,,,,,,,2026-07-29 18:22:26.562+00,,62,true,,,,,,,,,,,
tweve_cas_670,THE SON,,/api/castilla/670,/api/castilla/670,,https://castillabizz.com/storage/thumbnails/zj4ZZqBHaR9iwXbMWspYtblvuRUMZNpnp8JltMwu.jpg,,,,,,,2024-01-01 00:00:00+00,,0,true,,,,,,,,,,,
tweve_cas_671,DON'T TRY,,/api/castilla/671,/api/castilla/671,,https://castillabizz.com/storage/thumbnails/AMIMNplVOsCU6Nku6ZjJWxz0K4qMMwOQYCsefJ8u.jpg,,,,,,,2024-01-01 00:00:00+00,,1,true,,,,,,,,,,,
tweve_cas_672,THE OUTPOST 41-FINAL,,/api/castilla/672,/api/castilla/672,,https://castillabizz.com/storage/thumbnails/ChYstXLtxJTth26prWJhK3vM8yueVGWbDVT65gpg.jpg,,,,,,,2024-01-01 00:00:00+00,,0,true,,,,,,,,,,,
tweve_cas_673,FROM S1,,/api/castilla/673,/api/castilla/673,,https://castillabizz.com/storage/thumbnails/5M0yyufNgXpFR0v44cld3GnbfLblMm7VHdd8TE3i.jpg,,,,,,,2024-01-01 00:00:00+00,,0,true,,,,,,,,,,,
tweve_cas_674,MOONSHINE 1-30,,/api/castilla/674,/api/castilla/674,,https://castillabizz.com/storage/thumbnails/tsxj5JeOagwtRVJFHPmCieMU0IatY1WJEIfYWuJ1.jpg,,,,,,,2024-01-01 00:00:00+00,,0,true,,,,,,,,,,,
tweve_cas_675,VAGABOND 1-30,,/api/castilla/675,/api/castilla/675,,https://castillabizz.com/storage/thumbnails/Cffa2VA4BAZVSuJy9Sgv6gPlgXfKbN7cyLevvVDt.jpg,,,,,,,2024-01-01 00:00:00+00,,0,true,,,,,,,,,,,
tweve_cas_676,NIGHT SEA,,/api/castilla/676,/api/castilla/676,,https://castillabizz.com/storage/thumbnails/3jizFcDeL4Eu0D82R7kKiqC60ONG8oGK0Qp5HfVe.png,,,,,,,2024-01-01 00:00:00+00,,0,true,,,,,,,,,,,
tweve_cas_677,"NEW SOZ 6, (19-24)",,/api/castilla/677,/api/castilla/677,,https://castillabizz.com/storage/thumbnails/Z2zXx0PaQYE67DaKXOzkyXgT5CRdLzArJEJp3bjk.jpg,,,,,,,2024-01-01 00:00:00+00,,0,true,,,,,,,,,,,
tweve_cas_678,MY DEAREST ASSASSIN,,/api/castilla/678,/api/castilla/678,,https://castillabizz.com/storage/thumbnails/FLg1NtGW8oyoHePhfMOvN3nXBxFVQ7A24zMpALhB.jpg,,,,,,,2024-01-01 00:00:00+00,,1,true,,,,,,,,,,,
tweve_cas_679,AGENT ZERO,,/api/castilla/679,/api/castilla/679,,https://castillabizz.com/storage/thumbnails/qPfPnl2ep5Kdclxki66CzqRonZzFvbz6bMN2lzN4.jpg,,,,,,,2024-01-01 00:00:00+00,,0,true,,,,,,,,,,,
tweve_cas_68,SHINE OR GO CRAZY (11-24),,/api/castilla/68,/api/castilla/68,,https://castillabizz.com/storage/thumbnails/DAqX8h5EC1zWavGI62gPRo5QdAZ6rQCLHMv48LE6.jpg,,,,,,,2024-01-01 00:00:00+00,,0,true,,,,,,,,,,,
tweve_cas_680,THE SON 31-60,,/api/castilla/680,/api/castilla/680,,https://castillabizz.com/storage/thumbnails/pnRsVDiOfjJXRLAvDPozovrun0nwcGL3M1XPaWQD.jpg,,,,,,,2024-01-01 00:00:00+00,,0,true,,,,,,,,,,,
tweve_cas_681,LOCKED,,/api/castilla/681,/api/castilla/681,,https://castillabizz.com/storage/thumbnails/WcZMNQ6EqhdLLp9i1szCSdoVCURhZBP8bFnJZ5AA.jpg,,,,,,,2024-01-01 00:00:00+00,,0,true,,,,,,,,,,,
tweve_cas_682,THE POLYGAMIST 1-10,Tumia VLC Ku-play ili uweze ku change language to English.,/api/castilla/682,/api/castilla/682,,https://castillabizz.com/storage/thumbnails/3AqM94KrL1YeYaxdL5utEyjvSkRLx9aoDerfmD9L.png,,,,,,,2024-01-01 00:00:00+00,,1,true,,,,,,,,,,,
tweve_cas_683,FATEH,,/api/castilla/683,/api/castilla/683,,https://castillabizz.com/storage/thumbnails/j7JehxZhIcJgDrQGik6KpAn6Y3qQzSaSx94hJct1.jpg,,,,,,,2024-01-01 00:00:00+00,,0,true,,,,,,,,,,,
tweve_cas_684,MCHAWI ALIYEOLEWA 1-30,,/api/castilla/684,/api/castilla/684,,https://castillabizz.com/storage/thumbnails/PGDlnnIqz6VV5nze4GXFLpWIDAaBVmsPzHW9rATy.jpg,,,,,,,2024-01-01 00:00:00+00,,0,true,,,,,,,,,,,
tweve_cas_685,THE POLYGAMIST 11-FINAL,,/api/castilla/685,/api/castilla/685,,https://castillabizz.com/storage/thumbnails/qkS6wAGgS9JTtRH34dJwDm5D8zbFTZjt37tAVuSi.png,,,,,,,2024-01-01 00:00:00+00,,0,true,,,,,,,,,,,
tweve_cas_686,SAVASCI 121-150,,/api/castilla/686,/api/castilla/686,,https://castillabizz.com/storage/thumbnails/gawP2QP14F8rmaQthmfOs29RDb0vI8gmxIlsEwy8.jpg,,,,,,,2024-01-01 00:00:00+00,,0,true,,,,,,,,,,,
tweve_cas_687,THE SON 61-80FINAL,,/api/castilla/687,/api/castilla/687,,https://castillabizz.com/storage/thumbnails/TpXF4CRwkqMkSksnqN96XMhv4gT0WiDjGvFOCr49.jpg,,,,,,,2024-01-01 00:00:00+00,,0,true,,,,,,,,,,,
tweve_cas_688,RUTHLESS,,/api/castilla/688,/api/castilla/688,,https://castillabizz.com/storage/thumbnails/Sy1hId4CzhfdRl2Lu4l6zArvAzdi8liLxggK5D8a.jpg,,,,,,,2024-01-01 00:00:00+00,,0,true,,,,,,,,,,,
tweve_cas_689,MY DEMON 1-30,,/api/castilla/689,/api/castilla/689,,https://castillabizz.com/storage/thumbnails/aYVT1xpihGq3ih8eVMRb449YqmK0OXR0eV4OiWST.png,,,,,,,2024-01-01 00:00:00+00,,0,true,,,,,,,,,,,
tweve_cas_69,MOORIM SCHOOL (11-16),,/api/castilla/69,/api/castilla/69,,https://castillabizz.com/storage/thumbnails/o6BzdJ68PjMcBGEVnXaaiIOZ9RI8dIOFLA9V1eTx.jpg,,,,,,,2024-01-01 00:00:00+00,,1,true,,,,,,,,,,,
tweve_cas_690,MY SUPER HEROIN,,/api/castilla/690,/api/castilla/690,,https://castillabizz.com/storage/thumbnails/tfDVaoWj5quM2dHLSzuQ3qvcYlaWMiMhbeKSfT5s.jpg,,,,,,,2024-01-01 00:00:00+00,,0,true,,,,,,,,,,,
tweve_cas_691,JURASSIC GAMES,,/api/castilla/691,/api/castilla/691,,https://castillabizz.com/storage/thumbnails/mdIDYmPXhB3YAtFbLj5x7q7K1GvPSKNf4xoypag0.jpg,,,,,,,2024-01-01 00:00:00+00,,0,true,,,,,,,,,,,
tweve_cas_692,GRAND PRIX OF EUROPE,,/api/castilla/692,/api/castilla/692,,https://castillabizz.com/storage/thumbnails/Kh6whT05Z5YRcCVsZtHAKjNo6bMn2j6p0unTShoi.jpg,,,,,,,2024-01-01 00:00:00+00,,0,true,,,,,,,,,,,
tweve_cas_693,INVICIBLE SWORDMAN,,/api/castilla/693,/api/castilla/693,,https://castillabizz.com/storage/thumbnails/8Jl0ukfRkG3q09mDcyR1wprEdUzK4czR0uVvurcF.jpg,,,,,,,2024-01-01 00:00:00+00,,0,true,,,,,,,,,,,
tweve_cas_694,PIMP MASTER,,/api/castilla/694,/api/castilla/694,,https://castillabizz.com/storage/thumbnails/v4529QGGFYBPj8eWoHP1zpU5QmHqYLYfbhUFXgun.jpg,,,,,,,2024-01-01 00:00:00+00,,0,true,,,,,,,,,,,
tweve_cas_695,GRACIE AND PEDRO,,/api/castilla/695,/api/castilla/695,,https://castillabizz.com/storage/thumbnails/PBKUZPqNRfsHazKGnkiNtzMDTaeOkSBYkGEg9TWJ.jpg,,,,,,,2024-01-01 00:00:00+00,,0,true,,,,,,,,,,,
tweve_cas_696,BREAK ENEMY LINE,,/api/castilla/696,/api/castilla/696,,https://castillabizz.com/storage/thumbnails/5RGrL9WLyXp1OBwcBF0Xa68FmnnrC8Fy0JOOSwHI.jpg,,,,,,,2024-01-01 00:00:00+00,,0,true,,,,,,,,,,,
tweve_cas_697,ONE SHOTT,,/api/castilla/697,/api/castilla/697,,https://castillabizz.com/storage/thumbnails/sY2lGjJ3aAqS82kLFPcYHaxmJnzvt9Te5eI5tY7R.jpg,,,,,,,2024-01-01 00:00:00+00,,0,true,,,,,,,,,,,
tweve_cas_698,FIGHT TO THE DEATH,,/api/castilla/698,/api/castilla/698,,https://castillabizz.com/storage/thumbnails/gVBFg8KgGw3bPAaCwX9V2JnoquTo9bvwOhyhzG9t.jpg,,,,,,,2024-01-01 00:00:00+00,,0,true,,,,,,,,,,,
tweve_cas_699,AMERICAN GODS,Tumia VLC ku-add Subtitles,/api/castilla/699,/api/castilla/699,,https://castillabizz.com/storage/thumbnails/AUXPNa21ee1pAuaQpqR8rswY8oYTbwxjb17IzSX9.jpg,,,,,,,2024-01-01 00:00:00+00,,0,true,,,,,,,,,,,
tweve_cas_70,LAST RESORT SERIES,,/api/castilla/70,/api/castilla/70,,https://castillabizz.com/storage/thumbnails/AfFnLbArjmew2YPHjTIdhcbS488BKUOOgWexSV6i.jpg,,,,,,,2024-01-01 00:00:00+00,,0,true,,,,,,,,,,,
tweve_cas_700,SAVASCI 151-190,,/api/castilla/700,/api/castilla/700,,https://castillabizz.com/storage/thumbnails/kQWavuI3chQCNJBBN2k7UIfa5RKnMhSMHtndVIfZ.jpg,,,,,,,2024-01-01 00:00:00+00,,0,true,,,,,,,,,,,
tweve_cas_701,OZI VOICE OF FOREST,,/api/castilla/701,/api/castilla/701,,https://castillabizz.com/storage/thumbnails/NnpqTif1hgjRLcyGKfxOEGdUyEk0yRJUNX9ezwgy.jpg,,,,,,,2024-01-01 00:00:00+00,,0,true,,,,,,,,,,,
tweve_cas_702,LE JARDINIER,,/api/castilla/702,/api/castilla/702,,https://castillabizz.com/storage/thumbnails/z31XhTV4peSH2Q8Y67J0x6CnwDMknAQOlyj0jQTo.webp,,,,,,,2024-01-01 00:00:00+00,,0,true,,,,,,,,,,,
tweve_cas_703,SONIC 3,,/api/castilla/703,/api/castilla/703,,https://castillabizz.com/storage/thumbnails/Hu5nLFEpRKxOPJSWg2bhgtRW4WV13OIyFNpvjFZh.png,,,,,,,2024-01-01 00:00:00+00,,1,true,,,,,,,,,,,
tweve_cas_704,BROTHEL,,/api/castilla/704,/api/castilla/704,,https://castillabizz.com/storage/thumbnails/Mi7pHLKqmdnyUFDr8Vguh9m0Cs1AWuKicBK8bHCt.jpg,,,,,,,2024-01-01 00:00:00+00,,0,true,,,,,,,,,,,
tweve_cas_705,MY DEMON 31-FINAL,,/api/castilla/705,/api/castilla/705,,https://castillabizz.com/storage/thumbnails/ms3zAKeUEqQzLGRNVtr4ZeiJw50e49MRz3GfNsqN.png,,,,,,,2024-01-01 00:00:00+00,,0,true,,,,,,,,,,,
tweve_cas_706,MCHAWI ALIYEOLEWA 31-60,,/api/castilla/706,/api/castilla/706,,https://castillabizz.com/storage/thumbnails/FeGEgHj4qj0Ssd8kDZrxRZeHEKCqt97LIYGjwZ1j.jpg,,,,,,,2024-01-01 00:00:00+00,,0,true,,,,,,,,,,,
tweve_cas_707,MOONSHINE 31-60,,/api/castilla/707,/api/castilla/707,,https://castillabizz.com/storage/thumbnails/OukWGtrwwrV5Ncgl3asXdEsNLnVCPonreZbPBG1J.jpg,,,,,,,2024-01-01 00:00:00+00,,1,true,,,,,,,,,,,
tweve_cas_708,SECRET MISSION 1-10,,/api/castilla/708,/api/castilla/708,,https://castillabizz.com/storage/thumbnails/bHSQJeb8OPJvML2hdOy7n32CcdhT4udxx4ow7IqV.jpg,,,,,,,2024-01-01 00:00:00+00,,0,true,,,,,,,,,,,
tweve_cas_709,THE SPECIALIST,,/api/castilla/709,/api/castilla/709,,https://castillabizz.com/storage/thumbnails/25ACkQRVfcS0F2XzwdqVyayoYl1JsIvuF8btAFG6.jpg,,,,,,,2024-01-01 00:00:00+00,,0,true,,,,,,,,,,,
tweve_cas_710,"NEW SOZ 6, (25-30)",,/api/castilla/710,/api/castilla/710,,https://castillabizz.com/storage/thumbnails/klHotjSCAEWydhlU4vw9yq8ghKFvt1wmisiL9b62.jpg,,,,,,,2024-01-01 00:00:00+00,,0,true,,,,,,,,,,,
tweve_cas_711,RE-BORN,,/api/castilla/711,/api/castilla/711,,https://castillabizz.com/storage/thumbnails/JS6OXw2N5D2xbO2DSFg2tTkJSpcGvtt0g1y351cV.jpg,,,,,,,2024-01-01 00:00:00+00,,0,true,,,,,,,,,,,
tweve_cas_712,THE CHANGE OF DESTINY 1-8,,/api/castilla/712,/api/castilla/712,,https://castillabizz.com/storage/thumbnails/s5KInX17Cpuuk2ZOSoj1Wk95vCkA5uGnsvUf9GOl.jpg,,,,,,,2024-01-01 00:00:00+00,,0,true,,,,,,,,,,,
tweve_cas_713,PROPOSAL,,/api/castilla/713,/api/castilla/713,,https://castillabizz.com/storage/thumbnails/LEkZS0XctWxfFLLH6xsEDrlYNtjJ1ZkWjK0Nh7KV.jpg,,,,,,,2024-01-01 00:00:00+00,,0,true,,,,,,,,,,,
tweve_cas_714,IN THE GREY,,/api/castilla/714,/api/castilla/714,,https://castillabizz.com/storage/thumbnails/3JvNjoRljdoUMymh8fuA1KFDZEWVAAxtiG0lworD.jpg,,,,,,,2024-01-01 00:00:00+00,,0,true,,,,,,,,,,,
tweve_cas_715,MICHAEL,,/api/castilla/715,/api/castilla/715,,https://castillabizz.com/storage/thumbnails/ynlkuif1QqgDaHz7ZOqmxtztozwSjyQgYdjjgvPA.jpg,,,,,,,2024-01-01 00:00:00+00,,0,true,,,,,,,,,,,
tweve_cas_716,YOUNG SHELDON,,/api/castilla/716,/api/castilla/716,,https://castillabizz.com/storage/thumbnails/eqckalsyT6yHVic5oVjCNU5Na9Eq7oojjyUm2kJU.jpg,,,,,,,2024-01-01 00:00:00+00,,0,true,,,,,,,,,,,
tweve_cas_717,ORIGIN,,/api/castilla/717,/api/castilla/717,,https://castillabizz.com/storage/thumbnails/Tsd7NrgCdQMT6YyOyz354Z5EhTVwiIOnzMz7xKib.jpg,,,,,,,2024-01-01 00:00:00+00,,0,true,,,,,,,,,,,
tweve_cas_718,OWL HUNT,,/api/castilla/718,/api/castilla/718,,https://castillabizz.com/storage/thumbnails/vGYVVC1sqe3eBkY0Gtbv8xfLIfsI8zZ0DKvneLkU.jpg,,,,,,,2024-01-01 00:00:00+00,,0,true,,,,,,,,,,,
tweve_cas_719,SHAKA ILEMBE,,/api/castilla/719,/api/castilla/719,,https://castillabizz.com/storage/thumbnails/AQ222Ts9cLhy7gFFljuEZgzpXRiWRaX6V7ODjaS0.jpg,,,,,,,2024-01-01 00:00:00+00,,2,true,,,,,,,,,,,
tweve_cas_72,HUSH,,/api/castilla/72,/api/castilla/72,,https://castillabizz.com/storage/thumbnails/PyjpVOabk1sPhS5dXqAUN0E0jPHEMa9RfhmcwAK8.webp,,,,,,,2024-01-01 00:00:00+00,,0,true,,,,,,,,,,,
tweve_cas_720,SPRINTER,,/api/castilla/720,/api/castilla/720,,https://castillabizz.com/storage/thumbnails/qIySiST9AsnhLNdCQYRoFcWQ53dSNi1W1rP7QAve.jpg,,,,,,,2024-01-01 00:00:00+00,,0,true,,,,,,,,,,,
tweve_cas_721,BANSHEE 1-10,,/api/castilla/721,/api/castilla/721,,https://castillabizz.com/storage/thumbnails/hPvLLK0B8tMYxs84mQoqKk2UwHqdfFdQcS0Z0xfj.jpg,,,,,,,2024-01-01 00:00:00+00,,0,true,,,,,,,,,,,
tweve_cas_722,24 TV SERIES 1-10,,/api/castilla/722,/api/castilla/722,,https://castillabizz.com/storage/thumbnails/U8q6pIKm1jMIzvn1sivoIfkaXToNjgpdhSytO12D.jpg,,,,,,,2024-01-01 00:00:00+00,,0,true,,,,,,,,,,,
tweve_cas_723,24 TV SERIES 11-20,,/api/castilla/723,/api/castilla/723,,https://castillabizz.com/storage/thumbnails/iLDCicLhTVi3owYWQIPh0JW1z42S2jTXxr4Ef1kR.jpg,,,,,,,2024-01-01 00:00:00+00,,0,true,,,,,,,,,,,
tweve_cas_724,SAVASCI S2 1-30,,/api/castilla/724,/api/castilla/724,,https://castillabizz.com/storage/thumbnails/qWI1PWeiTBuVIVwhqJqQ0r08OCgwfSEnNKCc6OJj.jpg,,,,,,,2024-01-01 00:00:00+00,,0,true,,,,,,,,,,,
tweve_cas_725,BANSHEE 11-20,,/api/castilla/725,/api/castilla/725,,https://castillabizz.com/storage/thumbnails/4erzkEHzEbDhGtNMkAr86HMqActmTS9nicREtgMr.jpg,,,,,,,2024-01-01 00:00:00+00,,0,true,,,,,,,,,,,
tweve_cas_726,ICETASTROPHE,,/api/castilla/726,/api/castilla/726,,https://castillabizz.com/storage/thumbnails/gsKjvr8IcFnaFRJnm1nG6TR5uVKHwzGWTFR7NWin.jpg,,,,,,,2024-01-01 00:00:00+00,,0,true,,,,,,,,,,,
tweve_cas_727,COUNTDOWN,,/api/castilla/727,/api/castilla/727,,https://castillabizz.com/storage/thumbnails/62nvb7ezobwsM6HnkfrZwqNOlwXl2pCaRyhI2F6a.jpg,,,,,,,2024-01-01 00:00:00+00,,0,true,,,,,,,,,,,
tweve_cas_728,MERLIN S3,,/api/castilla/728,/api/castilla/728,,https://castillabizz.com/storage/thumbnails/Bzy5WnzSwgMRXCOnbH4u9GKr5LuVj1xwukhEjmvv.jpg,,,,,,,2024-01-01 00:00:00+00,,0,true,,,,,,,,,,,
tweve_cas_729,THE POLYGAMIST KISWAHILI 1-10,,/api/castilla/729,/api/castilla/729,,https://castillabizz.com/storage/thumbnails/u55cdujRXyxKtGFRXouibjqYyoFBLuiSIKWummHN.png,,,,,,,2024-01-01 00:00:00+00,,0,true,,,,,,,,,,,
tweve_cas_73,CANDY LAND,,/api/castilla/73,/api/castilla/73,,https://castillabizz.com/storage/thumbnails/prYA11qJBuS8uPimBguGay7ZCmEms3sOnxtxVSKR.jpg,,,,,,,2024-01-01 00:00:00+00,,0,true,,,,,,,,,,,
tweve_cas_730,THE POLYGAMIST KISWAHILI 11-FINAL,,/api/castilla/730,/api/castilla/730,,https://castillabizz.com/storage/thumbnails/nGozUG6ghWMpgXzovI9Nub9hH9R6VOHf6kFtpdpn.png,,,,,,,2024-01-01 00:00:00+00,,0,true,,,,,,,,,,,
tweve_cas_731,FATAL SEDUCTION S2,,/api/castilla/731,/api/castilla/731,,https://castillabizz.com/storage/thumbnails/09OGy54JiPzzTm4t9Ut3wEcECPZJACqRI0awyxe0.jpg,,,,,,,2024-01-01 00:00:00+00,,0,true,,,,,,,,,,,
tweve_cas_732,"NEW SOZ 6, (31-36)",,/api/castilla/732,/api/castilla/732,,https://castillabizz.com/storage/thumbnails/cj4M5AlMfTolf3GvzIkpeLmtoVTDImpJZZ8wOGO1.jpg,,,,,,,2024-01-01 00:00:00+00,,0,true,,,,,,,,,,,
tweve_cas_733,DEEP WATER,,/api/castilla/733,/api/castilla/733,,https://castillabizz.com/storage/thumbnails/QYPToyl0SOSqx8uh13D2SgepRsQC8330rj4j0E9G.jpg,,,,,,,2024-01-01 00:00:00+00,,0,true,,,,,,,,,,,
tweve_cas_734,BLADES OF THE GUARDIANS,,/api/castilla/734,/api/castilla/734,,https://castillabizz.com/storage/thumbnails/Wo8xOuoI7Kf8ZicwuNU3FjgwaJP1qFxz5ruOfMIA.jpg,,,,,,,2024-01-01 00:00:00+00,,2,true,,,,,,,,,,,
tweve_cas_735,BROTHERS,,/api/castilla/735,/api/castilla/735,,https://castillabizz.com/storage/thumbnails/z6YT3QOzM4yyXBAK4gvS43hoUdIo8hF7zDijGXUf.jpg,,,,,,,2024-01-01 00:00:00+00,,0,true,,,,,,,,,,,
tweve_cas_736,OFFICE ROMANCE,,/api/castilla/736,/api/castilla/736,,https://castillabizz.com/storage/thumbnails/yfP7CBLKZiY03PhyqPPFKm9V9YaZ6zTPCbG1sfWU.jpg,,,,,,,2024-01-01 00:00:00+00,,0,true,,,,,,,,,,,
tweve_cas_737,WELCOME TO WAIKIKI 1-20,,/api/castilla/737,/api/castilla/737,,https://castillabizz.com/storage/thumbnails/rEuufWuknEauh0Ib5coiHVvbpG5gnOEjb5RFD5TS.png,,,,,,,2024-01-01 00:00:00+00,,0,true,,,,,,,,,,,
tweve_cas_738,KATE,,/api/castilla/738,/api/castilla/738,,https://castillabizz.com/storage/thumbnails/7WBNkCXD5skkX37aW2u3u8xL8eAxICx6Zy2J0mB2.jpg,,,,,,,2024-01-01 00:00:00+00,,0,true,,,,,,,,,,,
tweve_cas_739,KAFIR,,/api/castilla/739,/api/castilla/739,,https://castillabizz.com/storage/thumbnails/N2IKDZnZqCOar9bzc9HkjSXkydMXRsB3IA7fc1MY.jpg,,,,,,,2024-01-01 00:00:00+00,,0,true,,,,,,,,,,,
tweve_cas_74,LAST SHIP 1-10,,/api/castilla/74,/api/castilla/74,,https://castillabizz.com/storage/thumbnails/dNVk2nO83G3VUawipzcSKJ5FnnhLiYN6sPYxipsj.jpg,,,,,,,2024-01-01 00:00:00+00,,0,true,,,,,,,,,,,
tweve_cas_740,CHUM,,/api/castilla/740,/api/castilla/740,,https://castillabizz.com/storage/thumbnails/mFiHHFIJ3calDFiGDeYAPMGOyptagz5GAi8DpsIQ.jpg,,,,,,,2024-01-01 00:00:00+00,,0,true,,,,,,,,,,,
tweve_cas_741,THE RETURN OF ILJIMAE 1-12,,/api/castilla/741,/api/castilla/741,,https://castillabizz.com/storage/thumbnails/u9fugRRAvd8lud0yOFqph0FUSKl5JzQ9hFGO5Ooy.jpg,,,,,,,2024-01-01 00:00:00+00,,0,true,,,,,,,,,,,
tweve_cas_742,CAPTAIN AMERICA BRAVE NEW WORLD,,/api/castilla/742,/api/castilla/742,,https://castillabizz.com/storage/thumbnails/UzEDAmkkGGabR7wkKn8BniFUA22x8fJ3YFZnn7XQ.webp,,,,,,,2024-01-01 00:00:00+00,,0,true,,,,,,,,,,,
tweve_cas_743,24 TV SERIES 21-30,,/api/castilla/743,/api/castilla/743,,https://castillabizz.com/storage/thumbnails/Iap7eClwO11JIFqpI9jHamBUFKhoS7En6kBhtOLd.jpg,,,,,,,2024-01-01 00:00:00+00,,0,true,,,,,,,,,,,
tweve_cas_744,THE RETURN OF ILJIMAE 13-24FINAL,,/api/castilla/744,/api/castilla/744,,https://castillabizz.com/storage/thumbnails/wzs3iWM4SZ0ut1xkxpYjWFSjZ1qPRWyCRUx74RUD.jpg,,,,,,,2024-01-01 00:00:00+00,,0,true,,,,,,,,,,,
tweve_cas_745,TEACH YOU A LESSON,,/api/castilla/745,/api/castilla/745,,https://castillabizz.com/storage/thumbnails/P0ypegWHQbPScsGRAkWINWnCNnp4zTC5H6nuCXIg.jpg,,,,,,,2024-01-01 00:00:00+00,,0,true,,,,,,,,,,,
tweve_cas_746,"SAVASCI S2, 31-60",,/api/castilla/746,/api/castilla/746,,https://castillabizz.com/storage/thumbnails/TpgLYgJTk4mYUcSEsbLWiTMOo8pSF1ObXtdBICUd.jpg,,,,,,,2024-01-01 00:00:00+00,,0,true,,,,,,,,,,,
tweve_cas_747,BON APPETIT YOUR MAJESTY 1-20,,/api/castilla/747,/api/castilla/747,,https://castillabizz.com/storage/thumbnails/LHSHT7DpbpSkPDDwI7LaYSqxUuwnGIOxV2JqrQn9.jpg,,,,,,,2024-01-01 00:00:00+00,,0,true,,,,,,,,,,,
tweve_cas_748,SONG OF ASSASSINS,,/api/castilla/748,/api/castilla/748,,https://castillabizz.com/storage/thumbnails/IwqBGlllAfAwWEvlHqknTRALUChozjbZbNVjYJ6L.jpg,,,,,,,2024-01-01 00:00:00+00,,0,true,,,,,,,,,,,
tweve_cas_749,14 BLADES,,/api/castilla/749,/api/castilla/749,,https://castillabizz.com/storage/thumbnails/q4u5zD1IhOzZAzJXIhemKec6qUlOmsNe7ZB69Jf8.jpg,,,,,,,2024-01-01 00:00:00+00,,0,true,,,,,,,,,,,
tweve_cas_75,VANTAGE POINT,,/api/castilla/75,/api/castilla/75,,https://castillabizz.com/storage/thumbnails/D6tdVgA1BZrExlFzqvFDzcWFGVQNCuY9lh9GXg8i.jpg,,,,,,,2024-01-01 00:00:00+00,,0,true,,,,,,,,,,,
tweve_cas_750,BLOOD SISTERS,,/api/castilla/750,/api/castilla/750,,https://castillabizz.com/storage/thumbnails/bN3m29QDuZBqmG8lmNqDVXXFPbrbqk5jjLtD7aZG.jpg,,,,,,,2024-01-01 00:00:00+00,,0,true,,,,,,,,,,,
tweve_cas_751,SEVEN SNIPERS,,/api/castilla/751,/api/castilla/751,,https://castillabizz.com/storage/thumbnails/gO84yXEY5gYdLkFwOakwZLQEyZXJdEP4SzljCNfQ.jpg,,,,,,,2024-01-01 00:00:00+00,,0,true,,,,,,,,,,,
tweve_cas_752,ON THE HUNT,,/api/castilla/752,/api/castilla/752,,https://castillabizz.com/storage/thumbnails/FhUUWbd7x5IInXRc2gIw1T0NIphZLxrZB2XDriOv.jpg,,,,,,,2024-01-01 00:00:00+00,,0,true,,,,,,,,,,,
tweve_cas_753,NIE XIAOQIAN,,/api/castilla/753,/api/castilla/753,,https://castillabizz.com/storage/thumbnails/9zl6OIVm3mGOUgnVyGhCE5sQhxnSkw0peRttWCKT.jpg,,,,,,,2024-01-01 00:00:00+00,,0,true,,,,,,,,,,,
tweve_cas_754,THE BLACKLIST 81-100,,/api/castilla/754,/api/castilla/754,,https://castillabizz.com/storage/thumbnails/V2DXNLzbJ9IxhPULiA13XuXXXWlakuZNQQPwchNA.jpg,,,,,,,2024-01-01 00:00:00+00,,0,true,,,,,,,,,,,
tweve_cas_755,THE BLACKLIST 101-120,,/api/castilla/755,/api/castilla/755,,https://castillabizz.com/storage/thumbnails/sqrEbrf9OLeUw4zXaW301IWhIzb6LKSZXHVhDooX.jpg,,,,,,,2024-01-01 00:00:00+00,,0,true,,,,,,,,,,,
tweve_cas_756,THE BLACKLIST 121-150FINAL,,/api/castilla/756,/api/castilla/756,,https://castillabizz.com/storage/thumbnails/dxtwNOwsqhPpBmyW3ovRHj98aLiCXEocpasa1kxU.jpg,,,,,,,2024-01-01 00:00:00+00,,0,true,,,,,,,,,,,
tweve_cas_757,LIGHTS OUT,,/api/castilla/757,/api/castilla/757,,https://castillabizz.com/storage/thumbnails/HJpCMpUesruYvxmSOkrGeeYX6aTgn4l6bvWHqdlB.jpg,,,,,,,2024-01-01 00:00:00+00,,0,true,,,,,,,,,,,
tweve_cas_758,BON APPETIT 21-50,,/api/castilla/758,/api/castilla/758,,https://castillabizz.com/storage/thumbnails/Qc5viIMIjbeHNO2lmaf1CfT0jNQHc1CRGhXnaL80.jpg,,,,,,,2024-01-01 00:00:00+00,,0,true,,,,,,,,,,,
tweve_cas_759,BON APPETIT 51-70FINAL,,/api/castilla/759,/api/castilla/759,,https://castillabizz.com/storage/thumbnails/PJETpmYnnZRBhGR6vZP0xdLQVp0eyNdKoPpnhJRC.jpg,,,,,,,2024-01-01 00:00:00+00,,0,true,,,,,,,,,,,
tweve_cas_76,BODYGUARD,,/api/castilla/76,/api/castilla/76,,https://castillabizz.com/storage/thumbnails/kXYAPLxU5qCt6aWV0r4wdHtOxbmNijETkCiqHjir.jpg,,,,,,,2024-01-01 00:00:00+00,,0,true,,,,,,,,,,,
tweve_cas_760,MOONSHINE 61-74 FINAL,,/api/castilla/760,/api/castilla/760,,https://castillabizz.com/storage/thumbnails/rhsvjsVWxHG1UMGHURafneCZXV8jWcCyFVqZuDcU.jpg,,,,,,,2024-01-01 00:00:00+00,,0,true,,,,,,,,,,,
tweve_cas_761,SIGNAL 1-10,,/api/castilla/761,/api/castilla/761,,https://castillabizz.com/storage/thumbnails/JoQJ1fcELlz3p8VbttRrk7eUWRmwR7nlhFnsBo9e.jpg,,,,,,,2024-01-01 00:00:00+00,,0,true,,,,,,,,,,,
tweve_cas_762,SIGNAL 11-20FINAL,,/api/castilla/762,/api/castilla/762,,https://castillabizz.com/storage/thumbnails/b14TPpQtYajBGfCfIAOb0FkNWO4nnE6sW7krW0mL.jpg,,,,,,,2024-01-01 00:00:00+00,,0,true,,,,,,,,,,,
tweve_cas_763,KOREA SECRET AGENCY,,/api/castilla/763,/api/castilla/763,,https://castillabizz.com/storage/thumbnails/6ZSZo5sh1jGxQtCakbtPdMisOXl9JABhq1oEE1kd.webp,,,,,,,2024-01-01 00:00:00+00,,1,true,,,,,,,,,,,
tweve_cas_764,WOMAN OF 9.9 BILLION,,/api/castilla/764,/api/castilla/764,,https://castillabizz.com/storage/thumbnails/xwcO52ZUzm93klb0AvMpBjxNOcMn5FphAukTUwn8.jpg,,,,,,,2024-01-01 00:00:00+00,,0,true,,,,,,,,,,,
tweve_cas_765,MERLIN S4,,/api/castilla/765,/api/castilla/765,,https://castillabizz.com/storage/thumbnails/XnIpzA6iYZuEZFKbrie5DRQf9maH69zuGDeoqJkJ.jpg,,,,,,,2024-01-01 00:00:00+00,,0,true,,,,,,,,,,,
tweve_cas_766,MERLIN S5,,/api/castilla/766,/api/castilla/766,,https://castillabizz.com/storage/thumbnails/0cFRKbsk5Hem7fGPOGGy4uWWhWJrqeJbUB1xwtRA.jpg,,,,,,,2024-01-01 00:00:00+00,,0,true,,,,,,,,,,,
tweve_cas_767,TRAIN TO BUSAN,,/api/castilla/767,/api/castilla/767,,https://castillabizz.com/storage/thumbnails/MkFhqnFha1qvWOFKdHl6DWoA9nhpwEeaXuQD9T6e.jpg,,,,,,,2024-01-01 00:00:00+00,,1,true,,,,,,,,,,,
tweve_cas_769,BAAGHI PART 1,,/api/castilla/769,/api/castilla/769,,https://castillabizz.com/storage/thumbnails/37lTUeEojxUriRWTgREHOBJAXXGoSIUY8vEOqTnu.jpg,,,,,,,2024-01-01 00:00:00+00,,0,true,,,,,,,,,,,
tweve_cas_77,JOSEON SURVIVAL,,/api/castilla/77,/api/castilla/77,,https://castillabizz.com/storage/thumbnails/bKJnkknTTQFYpYUaKRlNMRVP2jO2WRUl8YcjpWqs.jpg,,,,,,,2024-01-01 00:00:00+00,,0,true,,,,,,,,,,,
tweve_cas_770,BAAGHI PART 2,,/api/castilla/770,/api/castilla/770,,https://castillabizz.com/storage/thumbnails/SLcWxuS4QcEhs0wBxpFXtTiK0IUuoJiSh5wdMBxp.jpg,,,,,,,2024-01-01 00:00:00+00,,0,true,,,,,,,,,,,
tweve_cas_771,BAAGHI 3,,/api/castilla/771,/api/castilla/771,,https://castillabizz.com/storage/thumbnails/WCmjXYVYt1ImCar6K4dEa4oMkv8DRwbP6UT3FtwL.jpg,,,,,,,2024-01-01 00:00:00+00,,1,true,,,,,,,,,,,
tweve_cas_772,BAAGHI 4,,/api/castilla/772,/api/castilla/772,,https://castillabizz.com/storage/thumbnails/7VBmpXCJL6pSSuJwyTJNQ00AcEGwFg107fhyuQRb.jpg,,,,,,,2024-01-01 00:00:00+00,,0,true,,,,,,,,,,,
tweve_cas_773,UNBENDING MR FUNG,,/api/castilla/773,/api/castilla/773,,https://castillabizz.com/storage/thumbnails/hY5pMWcS7XDoT0OQrCuRhuxWm0aZF6ZQINkID7SY.jpg,,,,,,,2024-01-01 00:00:00+00,,0,true,,,,,,,,,,,
tweve_cas_774,THE REBEL 1-10,,/api/castilla/774,/api/castilla/774,,https://castillabizz.com/storage/thumbnails/hyq6UnpDJzvj3lMaD5IR89r2U7mcrciTwlealDZS.jpg,,,,,,,2024-01-01 00:00:00+00,,0,true,,,,,,,,,,,
tweve_cas_775,THE REBEL 11-20,,/api/castilla/775,/api/castilla/775,,https://castillabizz.com/storage/thumbnails/fnWTVlt2JXuPkoNQjTtmA84BHHosthDuGSUjAcVu.jpg,,,,,,,2024-01-01 00:00:00+00,,0,true,,,,,,,,,,,
tweve_cas_776,THE REBEL 21-30 FINAL,,/api/castilla/776,/api/castilla/776,,https://castillabizz.com/storage/thumbnails/U3d24UE9v4FIto9GChzjMom3bbd4eFga6hiaaADq.jpg,,,,,,,2024-01-01 00:00:00+00,,0,true,,,,,,,,,,,
tweve_cas_777,DAGGER MASTER 1-34FINAL,,/api/castilla/777,/api/castilla/777,,https://castillabizz.com/storage/thumbnails/5E8EpfQTOH0C1xO228hab4xznkLY0Uj5ushY2Dct.jpg,,,,,,,2024-01-01 00:00:00+00,,0,true,,,,,,,,,,,
tweve_cas_778,FINAL DESTINATION PART 1-4,,/api/castilla/778,/api/castilla/778,,https://castillabizz.com/storage/thumbnails/47bj6elgG8T41IWSSSLhe4vEiq7MLBkPeUuII87C.jpg,,,,,,,2024-01-01 00:00:00+00,,0,true,,,,,,,,,,,
tweve_cas_779,THE BOURNE IDENTITY,,/api/castilla/779,/api/castilla/779,,https://castillabizz.com/storage/thumbnails/lFLedxPGMLRTw0qtlSLBmBvXCKYGyXA3y9oiDwj2.jpg,,,,,,,2024-01-01 00:00:00+00,,0,true,,,,,,,,,,,
tweve_cas_78,EAST OF EDEN 11-20,,/api/castilla/78,/api/castilla/78,,https://castillabizz.com/storage/thumbnails/hFrh5KEsTwr31cNFiIE4woOe09H1mmcVzCQAClmN.webp,,,,,,,2024-01-01 00:00:00+00,,0,true,,,,,,,,,,,
tweve_cas_780,THE BOURNE SUPREMACY,,/api/castilla/780,/api/castilla/780,,https://castillabizz.com/storage/thumbnails/DTNx6CW7kBcv5Tkuono0USJPzdBweG1hwz0WRjUX.webp,,,,,,,2024-01-01 00:00:00+00,,0,true,,,,,,,,,,,
tweve_cas_781,THE BOURNE ULTIMATUM,,/api/castilla/781,/api/castilla/781,,https://castillabizz.com/storage/thumbnails/fvFVbTnhGK1UUDxandapW8204sckCA1yfxesZ12N.jpg,,,,,,,2024-01-01 00:00:00+00,,0,true,,,,,,,,,,,
tweve_cas_782,JASON BOURNE,,/api/castilla/782,/api/castilla/782,,https://castillabizz.com/storage/thumbnails/bVB9iWk1o9580z4d0uDHaM5PsZ5lvIgeen1Qsbp8.jpg,,,,,,,2024-01-01 00:00:00+00,,0,true,,,,,,,,,,,
tweve_cas_783,JASON BOURNE,,/api/castilla/783,/api/castilla/783,,https://castillabizz.com/storage/thumbnails/G7BOGAJSABEjAxbhZpDE1neINQ8xQU8QagGcmYGL.jpg,,,,,,,2024-01-01 00:00:00+00,,0,true,,,,,,,,,,,
tweve_cas_784,SIX HOURS AWAY,,/api/castilla/784,/api/castilla/784,,https://castillabizz.com/storage/thumbnails/HBgkon9OgP5IW93Yyneuhe8NyLyN7Bt1hfJtjIPh.jpg,,,,,,,2024-01-01 00:00:00+00,,0,true,,,,,,,,,,,
tweve_cas_785,FURIOUS,,/api/castilla/785,/api/castilla/785,,https://castillabizz.com/storage/thumbnails/3DhyybaPCruZSgSsrkzZEBIzm58V7dbAHzchqYHv.jpg,,,,,,,2024-01-01 00:00:00+00,,0,true,,,,,,,,,,,
tweve_cas_80,SHOOT EM UP,,/api/castilla/80,/api/castilla/80,,https://castillabizz.com/storage/thumbnails/uQYW1NvUTZ7LAe1mr79OhWxWVHpJTYqao9pvqIZq.jpg,,,,,,,2024-01-01 00:00:00+00,,1,true,,,,,,,,,,,
tweve_cas_81,KNOCK KNOCK,,/api/castilla/81,/api/castilla/81,,https://castillabizz.com/storage/thumbnails/u9s4O0HNsumc4UE3yVn1A6GynDqGxlntSP0rg9jn.jpg,,,,,,,2024-01-01 00:00:00+00,,0,true,,,,,,,,,,,
tweve_cas_82,LAST SHIP 11-20,,/api/castilla/82,/api/castilla/82,,https://castillabizz.com/storage/thumbnails/BeMzqEsj1zUhP2I4bAcjrJVHoT5quoYfSYsa0uEo.jpg,,,,,,,2024-01-01 00:00:00+00,,0,true,,,,,,,,,,,
tweve_cas_83,INNOCENT DEFENDANT 1-10,,/api/castilla/83,/api/castilla/83,,https://castillabizz.com/storage/thumbnails/USRYA6LTPwS6IBD5IIMRDdiX9ntZGuZGrNYzxOYW.jpg,,,,,,,2024-01-01 00:00:00+00,,0,true,,,,,,,,,,,
tweve_cas_84,FAMILY PLAN,,/api/castilla/84,/api/castilla/84,,https://castillabizz.com/storage/thumbnails/XJu6zxeW37gKOgLCckgezH3maVF6l1DIFejj5ma6.jpg,,,,,,,2024-01-01 00:00:00+00,,0,true,,,,,,,,,,,
tweve_cas_85,WAGES OF FEAR,,/api/castilla/85,/api/castilla/85,,https://castillabizz.com/storage/thumbnails/qcqfliVRGDwh1foMuhiHHZaG4saa5lQBZfSmkFO4.jpg,,,,,,,2024-01-01 00:00:00+00,,0,true,,,,,,,,,,,
tweve_cas_86,THE VEIL,,/api/castilla/86,/api/castilla/86,,https://castillabizz.com/storage/thumbnails/bzIdRl7TqbkhB9NhMH1Jysc0ElsvfYPJNRZdWEXe.jpg,,,,,,,2024-01-01 00:00:00+00,,0,true,,,,,,,,,,,
tweve_cas_87,AMISTAD,,/api/castilla/87,/api/castilla/87,,https://castillabizz.com/storage/thumbnails/eEBvYw1iPhLnrQYPv43QLFJrztYs95IOMGNcvfUP.jpg,,,,,,,2024-01-01 00:00:00+00,,0,true,,,,,,,,,,,
tweve_cas_89,GREEN MILE,,/api/castilla/89,/api/castilla/89,,https://castillabizz.com/storage/thumbnails/DEEar4EKoRntrov1yB078f3DPdpJN7zoO8v1BMwK.jpg,,,,,,,2024-01-01 00:00:00+00,,0,true,,,,,,,,,,,
tweve_cas_90,SPARTACUS HOUSE OF ASHUR 1-5,,/api/castilla/90,/api/castilla/90,,https://castillabizz.com/storage/thumbnails/kwksKpzp8TGlkLDYtEfcfVflO4S5nkbi7jEakt5I.jpg,,,,,,,2024-01-01 00:00:00+00,,0,true,,,,,,,,,,,
tweve_cas_91,SPARTACUS.HOUSE.OF.ASHUR  6-10 FINAL,,/api/castilla/91,/api/castilla/91,,https://castillabizz.com/storage/thumbnails/0o9KVRMDNjpYmuleKjjv5SndkHUKSemIUkTjfLLz.jpg,,,,,,,2024-01-01 00:00:00+00,,0,true,,,,,,,,,,,
tweve_cas_92,LAST SHIP 21-30,,/api/castilla/92,/api/castilla/92,,https://castillabizz.com/storage/thumbnails/a1rQT5aq0OPVbWYhHYvKFGFvuYVjkTRbB2oqwH7W.jpg,,,,,,,2024-01-01 00:00:00+00,,0,true,,,,,,,,,,,
tweve_cas_93,EAST OF EDEN 21-30,,/api/castilla/93,/api/castilla/93,,https://castillabizz.com/storage/thumbnails/UY8me8r5Do09xbK0qwW39pKU1aBsiwxu2tuQWVJ7.webp,,,,,,,2024-01-01 00:00:00+00,,0,true,,,,,,,,,,,
tweve_cas_95,DUNGEONS AND DRAGON,,/api/castilla/95,/api/castilla/95,,https://castillabizz.com/storage/thumbnails/QIMIn3piwU41THmtVwz30qnrnHcLjadhK2kX3lem.jpg,,,,,,,2024-01-01 00:00:00+00,,0,true,,,,,,,,,,,
tweve_cas_96,US INTELLIGENCE,,/api/castilla/96,/api/castilla/96,,https://castillabizz.com/storage/thumbnails/tbjnf6BlJQJ4dbutAl16RdEksrBq00ZJspbRyt25.jpg,,,,,,,2024-01-01 00:00:00+00,,0,true,,,,,,,,,,,
tweve_cas_99,CONDOR,,/api/castilla/99,/api/castilla/99,,https://castillabizz.com/storage/thumbnails/lCprBNxzovFIyFDd8UvAmBZGX9fEL566JdM7ZK1W.jpg,,,,,,,2024-01-01 00:00:00+00,,0,true,,,,,,,,,,,
tweve_ch_movie_10,Dayo,Mcheza dansi wa klabu anaacha kila kitu na kuanza maisha mapya mahali ambapo hakuna anayemfahamu. Lakini inaonekana tamaa na vishawishi vinamfuata kila mahali anapoenda.,/api/sp-stream?url=https%3A%2F%2Fvz-6aac71b9-360.b-cdn.net%2F7b8a1b88-b6c6-413a-8dd3-b5668cdce9ff%2Fplay_360p.mp4&ref=chimbotamu,,,https://m.media-amazon.com/images/M/MV5BNjJlN2Q2ZWUtYThmNC00Mzk0LTkzNDYtYzg5NTc3YzI1YTRmXkEyXkFqcGc@._V1_FMjpg_UX1000_.jpg,,,,,,,2024-01-01 00:00:00+00,,0,true,,,,,,,,,,,
tweve_ch_movie_11,Desire,"Lucía na Ofelia, dada wawili, hatimaye wanakutana tena baada ya miaka 7 kwenye harusi ya Lucía. Lakini Juan, mume wa Lucía, na Ofelia wanapokutana, wanahisi kana kwamba ndoto ya kuvuruga imevamia akili na miili yao.",/api/sp-stream?url=https%3A%2F%2Fvz-6aac71b9-360.b-cdn.net%2F079c3484-f906-44f4-a2e6-af764a4074ad%2Fplay_360p.mp4&ref=chimbotamu,,,https://images.justwatch.com/poster/251791206/s718/desire-2017.jpg,,,,,,,2024-01-01 00:00:00+00,,0,true,,,,,,,,,,,
tweve_ch_movie_12,Nude with Guns,"Mtawa wa kike aliyeachwa akidhaniwa amekufa na kulazimishwa kuingia kwenye ukahaba anaingia kwenye safari ya kulipiza kisasi yenye mauti, akijiona anatenda kazi ya Mungu kwa kuwaadhibu wenye dhambi katika vita yake binafsi ya haki.",/api/sp-stream?url=https%3A%2F%2Fvz-6aac71b9-360.b-cdn.net%2Fba7bb33a-1df4-40c6-bc1b-c94ca1d30d30%2Fplay_360p.mp4&ref=chimbotamu,,,https://m.media-amazon.com/images/M/MV5BMjEyNzMzMTUzNl5BMl5BanBnXkFtZTcwMTUyNDMyNA@@._V1_.jpg,,,,,,,2024-01-01 00:00:00+00,,0,true,,,,,,,,,,,
tweve_ch_movie_13,Polar,Sex,/api/sp-stream?url=https%3A%2F%2Fvz-6aac71b9-360.b-cdn.net%2F2b6a1d11-84a8-43e8-b966-4ba4df9e0d0a%2Fplay_360p.mp4&ref=chimbotamu,,,https://www.tvguide.com/a/img/resize/7a7a8675713338635e2067c3414ae8ced596acbe/catalog/provider/2/13/2-53002de021e8a786dd4954c2f5bc17dc.jpg?auto=webp&fit=crop&height=300&width=200,,,,,,,2024-01-01 00:00:00+00,,0,true,,,,,,,,,,,
tweve_ch_movie_14,Sex Fury,"Wakati wa enzi ya Meiji, mcheza kamari aitwaye Ochô analipiza kisasi dhidi ya viongozi watatu waliomuua baba yake, anamficha mwanamapinduzi anayesakwa na mamlaka, na anakutana na mwanamke mrembo lakini hatari kutoka Uingereza.",/api/sp-stream?url=https%3A%2F%2Fvz-6aac71b9-360.b-cdn.net%2F92a87437-0333-4432-8d19-31d75a5198d3%2Fplay_360p.mp4&ref=chimbotamu,,,https://m.media-amazon.com/images/M/MV5BYTA0MGJhNjMtMDQ2MC00NDBlLWJiYTAtMTYwNmM3Njc5NWI5XkEyXkFqcGc@._V1_.jpg,,,,,,,2024-01-01 00:00:00+00,,1,true,,,,,,,,,,,
tweve_ch_movie_15,Boy Bastos,Felix ni kijana mwenye tamaa nyingi ambaye anakutana na mwanamke mwenye mvuto mkubwa atakayeishi nyumbani kwake na kumfundisha masuala ya mapenzi na mahusiano.,/api/sp-stream?url=https%3A%2F%2Fvz-6aac71b9-360.b-cdn.net%2F43224686-6a5a-43ac-a846-6caea94b43a7%2Fplay_360p.mp4&ref=chimbotamu,,,https://m.media-amazon.com/images/M/MV5BMDI3OGJlOWUtNDhhZS00MjRiLTkyYWQtN2Q5ODAyZGNmYjJmXkEyXkFqcGc@._V1_FMjpg_UX1000_.jpg,,,,,,,2024-01-01 00:00:00+00,,0,true,,,,,,,,,,,
tweve_ch_movie_16,Sisid Marino,"Wanandoa walioko kwenye ndoa wanaingia kwenye huzuni kubwa baada ya kifo cha mtoto wao. Wanageukia ngono kama njia ya kukabiliana na maumivu yao, lakini umasikini unaanza kuwaathiri vibaya.",/api/sp-stream?url=https%3A%2F%2Fvz-6aac71b9-360.b-cdn.net%2Fb090c307-9864-4d04-ab6c-403c39a49ade%2Fplay_360p.mp4&ref=chimbotamu,,,https://m.media-amazon.com/images/M/MV5BOGZjOGMwZGYtYTJlNy00OTQzLTkwZGMtMTEwMDdkMjQ4MmEzXkEyXkFqcGc@._V1_FMjpg_UX1000_.jpg,,,,,,,2024-01-01 00:00:00+00,,0,true,,,,,,,,,,,
tweve_ch_movie_17,Top 1,"Azi na Dex wote wanapigania kuwa mwanafunzi bora wa darasa lao, lakini Dex huwa nyuma ya Azi kila mara. Kisha Dex anapanga kumfanya Azi ampende ili apoteze umakini wake, lakini mpango wake unageuka kuwa upanga wenye makali kuwili.",/api/sp-stream?url=https%3A%2F%2Fvz-6aac71b9-360.b-cdn.net%2F2b11ac6f-84e3-4614-9add-2cc4e6536687%2Fplay_360p.mp4&ref=chimbotamu,,,https://images.plex.tv/photo?size=large-1280&url=https%3A%2F%2Fimage.tmdb.org%2Ft%2Fp%2Foriginal%2FaD3ObNzCfNH5WHXzmJXkXA7MRPP.jpg,,,,,,,2024-01-01 00:00:00+00,,0,true,,,,,,,,,,,
tweve_ch_movie_18,Panibugho,"Hadithi kuhusu dada watatu na mwanaume mmoja. Imewekwa mwishoni mwa miaka ya 90, ambapo simulizi ya mapenzi, chuki na wivu inaanza kujitokeza baada ya mgeni kuingia ghafla katika maisha ya dada hao watatu.",/api/sp-stream?url=https%3A%2F%2Fvz-6aac71b9-360.b-cdn.net%2F45a8f3c4-011a-4a9c-bb0e-cf45f0c1a46b%2Fplay_360p.mp4&ref=chimbotamu,,,https://m.media-amazon.com/images/M/MV5BZWQ2YmZmZWEtMDVhNC00N2QyLWI1ZmQtM2M1YzhhMGVmMWE4XkEyXkFqcGc@._V1_.jpg,,,,,,,2024-01-01 00:00:00+00,,0,true,,,,,,,,,,,
tweve_ch_movie_19,Breath Again,Mahusiano ya miaka saba ya wanandoa yanawekwa kwenye mtihani wanapojikuta wakivutiwa kutimiza tamaa zao za ndani kabisa za kimapenzi.,/api/sp-stream?url=https%3A%2F%2Fvz-6aac71b9-360.b-cdn.net%2Fc1d79fc7-c97a-4899-bef9-f0c0278ba314%2Fplay_360p.mp4&ref=chimbotamu,,,https://m.media-amazon.com/images/M/MV5BMWY3NTIwNWMtYTVhYy00YmE0LWJmMTQtNWVlZDViNTUwMjhlXkEyXkFqcGc@._V1_.jpg,,,,,,,2024-01-01 00:00:00+00,,0,true,,,,,,,,,,,
tweve_ch_movie_20,TL,"Brenda, wakala bora katika kampuni ya BPO, huwa anapuuzwa kila mara linapokuja suala la kupandishwa cheo. Lakini safari hii ni tofauti, kwani anakuwa karibu sana kimapenzi na kiongozi wake wa timu. Je, nafasi aliyokuwa akiisubiri kwa muda mrefu sasa iko karibu? Au amejiingiza tu kwenye hali mbaya zaidi?",/api/sp-stream?url=https%3A%2F%2Fvz-6aac71b9-360.b-cdn.net%2F3187d541-4cb8-4b1e-a31d-5f8a9839a6b8%2Fplay_360p.mp4&ref=chimbotamu,,,https://m.media-amazon.com/images/M/MV5BNTg1MDlkMTYtNGVmNC00YzViLWIyYTQtODQwZDc2ZDY0YWEwXkEyXkFqcGc@._V1_.jpg,,,,,,,2024-01-01 00:00:00+00,,0,true,,,,,,,,,,,
tweve_ch_movie_21,Selina's Gold,"Baba wa Selina anamuuza Tiago ambaye anamfanya kuwa mtumwa wa ngono. Kwa msaada wa Domeng, mtumwa kipofu wa Tiago, Selina anapanga njia ya kutoroka katika kuzimu hii",/api/sp-stream?url=https%3A%2F%2Fvz-6aac71b9-360.b-cdn.net%2F0296cc09-8023-4f4c-825b-8019c907526b%2Fplay_360p.mp4&ref=chimbotamu,,,https://m.media-amazon.com/images/M/MV5BY2EyMTgwZTItZWQzOS00NWU5LTk5ZDItYTEyMzhjNzUzYzJhXkEyXkFqcGc@._V1_.jpg,,,,,,,2024-01-01 00:00:00+00,,0,true,,,,,,,,,,,
tweve_ch_movie_22,Check In,"Wapokezi wawili katika moteli ya bei nafuu. Utaratibu wao wa utulivu huongezeka na kuwasili kwa mgeni wa kawaida wa ajabu ambaye anaanza kuzua mvutano, hamu na migogoro katika uhusiano wao dhaifu.",/api/sp-stream?url=https%3A%2F%2Fvz-6aac71b9-360.b-cdn.net%2Fad2cbd5b-89e6-48c6-8a1f-23e1691d9ecb%2Fplay_480p.mp4&ref=chimbotamu,,,https://m.media-amazon.com/images/M/MV5BZTc4N2ExYmQtYzVlOC00ZjRjLTk2NWEtZjkxMzRlZjI0YzIzXkEyXkFqcGc@._V1_.jpg,,,,,,,2024-01-01 00:00:00+00,,0,true,,,,,,,,,,,
tweve_ch_movie_23,Sulutan,"Mara anapogundua usaliti wa bwana harusi wake, anamweleza Lena, rafiki mpya. Uhusiano wao unaongezeka katika tamaa, wakihatarisha kazi zao na kuharibu maisha na matokeo hatari.",/api/sp-stream?url=https%3A%2F%2Fvz-6aac71b9-360.b-cdn.net%2Febf4ad1d-4a04-4a83-abf0-9cfe7e62f788%2Fplay_360p.mp4&ref=chimbotamu,,,https://image.tmdb.org/t/p/w500/kd11696ab32WhHUeq5ZkWi9k09Y.jpg,,,,,,,2024-01-01 00:00:00+00,,0,true,,,,,,,,,,,
tweve_ch_movie_7,Fatale,"Baada ya usiku mmoja na mwanamke, mwanaume mmoja aliyefanikiwa na aliyeoa anajikuta ameingizwa katika uchunguzi mpya wa upelelezi wa polisi mwerevu.",/api/sp-stream?url=https%3A%2F%2Fvz-6aac71b9-360.b-cdn.net%2F9124f8cf-5fed-474e-a95f-979759f8da17%2Fplay_360p.mp4&ref=chimbotamu,,,https://m.media-amazon.com/images/M/MV5BYTQ4OTQyMGYtODc0Yy00MzcwLTkzOWQtNjNmNDIxN2QxODk4XkEyXkFqcGc@._V1_.jpg,,,,,,,2024-01-01 00:00:00+00,,0,true,,,,,,,,,,,
tweve_ch_movie_8,Knock Knock,"Mume na baba mwenye upendo anawasaidia wasichana wawili vijana waliokwama baada ya kubisha hodi mlangoni kwake, lakini wema wake unageuka kuwa kishawishi hatari na mchezo wa paka na panya wenye matokeo mabaya.",/api/sp-stream?url=https%3A%2F%2Fvz-6aac71b9-360.b-cdn.net%2F9f42ef4a-6450-4bf3-8d2a-91cec265fab9%2Fplay_360p.mp4&ref=chimbotamu,,,https://m.media-amazon.com/images/M/MV5BMzc4YmQ5ODktZmY3Zi00NzE4LWEzMzUtOWI4NzNiODAyYjk0XkEyXkFqcGc@._V1_.jpg,,,,,,,2024-01-01 00:00:00+00,,0,true,,,,,,,,,,,
tweve_ch_movie_9,Cheaters,"Wageni wawili wasiofahamiana wanakutana na kujikuta wakiwa na mvuto mkubwa wa kimapenzi kati yao, lakini baadaye wanagundua kuwa wote wawili tayari wako kwenye mahusiano na watu wengine. Je, wanawezaje kudumisha uhusiano ulioanza kwa ngono na usaliti?",/api/sp-stream?url=https%3A%2F%2Fvz-6aac71b9-360.b-cdn.net%2F984c6adb-7d22-40cc-8450-c52524457a71%2Fplay_360p.mp4&ref=chimbotamu,,,"https://m.media-amazon.com/images/M/MV5BYTE0ZDc3ZmQtMzc2MS00MGY4LWJjNTQtMmNlOGU3NzI1ZmEyXkEyXkFqcGc@._V1_QL75_UX190_CR0,2,190,281_.jpg",,,,,,,2024-01-01 00:00:00+00,,0,true,,,,,,,,,,,
tweve_fum_1001,Dead Shot by Vj Junior,"In the 1970s, a member of the IRA takes over an Active Service Unit in London after his wife is […]",https://jtzmag.com/movies1/DEAD_SHOT_JR.mp4,https://jtzmag.com/movies1/DEAD_SHOT_JR.mp4,,https://fumhub.com/wp-content/uploads/2026/03/oLMzL9cpBBnkMGF8j4Z5Dbi2Z5u.jpg,,,,,,,2024-01-01 00:00:00+00,,0,true,,,,,,,,,,,
tweve_fum_1004,4 Minute Mile by Vj Junior,A teenager overcomes odds to run a 4-minute mile race.,https://jtzmag.com/movies1/4_MINUTE_MILE_JR.mp4,https://jtzmag.com/movies1/4_MINUTE_MILE_JR.mp4,,https://fumhub.com/wp-content/uploads/2026/03/5VPGS72m2mcVWI6qyyZLM2jsJC5.jpg,,,,,,,2024-01-01 00:00:00+00,,0,true,,,,,,,,,,,
tweve_fum_1007,Brake by  Vj Junior,A Secret Service Agent is held captive in the trunk of a car and endures high-speed mental and physical torture […],https://jtzmag.com/movies1/BRAKE_JR.mp4,https://jtzmag.com/movies1/BRAKE_JR.mp4,,https://fumhub.com/wp-content/uploads/2026/03/qKDoK8hUt8fGGXKpvAnt3AQVUvy.jpg,,,,,,,2024-01-01 00:00:00+00,,0,true,,,,,,,,,,,
tweve_fum_1010,Daughter of the Wolf by Vj Junior,Ex-military specialist Clair Hamilton returns home from her tour in the Middle East due to her father's passing and to […],https://jtzmag.com/movies1/DAUGHTER_OF_THE_WOLF_JR.mp4,https://jtzmag.com/movies1/DAUGHTER_OF_THE_WOLF_JR.mp4,,https://fumhub.com/wp-content/uploads/2026/03/ghoNQkJX9Hk1m8GxTsBg4Xez1gn.jpg,,,,,,,2024-01-01 00:00:00+00,,0,true,,,,,,,,,,,
tweve_fum_1013,Minority Report by Vj Junior,"John Anderton is a top 'Precrime' cop in the late-21st century, when technology can predict crimes before they're committed. But […]",https://jtzmag.com/movies1/MINORITY_REPORT_JR.mp4,https://jtzmag.com/movies1/MINORITY_REPORT_JR.mp4,,https://fumhub.com/wp-content/uploads/2026/03/ccqpHq5tk5W4ymbSbuoy4uYOxFI.jpg,,,,,,,2024-01-01 00:00:00+00,,0,true,,,,,,,,,,,
tweve_fum_1016,Out of Blue by Vj Junior,"Mike Hoolihan is an unconventional New Orleans cop investigating the murder of renowned astrophysicist Jennifer Rockwell, a black hole expert […]",https://jtzmag.com/movies1/OUT%20OF%20BLUE.18+.1080HP.Jr.mp4,https://jtzmag.com/movies1/OUT%20OF%20BLUE.18+.1080HP.Jr.mp4,,https://fumhub.com/wp-content/uploads/2026/03/k74DaMtAhnjeOGX6LIXsvwMStfK.jpg,,,,,,,2024-01-01 00:00:00+00,,0,true,,,,,,,,,,,
tweve_fum_1019,Mercy by Vj Junior,"In the near future, a detective stands on trial accused of murdering his wife. He has ninety minutes to prove […]",https://jtzmag.com/movies1/MERCY%20COURT%20JR.2026.mp4,https://jtzmag.com/movies1/MERCY%20COURT%20JR.2026.mp4,,https://fumhub.com/wp-content/uploads/2026/03/pyok1kZJCfyuFapYXzHcy7BLlQa.jpg,,,,,,,2024-01-01 00:00:00+00,,0,true,,,,,,,,,,,
tweve_fum_1022,World War Z by Vj Junior,"Life for former United Nations investigator Gerry Lane and his family seems content. Suddenly, the world is plagued by a […]",https://jtzmag.com/movies1/WORLD_WAR_Z_JR.mp4,https://jtzmag.com/movies1/WORLD_WAR_Z_JR.mp4,,https://fumhub.com/wp-content/uploads/2026/03/aCnVdvExw6UWSeQfr0tUH3jr4qG.jpg,,,,,,,2024-01-01 00:00:00+00,,0,true,,,,,,,,,,,
tweve_fum_1025,We'll Never Have Paris by Vj Junior,"Quinn, a neurotic man, is diagnosed with a harmless eye condition and soon after his life spirals out of control. […]",https://jtzmag.com/movies1/WELL_NEVER_HAVE_PARIS_JR.mp4,https://jtzmag.com/movies1/WELL_NEVER_HAVE_PARIS_JR.mp4,,https://fumhub.com/wp-content/uploads/2026/03/zX0JHMQbo41xCRXSKBJCYQ8fpHq.jpg,,,,,,,2024-01-01 00:00:00+00,,0,true,,,,,,,,,,,
tweve_fum_1028,The Bricklayer by Vj Junior,Someone is blackmailing the CIA by assassinating foreign journalists and making it look like the agency is responsible. As the […],https://jtzmag.com/movies1/THE_BRICKLAYER_JR.mp4,https://jtzmag.com/movies1/THE_BRICKLAYER_JR.mp4,,https://fumhub.com/wp-content/uploads/2026/03/36pYugctLa70NmwMEgXTR1G31Kq.jpg,,,,,,,2024-01-01 00:00:00+00,,0,true,,,,,,,,,,,
tweve_fum_1031,The Fetus by Vj Junior,A couple struggle to learn the truth about the origins of their unborn child– a demonic entity that emerges from […],https://jtzmag.com/movies1/THE_BRICKLAYER_JR.mp4,https://jtzmag.com/movies1/THE_BRICKLAYER_JR.mp4,,https://fumhub.com/wp-content/uploads/2026/03/lt7rKRb6TQHZt203cqArBkR8Fv5.jpg,,,,,,,2024-01-01 00:00:00+00,,0,true,,,,,,,,,,,
tweve_fum_1034,Vicious by Vj Junior,A thriller about a stripper coming to terms with her past and unleashing her personal strength to overcome her stalker […],https://jtzmag.com/movies1/VICIOUS_VJ_JR_LABAFILM.mp4,https://jtzmag.com/movies1/VICIOUS_VJ_JR_LABAFILM.mp4,,https://fumhub.com/wp-content/uploads/2026/03/zUvgmubVDUxIomL61yRIvCG8px5.jpg,,,,,,,2024-01-01 00:00:00+00,,0,true,,,,,,,,,,,
tweve_fum_1037,The Siege by Vj Junior,International assassin Walker is compromised during a mission and sent to a reassignment center for a new identity. During his […],https://jtzmag.com/movies1/THE_SIEGE_JR.mp4,https://jtzmag.com/movies1/THE_SIEGE_JR.mp4,,https://fumhub.com/wp-content/uploads/2026/03/hVh4hMzkXNLnScudbid6hDvjMPk.jpg,,,,,,,2024-01-01 00:00:00+00,,0,true,,,,,,,,,,,
tweve_fum_1040,Papillon by Vj Junior,"Henri “Papillon” Charrière, a safecracker from the Parisian underworld, is wrongfully convicted and sentenced to life imprisonment in the penal […]",https://jtzmag.com/movies1/PAPILLON_JR.mp4,https://jtzmag.com/movies1/PAPILLON_JR.mp4,,https://fumhub.com/wp-content/uploads/2026/03/ahF5c6vyP8HWMqIwlhecbRALkjq.jpg,,,,,,,2024-01-01 00:00:00+00,,0,true,,,,,,,,,,,
tweve_fum_1043,Thanksgiving by Vj Junior,"After a Black Friday riot ends in tragedy, a mysterious Thanksgiving-inspired killer terrorizes Plymouth, Massachusetts – the birthplace of the […]",https://jtzmag.com/movies1/THANKSGIVING_JR.mp4,https://jtzmag.com/movies1/THANKSGIVING_JR.mp4,,https://fumhub.com/wp-content/uploads/2026/03/f5f3TEVst1nHHyqgn7Z3tlwnBIH.jpg,,,,,,,2024-01-01 00:00:00+00,,0,true,,,,,,,,,,,
tweve_fum_1046,Sisters by Vj Junior,Two disconnected sisters are summoned to clean out their childhood bedrooms before their parents sell their family home.,https://jtzmag.com/movies1/SISTERS_JR.mp4,https://jtzmag.com/movies1/SISTERS_JR.mp4,,https://fumhub.com/wp-content/uploads/2026/03/hpvHqAiusQtGNDx48dA3z5ejjon.jpg,,,,,,,2024-01-01 00:00:00+00,,0,true,,,,,,,,,,,
tweve_fum_1049,Shelter by Vj Junior,"A man living in self-imposed exile on a remote island rescues a young girl from a violent storm, setting off […]",https://jtzmag.com/movies1/SHELTER_JR.mp4,https://jtzmag.com/movies1/SHELTER_JR.mp4,,https://fumhub.com/wp-content/uploads/2026/03/buPFnHZ3xQy6vZEHxbHgL1Pc6CR.jpg,,,,,,,2024-01-01 00:00:00+00,,0,true,,,,,,,,,,,
tweve_fum_1052,Wicked VJ Kevin,"In the land of Oz, ostracized and misunderstood green-skinned Elphaba is forced to share a room with the popular aristocrat […]",https://jtzmag.com/movies1/Wicked%20by%20Vj%20Kevin.mp4,https://jtzmag.com/movies1/Wicked%20by%20Vj%20Kevin.mp4,,https://fumhub.com/wp-content/uploads/2026/03/xDGbZ0JJ3mYaGKy4Nzd9Kph6M9L.jpg,,,,,,,2024-01-01 00:00:00+00,,0,true,,,,,,,,,,,
tweve_fum_1055,The Gray Man by Vj Jingo,"When a shadowy CIA agent uncovers damning agency secrets, he's hunted across the globe by a sociopathic rogue operative who's […]",https://jtzmag.com/movies1/THE_GRAY_MAN_JINGO.mp4,https://jtzmag.com/movies1/THE_GRAY_MAN_JINGO.mp4,,https://fumhub.com/wp-content/uploads/2026/03/8cXbitsS6dWQ5gfMTZdorpAAzEH.jpg,,,,,,,2024-01-01 00:00:00+00,,0,true,,,,,,,,,,,
tweve_fum_1058,The Voyeurs by Vj Junior,"When Pippa and Thomas move into their dream apartment, they notice that their windows look directly into the apartment opposite […]",https://jtzmag.com/movies1/THE_VOYEURS_JR.mp4,https://jtzmag.com/movies1/THE_VOYEURS_JR.mp4,,https://fumhub.com/wp-content/uploads/2026/03/8Y4XOIWhpOvSOEn8XrxbkH9yAXO.jpg,,,,,,,2024-01-01 00:00:00+00,,0,true,,,,,,,,,,,
tweve_fum_1061,The Lone Ranger by Vj Junior,"The Texas Rangers chase down a gang of outlaws led by Butch Cavendish, but the gang ambushes the Rangers, seemingly […]",https://jtzmag.com/movies1/The.Lone.Ranger.2013.720p.BluRay.x264.YIFY.mp4,https://jtzmag.com/movies1/The.Lone.Ranger.2013.720p.BluRay.x264.YIFY.mp4,,https://fumhub.com/wp-content/uploads/2026/03/yDuJGq8biNMW7zM3w95UaDJv0KG.jpg,,,,,,,2024-01-01 00:00:00+00,,0,true,,,,,,,,,,,
tweve_fum_1064,Survivor by Vj Muba,"During their search for a habitable planet the last living humans crash-land on a barren world, inhabited by bloodthirsty aliens […]",https://jtzmag.com/movies1/Survivor.mp4,https://jtzmag.com/movies1/Survivor.mp4,,https://fumhub.com/wp-content/uploads/2026/03/aeWQXWeAmKNmzYaf42JMwznbjf0.jpg,,,,,,,2024-01-01 00:00:00+00,,2,true,,,,,,,,,,,
tweve_fum_1068,Skylines by Ice P,"When a virus threatens to turn the now earth-dwelling friendly alien hybrids against humans, Captain Rose Corley must lead a […]",https://jtzmag.com/movies1/SKYLINES_ICEP.mp4,https://jtzmag.com/movies1/SKYLINES_ICEP.mp4,,https://fumhub.com/wp-content/uploads/2026/03/2W4ZvACURDyhiNnSIaFPHfNbny3.jpg,,,,,,,2024-01-01 00:00:00+00,,1,true,,,,,,,,,,,
tweve_fum_1071,Skin Trade by Vj Ice P,After his family is killed by a Serbian gangster with international interests. NYC detective Nick goes to S.E. Asia and […],https://jtzmag.com/movies1/Skin%20Trade1.mp4,https://jtzmag.com/movies1/Skin%20Trade1.mp4,,https://fumhub.com/wp-content/uploads/2026/03/dfXB4ZKQRINdrY3xXMyLUJrXQai.jpg,,,,,,,2024-01-01 00:00:00+00,,1,true,,,,,,,,,,,
tweve_fum_1074,College,A wild weekend is in store for three high school seniors who visit a local college campus as prospective freshmen.,https://jtzmag.com/movies1/THE%20COLLEGE%20SOUL.2026.mp4,https://jtzmag.com/movies1/THE%20COLLEGE%20SOUL.2026.mp4,,https://fumhub.com/wp-content/uploads/2026/03/lY2AHNzHEtlWLisRj0ezSRmnDAt.jpg,,,,,,,2024-01-01 00:00:00+00,,0,true,,,,,,,,,,,
tweve_fum_1077,Son of a Gun by Vj Junior,"Locked up for a minor crime, 19 year old JR quickly learns the harsh realities of prison life. Protection, if […]",https://player.mediadelivery.net/embed/593821/aa8d436f-4dc0-4644-a249-39a8c3a6011d?autoplay=true&loop=false&muted=false&preload=true&responsive=true,,,https://fumhub.com/wp-content/uploads/2026/03/yRLVyhQfkW2hn15e8NIqarswLAr.jpg,,,,,,,2024-01-01 00:00:00+00,,0,true,,,,,,,,,,,
tweve_fum_1080,Overdrive by Vj Junior,"Master car thieves square off against French gangsters in the South of France with money, women and lives all on […]",https://player.mediadelivery.net/embed/593821/cb3eef14-0b77-4622-a0ff-10ec99c900a3?autoplay=true&loop=false&muted=false&preload=true&responsive=true,,,https://fumhub.com/wp-content/uploads/2026/03/a0hTRjis1cxwmjOuBaS7WdDG3dj.jpg,,,,,,,2024-01-01 00:00:00+00,,0,true,,,,,,,,,,,
tweve_fum_1083,What If by Vj Junior,"Medical-school dropout Wallace has been repeatedly burned by bad relationships. So while everyone around him, including his roommate Allan, seems […]",https://player.mediadelivery.net/embed/593821/714ef9da-387b-42ea-a5c1-3ec2c5b32636?autoplay=true&loop=false&muted=false&preload=true&responsive=true,,,https://fumhub.com/wp-content/uploads/2026/03/67x9NJyjK4u02NpISnChDMKzCUr.jpg,,,,,,,2024-01-01 00:00:00+00,,0,true,,,,,,,,,,,
tweve_fum_1086,Spiral: From the Book of Saw by Vj Junior,"Working in the shadow of an esteemed police veteran, brash Detective Ezekiel “Zeke” Banks and his rookie partner take charge […]",https://player.mediadelivery.net/embed/593821/2f9bca5f-1aad-4184-93c8-461a4aa42229?autoplay=true&loop=false&muted=false&preload=true&responsive=true,,,https://fumhub.com/wp-content/uploads/2026/03/cTvSDfBuXTZTdRCNduGMANd7VEP.jpg,,,,,,,2024-01-01 00:00:00+00,,0,true,,,,,,,,,,,
tweve_fum_1089,You Again by Vj Junior,"History — make that high school — may repeat itself when Marni learns that Joanna, the mean girl from her […]",https://player.mediadelivery.net/embed/593821/b8682e37-a67d-4ee2-8f65-3b541ab2d5b9?autoplay=true&loop=false&muted=false&preload=true&responsive=true,,,https://fumhub.com/wp-content/uploads/2026/03/9qI5JE6yjmtakTankuDOMZ1vgEx.jpg,,,,,,,2024-01-01 00:00:00+00,,0,true,,,,,,,,,,,
tweve_fum_1092,The Art of the Steal by Vj Junior,"Crunch Calhoun, a third-rate motorcycle daredevil and part-time art thief, teams up with his snaky brother to steal one of […]",https://player.mediadelivery.net/embed/593821/37a3738b-a664-49b9-920a-7cb46d82d0ce?autoplay=true&loop=false&muted=false&preload=true&responsive=true,,,https://fumhub.com/wp-content/uploads/2026/03/4R6ojBfyO8fj3WszLE9rog5qR4W.jpg,,,,,,,2024-01-01 00:00:00+00,,0,true,,,,,,,,,,,
tweve_fum_1095,Stolen by Vj Junior,"Master thief Will Montgomery is just released from the State penitentiary after serving a 10 year sentence, is contacted by […]",https://player.mediadelivery.net/embed/593821/ee43e636-3d51-4db0-b2db-b7735f4384e6?autoplay=true&loop=false&muted=false&preload=true&responsive=true,,,https://fumhub.com/wp-content/uploads/2026/03/8rTcpPiet2Lt2uZXBFIH5U7ylBY.jpg,,,,,,,2024-01-01 00:00:00+00,,0,true,,,,,,,,,,,
tweve_fum_1098,V.C. Andrews' Pearl in the Mist by Vj Junior,Ruby is hopeful for a new start with her twin sister as they continue their education at an all-girl's boarding […],https://player.mediadelivery.net/embed/593821/10a0c796-b470-4a04-b3bd-51c1b2e98fe2?autoplay=true&loop=false&muted=false&preload=true&responsive=true,,,https://fumhub.com/wp-content/uploads/2026/02/6EXF4IpBB7BiOYmmoFZTpwv08Wi.jpg,,,,,,,2024-01-01 00:00:00+00,,0,true,,,,,,,,,,,
tweve_fum_1100,VC Andrews' Dawn Twilight's Child – Vj Junior,Tina Cherri and Sana Fey are now working in conjunction with Pussyman and the International Fetish Corp. They are discovering […],https://player.mediadelivery.net/embed/593821/c2f0b337-6601-47c6-890e-253bae9d61e3?autoplay=true&loop=false&muted=false&preload=true&responsive=true,,,https://fumhub.com/wp-content/uploads/2026/03/htd7R2MyHq5ccPV5bMAuVaHzyQs.jpg,,,,,,,2024-01-01 00:00:00+00,,2,true,,,,,,,,,,,
tweve_fum_1103,What to Expect When You're Expecting,Challenges of impending parenthood turn the lives of five couples upside down. Two celebrities are unprepared for the surprise demands […],https://player.mediadelivery.net/embed/593821/7020455a-8146-47c7-869a-abd54626971f?autoplay=true&loop=false&muted=false&preload=true&responsive=true,,,https://fumhub.com/wp-content/uploads/2026/02/51kg6CdfwwrBjDDFhT44TwoAZMr.jpg,,,,,,,2024-01-01 00:00:00+00,,0,true,,,,,,,,,,,
tweve_fum_1105,Joe's College Road Trip vj Emmy,"To teach his sheltered grandson about the real world, Madea's foul-mouthed brother Joe takes the college-bound teen on a raucous […]",https://jtzmag.com/movies1/JOE%20S%20COLLEGE%20ROAD%20EMMY.2026.mp4,https://jtzmag.com/movies1/JOE%20S%20COLLEGE%20ROAD%20EMMY.2026.mp4,,https://fumhub.com/wp-content/uploads/2026/03/jWGOCUlzF4aCVLwHoiuqWWfhcrA.jpg,,,,,,,2024-01-01 00:00:00+00,,0,true,,,,,,,,,,,
tweve_fum_1108,Phantom Pt 2 by Vj Emmy,"Phantom is an action thriller that unfolds across various countries around the world. The plot revolves around protagonist Daniyal, whose […]",https://jtzmag.com/movies1/Phantom%20part%202.mp4,https://jtzmag.com/movies1/Phantom%20part%202.mp4,,https://fumhub.com/wp-content/uploads/2026/03/en6nlTMR7ZUqLvzZhEEDQU5IJxC.jpg,,,,,,,2024-01-01 00:00:00+00,,0,true,,,,,,,,,,,
tweve_fum_1111,Phantom pt 1 by Vj Emmy,"Phantom is an action thriller that unfolds across various countries around the world. The plot revolves around protagonist Daniyal, whose […]",https://jtzmag.com/movies1/Phantom%20part%201.mp4,https://jtzmag.com/movies1/Phantom%20part%201.mp4,,https://fumhub.com/wp-content/uploads/2026/03/en6nlTMR7ZUqLvzZhEEDQU5IJxC.jpg,,,,,,,2024-01-01 00:00:00+00,,0,true,,,,,,,,,,,
tweve_fum_1113,Hijacked by Vj Emmy,A special agent's plans to reconcile with his ex-fiancé are ruined when she boards a private jet that is targeted […],https://jtzmag.com/movies1/HIJACKED%20EMMY.2026.mp4,https://jtzmag.com/movies1/HIJACKED%20EMMY.2026.mp4,,https://fumhub.com/wp-content/uploads/2026/03/s8YWXoXXmDkNkAEQSqGeF37VYlH.jpg,,,,,,,2024-01-01 00:00:00+00,,0,true,,,,,,,,,,,
tweve_fum_1116,Civil War by Vj Emmy,"In the near future, a group of war journalists attempt to survive while reporting the truth as the United States […]",https://jtzmag.com/movies1/Civil.War.mp4,https://jtzmag.com/movies1/Civil.War.mp4,,https://fumhub.com/wp-content/uploads/2026/03/sh7Rg8Er3tFcN9BpKIPOMvALgZd.jpg,,,,,,,2024-01-01 00:00:00+00,,0,true,,,,,,,,,,,
tweve_fum_1119,F Valentine's Day by Vj Emmy,Gina hates her Valentine's Day birthday and travels to Greece to prevent her boyfriend's proposal. With help from vacationers Johnny […],https://jtzmag.com/movies1/F_VALENTINE_EMMY.mp4,https://jtzmag.com/movies1/F_VALENTINE_EMMY.mp4,,https://fumhub.com/wp-content/uploads/2026/03/8zPExowfpfZOTpS1W4J7G27lH4H.jpg,,,,,,,2024-01-01 00:00:00+00,,0,true,,,,,,,,,,,
tweve_fum_1122,We Bury the Dead by Vj Emmy,"After a catastrophic military disaster, the dead don't just rise—they hunt. The military insists they are harmless and slow-moving, offering […]",https://jtzmag.com/movies1/WE%20BURY%20THE%20DEAD%20EMMY.2026.mp4,https://jtzmag.com/movies1/WE%20BURY%20THE%20DEAD%20EMMY.2026.mp4,,https://fumhub.com/wp-content/uploads/2026/03/xZqo0yPARmyF8TACVNyaOACkYWG.jpg,,,,,,,2024-01-01 00:00:00+00,,0,true,,,,,,,,,,,
tweve_fum_1125,Redux Redux by Emmy,"In an attempt to avenge her daughter’s death, Irene Kelly travels through parallel universes, killing her daughter’s murderer again and […]",https://jtzmag.com/movies1/REDUX%20REDUX%20EMMY.2026.mp4,https://jtzmag.com/movies1/REDUX%20REDUX%20EMMY.2026.mp4,,https://fumhub.com/wp-content/uploads/2026/03/9u7sUTYPPTxGCXbkcw8FTq50PnO.jpg,,,,,,,2024-01-01 00:00:00+00,,0,true,,,,,,,,,,,
tweve_fum_1128,Faster by Vj Emmy,"A former racer returns to the sport through a racing academy, where she meets Will. As they fall for each […]",https://jtzmag.com/movies1/FASTER%20EMMY.2026.mp4,https://jtzmag.com/movies1/FASTER%20EMMY.2026.mp4,,https://fumhub.com/wp-content/uploads/2026/03/y3JoVnSi9xmfYDwoEbclurKDQLL.jpg,,,,,,,2024-01-01 00:00:00+00,,0,true,,,,,,,,,,,
tweve_fum_1131,He's Watching You by Vj Emmy,"The film transports us to the sleepy town of Page Hollow, where a string of gruesome murders shatters the quiet […]",https://jtzmag.com/movies1/BLACK%20SPINES%20EMMY.2026.mp4,https://jtzmag.com/movies1/BLACK%20SPINES%20EMMY.2026.mp4,,https://fumhub.com/wp-content/uploads/2026/03/lGrxMTGzoO120uuHuYxwbv5Ypcw.jpg,,,,,,,2024-01-01 00:00:00+00,,0,true,,,,,,,,,,,
tweve_fum_1134,The Confession by Vj Emmy,A woman finds her late father’s tape confessing to murder tied to an evil force—now her son shows the same […],https://jtzmag.com/movies1/THE_CONFESSION_EMMY.mp4,https://jtzmag.com/movies1/THE_CONFESSION_EMMY.mp4,,https://fumhub.com/wp-content/uploads/2026/03/7tmMQwSVVbijKV4lquYpBld3P9K.jpg,,,,,,,2024-01-01 00:00:00+00,,0,true,,,,,,,,,,,
tweve_fum_1137,50 First Dates by Vj Emmy,"Henry is a player skilled at seducing women. But when this veterinarian meets Lucy, a girl with a quirky problem […]",https://player.mediadelivery.net/embed/593821/420da220-ebdc-4d16-a7e0-679b0d11f5df?autoplay=true&loop=false&muted=false&preload=true&responsive=true,,,https://fumhub.com/wp-content/uploads/2026/03/lzUI2Cg7OMfcUNv3f7MywYNBjs6.jpg,,,,,,,2024-01-01 00:00:00+00,,0,true,,,,,,,,,,,
tweve_fum_1140,Anaconda by Emmy,A group of friends facing mid-life crises head to the rainforest with the intention of remaking their favorite movie from […],https://jtzmag.com/movies1/ANACONDA_EMMY.mp4,https://jtzmag.com/movies1/ANACONDA_EMMY.mp4,,https://fumhub.com/wp-content/uploads/2026/03/qxMv3HwAB3XPuwNLMhVRg795Ktp.jpg,,,,,,,2024-01-01 00:00:00+00,,0,true,,,,,,,,,,,
tweve_fum_1143,The Seven Swords: Eye of Chaos by Vj Emmy,"King Asura, the malevolent ruler, is on a quest to acquire the Seven Swords, intending to merge them into a […]",https://jtzmag.com/movies1/The%20Seven%20Swords.MP4.mp4,https://jtzmag.com/movies1/The%20Seven%20Swords.MP4.mp4,,https://fumhub.com/wp-content/uploads/2026/03/wpK7cWjajJ8x5HtMMkwmJNv6TAP.jpg,,,,,,,2024-01-01 00:00:00+00,,0,true,,,,,,,,,,,
tweve_fum_1146,The Bank Job by Vj Emmy,Terry is a small-time car dealer trying to leave his shady past behind and start a family. Martine is a […],https://player.mediadelivery.net/embed/593821/2d94481c-71a5-4ba8-a66c-8699ffc6f2fe?autoplay=true&loop=false&muted=false&preload=true&responsive=true,,,https://fumhub.com/wp-content/uploads/2026/03/bfXjFTytfFTdo9WeO7lYqzkHG7g.jpg,,,,,,,2024-01-01 00:00:00+00,,0,true,,,,,,,,,,,
tweve_fum_1159,Love Again by Vj Junior,"Mira Ray, dealing with the loss of her fiancé, John, sends a series of romantic texts to his old cell […]",https://www.youtube.com/embed/KpGRYydFWhw,,,https://fumhub.com/wp-content/uploads/2026/03/koswMk0y7jGcyofV1sBccnNtY0B.jpg,,,,,,,2024-01-01 00:00:00+00,,0,true,,,,,,,,,,,
tweve_fum_1162,Fall for Me by Vj Junior,"Lilli is suspicious of her sister's new fiance, but when an attractive stranger enters her life, she's suddenly distracted by […]",https://namzentertainments.xyz/NEW%20PRO/Fall.For.Me.2025.720%20VJ%20JUNIOR..mp4,https://namzentertainments.xyz/NEW%20PRO/Fall.For.Me.2025.720%20VJ%20JUNIOR..mp4,,https://fumhub.com/wp-content/uploads/2026/03/mduZ3YRKele4rHhrse7b7B3d44b.jpg,,,,,,,2024-01-01 00:00:00+00,,0,true,,,,,,,,,,,
tweve_fum_1165,The Wedding Ring by Vj Junior,Kate Sterling’s entire life is about proposals. As a jewelry designer she’s created rings for more happy couples than she […],https://munoserver29.club/tyr85/fda2/wedding%20ring.mp4,https://munoserver29.club/tyr85/fda2/wedding%20ring.mp4,,https://fumhub.com/wp-content/uploads/2026/03/rab0T6LWgulEb6Y6CuEua675DSS.jpg,,,,,,,2024-01-01 00:00:00+00,,0,true,,,,,,,,,,,
tweve_fum_1168,The Last Letter from Your Lover by Vj Junior,A young journalist in London becomes obsessed with a series of letters she discovers that recounts an intense star-crossed love […],https://oopstry.mlegacytv.com/MOVIES/JR/LAST%20LETTER%20FROM%20YOUR%20LOVER%20JR%202025.mkv,,,https://fumhub.com/wp-content/uploads/2026/03/fDKK51YdOfu9pTmSRw7sHUhGFxm.jpg,,,,,,,2024-01-01 00:00:00+00,,0,true,,,,,,,,,,,
tweve_fum_1171,A Cinderella Story: Once Upon a Song Vj Ice P,"In this modern telling of the classic tale, aspiring singer Katie Gibbs falls for the new boy at her performing […]",https://storage.kampalarelaxation.com/allmovies/Movies/Vj%20Junior/A.Cinderella.Story.Once.Upon.A.Song.2011.%20VJ%20Jr.mp4,https://storage.kampalarelaxation.com/allmovies/Movies/Vj%20Junior/A.Cinderella.Story.Once.Upon.A.Song.2011.%20VJ%20Jr.mp4,,https://fumhub.com/wp-content/uploads/2026/03/awuuwPA8Hy9c5EH04xwkEXOSYiL.jpg,,,,,,,2024-01-01 00:00:00+00,,0,true,,,,,,,,,,,
tweve_fum_1174,My Oxford Year by Vj Junior,An ambitious American fulfilling her dream of studying at Oxford falls for a charming Brit hiding a secret that may […],https://namzentertainments.xyz/NEW%20PRO/My.Oxford.Year.2025.720%20VJ%20JUNIOR%40katflix..mp4,https://namzentertainments.xyz/NEW%20PRO/My.Oxford.Year.2025.720%20VJ%20JUNIOR%40katflix..mp4,,https://fumhub.com/wp-content/uploads/2026/03/jrhXbIOFingzdLjkccjg9vZnqIp.jpg,,,,,,,2024-01-01 00:00:00+00,,0,true,,,,,,,,,,,
tweve_fum_1177,Lady Guard,"Every week, warehouse security guard Estelle, turns a blind eye to the illegal gambling at the warehouse in exchange for […]",https://storage.newlinebusega.com/disk2/SERIES%20FOR%20OTHER%20VJ%20/COMPLETE%20SERIES/1080/ZAIDI%20NEWW/LADY%20GUARD%20VJ%20ZAIDI%20PRO.mkv,,,https://fumhub.com/wp-content/uploads/2026/03/vHWqWxbhULXTkkb0VWFla66r9Gj.jpg,,,,,,,2024-01-01 00:00:00+00,,0,true,,,,,,,,,,,
tweve_fum_1421,Hospitality by Vj Junior,A woman with a checkered past must protect her son when a man brings trouble to her isolated bed and […],https://jtzmag.com/movies1/HOSPITALITY_JR.mp4,https://jtzmag.com/movies1/HOSPITALITY_JR.mp4,,https://fumhub.com/wp-content/uploads/2026/03/hJuKwfBYhxUBmHxYuGwMlvM9WVF.jpg,,,,,,,2024-01-01 00:00:00+00,,0,true,,,,,,,,,,,
tweve_fum_1424,Basic Instinct by Vj Junior,"Catherine, a novelist with an insatiable sexual appetite, becomes a prime suspect when her boyfriend is brutally murdered — a […]",https://mobifliks.info/downloadmp4.php?file=luganda/Basic%20Instinct%20by%20Vj%20Junior%20-%20Mobifliks.com.mp4,https://mobifliks.info/downloadmp4.php?file=luganda/Basic%20Instinct%20by%20Vj%20Junior%20-%20Mobifliks.com.mp4,,https://fumhub.com/wp-content/uploads/2026/03/76Ts0yoHk8kVQj9MMnoMixhRWoh.jpg,,,,,,,2024-01-01 00:00:00+00,,0,true,,,,,,,,,,,
tweve_fum_1427,Sommersby by Vj Ulio,"Set in the South just after the US Civil War, Laurel Sommersby is just managing to work the farm without […]",https://mobifliks.info/downloadmp4.php?file=luganda/Sommersby%20by%20Vj%20Ulio%20-%20Mobifliks.com.mp4,https://mobifliks.info/downloadmp4.php?file=luganda/Sommersby%20by%20Vj%20Ulio%20-%20Mobifliks.com.mp4,,https://fumhub.com/wp-content/uploads/2026/03/tAgQKLv0GK97Tr0bvdI66oXlEVb.jpg,,,,,,,2024-01-01 00:00:00+00,,0,true,,,,,,,,,,,
tweve_fum_1430,Slither by Vj Junior,"A small town is taken over by an alien plague, turning residents into zombies and all forms of mutant monsters.",https://mobifliks.info/downloadmp4.php?file=luganda/Slither%20by%20Vj%20Junior%20-%20Mobifliks.com.mp4,https://mobifliks.info/downloadmp4.php?file=luganda/Slither%20by%20Vj%20Junior%20-%20Mobifliks.com.mp4,,https://fumhub.com/wp-content/uploads/2026/03/zNlJvCY3Pz7SE09Lf4G7uPs5XFZ.jpg,,,,,,,2024-01-01 00:00:00+00,,0,true,,,,,,,,,,,
tweve_fum_1433,Tommy Boy by Vj Emmy,"To save the family business, two ne’er-do-well traveling salesmen hit the road with disastrously funny consequences.",https://mobifliks.info/downloadmp4.php?file=luganda/Tommy%20Boy%20by%20Vj%20Emmy%20-%20Mobifliks.com.mp4,https://mobifliks.info/downloadmp4.php?file=luganda/Tommy%20Boy%20by%20Vj%20Emmy%20-%20Mobifliks.com.mp4,,https://fumhub.com/wp-content/uploads/2026/03/jeEM8v1OA9u6F5NC2lzXD04Ls1U.jpg,,,,,,,2024-01-01 00:00:00+00,,0,true,,,,,,,,,,,
tweve_fum_1436,Prom Night by Vj Emmy,"Donna's senior prom is supposed to be the best night of her life, though a sadistic killer from her past […]",https://mobifliks.info/downloadmp4.php?file=luganda/Prom%20Night%20by%20Vj%20Emmy%20-%20Mobifliks.com.mp4,https://mobifliks.info/downloadmp4.php?file=luganda/Prom%20Night%20by%20Vj%20Emmy%20-%20Mobifliks.com.mp4,,https://fumhub.com/wp-content/uploads/2026/03/pKSeyN02R5khphImEIpAdBjQgEP.jpg,,,,,,,2024-01-01 00:00:00+00,,0,true,,,,,,,,,,,
tweve_fum_1439,Exit Speed by Vj Emmy,"On Christmas Eve, ten strangers board a bus traveling across Texas and are forced off the road by a motorcycle […]",https://mobifliks.info/downloadmp4.php?file=luganda/Exit%20Speed%20by%20Vj%20Emmy%20-%20Mobifliks.com.mp4,https://mobifliks.info/downloadmp4.php?file=luganda/Exit%20Speed%20by%20Vj%20Emmy%20-%20Mobifliks.com.mp4,,https://fumhub.com/wp-content/uploads/2026/03/9WU9FDMdkUBMNXbqQ7rwu7WmhcT.jpg,,,,,,,2024-01-01 00:00:00+00,,0,true,,,,,,,,,,,
tweve_fum_1442,To the Limit by Vj Emmy,Colette is an attractive ex-CIA agent seeking revenge against a ruthless villain and his organization of trained assassins for the […],https://mobifliks.info/downloadmp4.php?file=luganda/To%20The%20Limit%20by%20Vj%20Emmy%20-%20Mobifliks.com.mp4,https://mobifliks.info/downloadmp4.php?file=luganda/To%20The%20Limit%20by%20Vj%20Emmy%20-%20Mobifliks.com.mp4,,https://fumhub.com/wp-content/uploads/2026/03/m2SqFqeMkJR9A9Y8bh4NLxZtu1K.jpg,,,,,,,2024-01-01 00:00:00+00,,0,true,,,,,,,,,,,
tweve_fum_1445,The Thirteenth Year by Vj Emmy,A teen learns that his birth mother is a mermaid after he begins to grow fins and slimy scales on […],https://mobifliks.info/downloadmp4.php?file=luganda/The%20Thirteenth%20Year%20by%20Vj%20Emmy%20-%20Mobifliks.com.mp4,https://mobifliks.info/downloadmp4.php?file=luganda/The%20Thirteenth%20Year%20by%20Vj%20Emmy%20-%20Mobifliks.com.mp4,,https://fumhub.com/wp-content/uploads/2026/03/fABYANPrfqti24Kb2vz5B2Vklml.jpg,,,,,,,2024-01-01 00:00:00+00,,0,true,,,,,,,,,,,
tweve_fum_1448,The Secret Path by Vj Junior,14-year-old Jo Ann Foley lives in squalor in a rural Southern community during World War II. Abused by her bootlegging […],https://mobifliks.info/downloadmp4.php?file=luganda/Chasing%20Secrets%20by%20Vj%20Junior%20-%20Mobifliks.com.mp4,https://mobifliks.info/downloadmp4.php?file=luganda/Chasing%20Secrets%20by%20Vj%20Junior%20-%20Mobifliks.com.mp4,,https://fumhub.com/wp-content/uploads/2026/03/syrovXmCyrxSgzDgAVqZa4eac4V.jpg,,,,,,,2024-01-01 00:00:00+00,,0,true,,,,,,,,,,,
tweve_fum_1451,Juno by Vj Soul,"Faced with an unplanned pregnancy, sixteen year old high-schooler, Juno MacGuff, makes an unusual decision regarding her unborn child.",https://mobifliks.info/downloadmp4.php?file=luganda/Juno%20by%20Vj%20Soul%20-%20Mobifliks.com.mp4,https://mobifliks.info/downloadmp4.php?file=luganda/Juno%20by%20Vj%20Soul%20-%20Mobifliks.com.mp4,,https://fumhub.com/wp-content/uploads/2026/03/jNIn2tVhpvFD6P9IojldI3mNYcn.jpg,,,,,,,2024-01-01 00:00:00+00,,0,true,,,,,,,,,,,
tweve_fum_1454,Prime by Vj Junior,"A career driven professional from Manhattan is wooed by a young painter, who also happens to be the son of […]",https://mobifliks.info/downloadmp4.php?file=luganda/Prime%20by%20Vj%20Junior%20-%20Mobifliks.com.mp4,https://mobifliks.info/downloadmp4.php?file=luganda/Prime%20by%20Vj%20Junior%20-%20Mobifliks.com.mp4,,https://fumhub.com/wp-content/uploads/2026/03/gz17H1jiLI9OrTo8ruS31WkP9Am.jpg,,,,,,,2024-01-01 00:00:00+00,,0,true,,,,,,,,,,,
tweve_fum_1457,I Still Know What You Did Last Summer by Vj Junior,"Ever since killing the Fisherman one year ago, Julie James is still haunted by images of him after her. When […]",https://mobifliks.info/downloadmp4.php?file=luganda/I%20Still%20Know%20What%20You%20Did%20Last%20Summer%20by%20Vj%20Junior%20-%20Mobifliks.com.mp4,https://mobifliks.info/downloadmp4.php?file=luganda/I%20Still%20Know%20What%20You%20Did%20Last%20Summer%20by%20Vj%20Junior%20-%20Mobifliks.com.mp4,,https://fumhub.com/wp-content/uploads/2026/03/eg3d6hvTaOmW3lNErFfutBmWmAR.jpg,,,,,,,2024-01-01 00:00:00+00,,0,true,,,,,,,,,,,
tweve_fum_1460,Shall We Dance? by Vj Junior,A bored accountant spots a beautiful woman in the window of a ballroom dance studio. He secretly starts taking dancing […],https://mobifliks.info/downloadmp4.php?file=luganda/Shall%20We%20Dance.%20by%20Vj%20Junior%20-%20Mobifliks.com.mp4,https://mobifliks.info/downloadmp4.php?file=luganda/Shall%20We%20Dance.%20by%20Vj%20Junior%20-%20Mobifliks.com.mp4,,https://fumhub.com/wp-content/uploads/2026/03/rCpqoo4phrDQSaLs9ToJnAqPG83.jpg,,,,,,,2024-01-01 00:00:00+00,,0,true,,,,,,,,,,,
tweve_fum_1463,Black Cadillac by Vj Emmy,Three young men become terrorized in a high-speed car chase with a mysterious pursuant.,https://mobifliks.info/downloadmp4.php?file=luganda/Black%20Cadillac%20by%20Vj%20Emmy%20-%20Mobifliks.com.mp4,https://mobifliks.info/downloadmp4.php?file=luganda/Black%20Cadillac%20by%20Vj%20Emmy%20-%20Mobifliks.com.mp4,,https://fumhub.com/wp-content/uploads/2026/03/aCcHPu3TFJYNTT1NoWJPQa1tPi1.jpg,,,,,,,2024-01-01 00:00:00+00,,0,true,,,,,,,,,,,
tweve_fum_1466,Body of Lies by Vj Junior,The CIA’s hunt is on for the mastermind of a wave of terrorist attacks. Roger Ferris is the agency’s man […],https://movies.ug/videosMnt/Leonardo%20DiCaprio-Body%20of%20Lies%20(2008)%20vj%20junior.mp4,https://movies.ug/videosMnt/Leonardo%20DiCaprio-Body%20of%20Lies%20(2008)%20vj%20junior.mp4,,https://fumhub.com/wp-content/uploads/2026/03/OK0FoZV2UIYqYlIEa9NHPYe2Gl.jpg,,,,,,,2024-01-01 00:00:00+00,,0,true,,,,,,,,,,,
tweve_fum_1469,Money Talks by Vj Junior,"Sought by police and criminals, a small-time huckster makes a deal with a TV newsman for protection.",https://movies.ug/videosMnt/Charlie%20Sheen-Money%20Talks%20(1997)%20vj%20junior.mp4,https://movies.ug/videosMnt/Charlie%20Sheen-Money%20Talks%20(1997)%20vj%20junior.mp4,,https://fumhub.com/wp-content/uploads/2026/03/bN57Rl003E9pYred5kw9Rp8h9Np.jpg,,,,,,,2024-01-01 00:00:00+00,,0,true,,,,,,,,,,,
tweve_fum_1472,xXx: State of the Union by Vj Junior,Darius Stone's criminal record and extreme sports obsession make him the perfect candidate to be the newest XXX agent. He […],https://movies.ug/videosMnt/Ice%20Cube-xXx:%20State%20of%20the%20Union%20(2005)%20vj%20junior.mp4,https://movies.ug/videosMnt/Ice%20Cube-xXx:%20State%20of%20the%20Union%20(2005)%20vj%20junior.mp4,,https://fumhub.com/wp-content/uploads/2026/03/nL9J0N3HJSdZTKRsd5xcE6IzL5s.jpg,,,,,,,2024-01-01 00:00:00+00,,0,true,,,,,,,,,,,
tweve_fum_1475,See No Evil by Vj Emmy,A group of delinquents are sent to clean the Blackwell Hotel but little do they know reclusive psychopath Jacob Goodnight […],https://movies.ug/videosMnt/Glenn%20Jacobs-See%20No%20Evil%20(2006)%20vj%20emmy.mp4,https://movies.ug/videosMnt/Glenn%20Jacobs-See%20No%20Evil%20(2006)%20vj%20emmy.mp4,,https://fumhub.com/wp-content/uploads/2026/03/6a0vqkB4SVIkl2JlHlUOcY9qmS.jpg,,,,,,,2024-01-01 00:00:00+00,,0,true,,,,,,,,,,,
tweve_fum_1478,Man on Fire by Vj junior,Jaded ex-CIA operative John Creasy reluctantly accepts a job as the bodyguard for a 10-year-old girl in Mexico City. They […],https://movies.ug/videosMnt/Denzel%20Washington-Man%20on%20Fire%20(2004)%20vj%20junior.mp4,https://movies.ug/videosMnt/Denzel%20Washington-Man%20on%20Fire%20(2004)%20vj%20junior.mp4,,https://fumhub.com/wp-content/uploads/2026/03/grCGLCcTHv9TChibzOwzUpykcjB.jpg,,,,,,,2024-01-01 00:00:00+00,,0,true,,,,,,,,,,,
tweve_fum_1481,The Lake House by Vj Ulio,"When architect Alex Wyler moves into an unusual glass house on stilts over a lake, he discovers a note from […]",https://movies.ug/videosMnt/Keanu%20Reeves-The%20Lake%20House%20(2006)%20vj%20ulio.mp4,https://movies.ug/videosMnt/Keanu%20Reeves-The%20Lake%20House%20(2006)%20vj%20ulio.mp4,,https://fumhub.com/wp-content/uploads/2026/03/tHpc1118dYWLnHZleGhwZxRbpae.jpg,,,,,,,2024-01-01 00:00:00+00,,0,true,,,,,,,,,,,
tweve_fum_1484,Remember the Titans by Vj Ulio,"After leading his football team to 15 winning seasons, coach Bill Yoast is demoted and replaced by Herman Boone – […]",https://movies.ug/videosMnt/Denzel%20Washington-Remember%20the%20Titans%20(2000)%20vj%20ulio.mp4,https://movies.ug/videosMnt/Denzel%20Washington-Remember%20the%20Titans%20(2000)%20vj%20ulio.mp4,,https://fumhub.com/wp-content/uploads/2026/03/825ohvC4wZ3gCuncCaqkWeQnK8h.jpg,,,,,,,2024-01-01 00:00:00+00,,0,true,,,,,,,,,,,
tweve_fum_1487,The Final Destination by Vj Junior,A horrifying premonition saves a young man and his friends from death during a racetrack accident but terrible fates await […],https://movies.ug/videosMnt/Nick%20Zano-The%20Final%20Destination%20(2009)%20vj%20junior.mp4,https://movies.ug/videosMnt/Nick%20Zano-The%20Final%20Destination%20(2009)%20vj%20junior.mp4,,https://fumhub.com/wp-content/uploads/2026/03/5vxXrr1MqGsT4NNeRITpfDnl4Rq.jpg,,,,,,,2024-01-01 00:00:00+00,,0,true,,,,,,,,,,,
tweve_fum_1490,Se7en by Vj Ulio,"Two homicide detectives are on a desperate hunt for a serial killer whose crimes are based on the ""seven deadly […]",https://movies.ug/videosMnt/Morgan%20Freeman-Se7en%20(1995)%20vj%20ulio.mp4,https://movies.ug/videosMnt/Morgan%20Freeman-Se7en%20(1995)%20vj%20ulio.mp4,,https://fumhub.com/wp-content/uploads/2026/03/191nKfP0ehp3uIvWqgPbFmI4lv9.jpg,,,,,,,2024-01-01 00:00:00+00,,0,true,,,,,,,,,,,
tweve_fum_1493,Nothing to Lose by Vj Junior,"Advertising executive Nick Beame learns that his wife is sleeping with his employer. In a state of despair, he encounters […]",https://movies.ug/videosMnt/Martin%20Lawrence-Nothing%20to%20Lose%20(1997)%20vj%20junior.mp4,https://movies.ug/videosMnt/Martin%20Lawrence-Nothing%20to%20Lose%20(1997)%20vj%20junior.mp4,,https://fumhub.com/wp-content/uploads/2026/03/umbzQyRMeB1oHTKiymTlH591xNB.jpg,,,,,,,2024-01-01 00:00:00+00,,0,true,,,,,,,,,,,
tweve_fum_1496,Jason X by Vj Emmy,"In the year 2455, Old Earth is now a contaminated planet abandoned for centuries — a brown world of violent […]",https://movies.ug/videosMnt/Kane%20Hodder-Jason%20X%20(2001)%20vj%20emmy.mp4,https://movies.ug/videosMnt/Kane%20Hodder-Jason%20X%20(2001)%20vj%20emmy.mp4,,https://fumhub.com/wp-content/uploads/2026/03/ggOND0hfoE0f3K857joSzEeIchb.jpg,,,,,,,2024-01-01 00:00:00+00,,0,true,,,,,,,,,,,
tweve_fum_1499,Hardball by Vj jovan,"An aimless young man who is scalping tickets, gambling and drinking, agrees to coach a Little League team from the […]",https://movies.ug/videosMnt/Keanu%20Reeves-Hardball%20(2001)%20vj%20jovan.mp4,https://movies.ug/videosMnt/Keanu%20Reeves-Hardball%20(2001)%20vj%20jovan.mp4,,https://fumhub.com/wp-content/uploads/2026/03/9RMcwwnK8a9WCt8dVlwmtNsFCg3.jpg,,,,,,,2024-01-01 00:00:00+00,,0,true,,,,,,,,,,,
tweve_fum_1502,Final Destination 3 by vj junior,"High school senior Wendy's premonition of a deadly rollercoaster ride saves her life and a lucky few, but not from […]",https://movies.ug/videosMnt/Mary%20Elizabeth%20Winstead-Final%20Destination%203%20(2006)%20vj%20junior.mp4,https://movies.ug/videosMnt/Mary%20Elizabeth%20Winstead-Final%20Destination%203%20(2006)%20vj%20junior.mp4,,https://fumhub.com/wp-content/uploads/2026/03/p7ARuNKUGPGvkBiDtIDvAzYzonX.jpg,,,,,,,2024-01-01 00:00:00+00,,0,true,,,,,,,,,,,
tweve_fum_1505,Final Destination by Vj Junior,"After a teenager has a terrifying vision of him and his friends dying in a plane crash, he prevents the […]",https://movies.ug/videosMnt/Devon%20Sawa-Final%20Destination%20(2000)%20vj%20junior.mp4,https://movies.ug/videosMnt/Devon%20Sawa-Final%20Destination%20(2000)%20vj%20junior.mp4,,https://fumhub.com/wp-content/uploads/2026/03/1mXhlQMnlfvJ2frxTjZSQNnA9Vp.jpg,,,,,,,2024-01-01 00:00:00+00,,0,true,,,,,,,,,,,
tweve_fum_1508,Drag Me to Hell by Vj Junior,"After denying a woman the extension she needs to keep her home, loan officer Christine Brown sees her once-promising life […]",https://movies.ug/videosMnt/Alison%20Lohman-Drag%20Me%20to%20Hell%20(2009)%20vj%20junior.mp4,https://movies.ug/videosMnt/Alison%20Lohman-Drag%20Me%20to%20Hell%20(2009)%20vj%20junior.mp4,,https://fumhub.com/wp-content/uploads/2026/03/fdyejM5Zd6dsa0YyWa02ZAKwQzK.jpg,,,,,,,2024-01-01 00:00:00+00,,0,true,,,,,,,,,,,
tweve_fum_1511,Drillbit Taylor by Vj Junior,"Dealing with a sociopathic school bully, three high school freshmen hire a low-budget bodyguard to protect them, not realizing he […]",https://movies.ug/videosMnt/Owen%20Wilson-Drillbit%20Taylor%20(2008)%20vj%20junior.mp4,https://movies.ug/videosMnt/Owen%20Wilson-Drillbit%20Taylor%20(2008)%20vj%20junior.mp4,,https://fumhub.com/wp-content/uploads/2026/03/shqO696kFnM8Z4ODa3JglcjP97u.jpg,,,,,,,2024-01-01 00:00:00+00,,0,true,,,,,,,,,,,
tweve_fum_1514,The Substitute by Vj Emmy,"When an inner-city Miami schoolteacher gets her knee broken after standing up to the school's gang leader, her mercenary combat […]",https://movies.ug/videosMnt/Tom%20Berenger-The%20Substitute%20(1996)%20vj%20emmy.mp4,https://movies.ug/videosMnt/Tom%20Berenger-The%20Substitute%20(1996)%20vj%20emmy.mp4,,https://fumhub.com/wp-content/uploads/2026/03/7vfzvhPMNauUXrVxVOPEfpOsful.jpg,,,,,,,2024-01-01 00:00:00+00,,0,true,,,,,,,,,,,
tweve_fum_1517,The Number 23 by Vj Emmy,"Animal control officer Walter Sparrow becomes obsessed with a novel that he believes was written about him, as more and […]",https://movies.ug/videosMnt/Jim%20Carrey-The%20Number%2023%20(2007)%20vj%20emmy.mp4,https://movies.ug/videosMnt/Jim%20Carrey-The%20Number%2023%20(2007)%20vj%20emmy.mp4,,https://fumhub.com/wp-content/uploads/2026/03/iPJwdvgX3I5dEw9QhDOG3hxUvMp.jpg,,,,,,,2024-01-01 00:00:00+00,,0,true,,,,,,,,,,,
tweve_fum_1520,Seconds to Spare by Vj Emmy,"When a deadly assassin hijacks a passenger train, he threatens to detonate a deadly can of poison that can wipe […]",https://movies.ug/videosMnt/Antonio%20Sabato%20Jr.-Seconds%20to%20Spare%20(2002)%20vj%20emmy.mp4,https://movies.ug/videosMnt/Antonio%20Sabato%20Jr.-Seconds%20to%20Spare%20(2002)%20vj%20emmy.mp4,,https://fumhub.com/wp-content/uploads/2026/03/vDgc6pFHE1iw9fhFIuTaq23QPNr.jpg,,,,,,,2024-01-01 00:00:00+00,,0,true,,,,,,,,,,,
tweve_fum_1523,Phone Booth by Vj Junior,A slick New York publicist who picks up a ringing receiver in a phone booth is told that if he […],https://movies.ug/videosMnt/Colin%20Farrell-Phone%20Booth%20(2002)%20vj%20junior.mp4,https://movies.ug/videosMnt/Colin%20Farrell-Phone%20Booth%20(2002)%20vj%20junior.mp4,,https://fumhub.com/wp-content/uploads/2026/03/r6lIwPKVDa6Q76qH2TbIBqPhXL3.jpg,,,,,,,2024-01-01 00:00:00+00,,0,true,,,,,,,,,,,
tweve_fum_1526,Dragon Tiger Gate by Vj Jingo,Three young martial arts masters emerge from the back streets of Hong Kong to help the powerless fight injustice.,https://movies.ug/videosMnt/Yuk%20Long%20Wong-Dragon%20Tiger%20Gate%20(2006)%20vj%20jingo.mp4,https://movies.ug/videosMnt/Yuk%20Long%20Wong-Dragon%20Tiger%20Gate%20(2006)%20vj%20jingo.mp4,,https://fumhub.com/wp-content/uploads/2026/03/qamxFxSDtxFk4WPOp5bOYroLqFa.jpg,,,,,,,2024-01-01 00:00:00+00,,0,true,,,,,,,,,,,
tweve_fum_1529,Dragon: The Bruce Lee Story by Vj Mark,"This film is a glimpse into the life, love and the unconquerable spirit of the legendary Bruce Lee. From a […]",https://movies.ug/videosMnt/Jason%20Scott%20Lee-Dragon:%20The%20Bruce%20Lee%20Story%20(1993)%20vj%20mark.mp4,https://movies.ug/videosMnt/Jason%20Scott%20Lee-Dragon:%20The%20Bruce%20Lee%20Story%20(1993)%20vj%20mark.mp4,,https://fumhub.com/wp-content/uploads/2026/03/lxhsdC8wuGgQf0gKCt8wyHHxGcQ.jpg,,,,,,,2024-01-01 00:00:00+00,,0,true,,,,,,,,,,,
tweve_fum_1532,Contract Killers by Vj Emmy,A CIA assassin attempts to break out of the contract killing business to try to lead a normal life. But […],https://movies.ug/videosMnt/Frida%20Farrell-Contract%20Killers%20(2008)%20vj%20emmy.mp4,https://movies.ug/videosMnt/Frida%20Farrell-Contract%20Killers%20(2008)%20vj%20emmy.mp4,,https://fumhub.com/wp-content/uploads/2026/03/lfL4koU1lAHwKEQK6hd9VcwnDjS.jpg,,,,,,,2024-01-01 00:00:00+00,,0,true,,,,,,,,,,,
tweve_fum_1535,Coming to America by Vj Junior,An African prince decides it’s time for him to find a princess… and his mission leads him and his most […],https://movies.ug/videosMnt/Eddie%20Murphy-Coming%20to%20America%20(1988)%20vj%20junior.mp4,https://movies.ug/videosMnt/Eddie%20Murphy-Coming%20to%20America%20(1988)%20vj%20junior.mp4,,https://fumhub.com/wp-content/uploads/2026/03/8YZiA1o264dk0cr1USyMdph6SZl.jpg,,,,,,,2024-01-01 00:00:00+00,,0,true,,,,,,,,,,,
tweve_fum_1538,Big by Vj Emmy,When a young boy makes a wish at a carnival machine to be big—he wakes up the following morning to […],https://movies.ug/videosMnt/Tom%20Hanks-Big%20(1988)%20vj%20emmy.mp4,https://movies.ug/videosMnt/Tom%20Hanks-Big%20(1988)%20vj%20emmy.mp4,,https://fumhub.com/wp-content/uploads/2026/03/eWhCDJiwxvx3YXkAFRiHjimnF0j.jpg,,,,,,,2024-01-01 00:00:00+00,,0,true,,,,,,,,,,,
tweve_fum_1541,Back to School by Vj Emmy,Self-made millionaire Thornton Melon decides to get a better education and enrolls at his son Jason's college. While Jason tries […],https://mobifliks.info/downloadmp4.php?file=luganda/Back%20To%20School%20by%20Vj%20Emmy%20-%20Mobifliks.com.mp4,https://mobifliks.info/downloadmp4.php?file=luganda/Back%20To%20School%20by%20Vj%20Emmy%20-%20Mobifliks.com.mp4,,https://fumhub.com/wp-content/uploads/2026/03/bIQH3dptGaMBtwos7j9lEHt65BV.jpg,,,,,,,2024-01-01 00:00:00+00,,0,true,,,,,,,,,,,
tweve_fum_1544,Igor by Vj Martin K,"A cliché hunchbacked evil scientist's assistant aspires to become a scientist himself, much to the displeasure of the rest of […]",https://mobifliks.info/downloadmp4.php?file=luganda/Igor%20by%20Vj%20Martin%20K%20-%20Mobifliks.com.mp4,https://mobifliks.info/downloadmp4.php?file=luganda/Igor%20by%20Vj%20Martin%20K%20-%20Mobifliks.com.mp4,,https://fumhub.com/wp-content/uploads/2026/03/mI4SPs0bZQm7bGVZKToC8KUsTd.jpg,,,,,,,2024-01-01 00:00:00+00,,0,true,,,,,,,,,,,
tweve_fum_1547,The International by Vj Junior,An interpol agent and an attorney are determined to bring one of the world's most powerful banks to justice. Uncovering […],https://mobifliks.info/downloadmp4.php?file=luganda/The%20International%20by%20Vj%20Junior%20-%20Mobifliks.com.mp4,https://mobifliks.info/downloadmp4.php?file=luganda/The%20International%20by%20Vj%20Junior%20-%20Mobifliks.com.mp4,,https://fumhub.com/wp-content/uploads/2026/03/fneofXacvudxNUKyM61UtoilHRI.jpg,,,,,,,2024-01-01 00:00:00+00,,0,true,,,,,,,,,,,
tweve_fum_1552,Fifty Shades of Grey by Vj Junior,When college senior Anastasia Steele steps in for her sick roommate to interview prominent businessman Christian Grey for their campus […],https://jtzmag.com/movies1/FIFTY_SHADES_OF_GREY_JR.mp4,https://jtzmag.com/movies1/FIFTY_SHADES_OF_GREY_JR.mp4,,https://fumhub.com/wp-content/uploads/2026/03/63kGofUkt1Mx0SIL4XI4Z5AoSgt.jpg,,,,,,,2024-01-01 00:00:00+00,,0,true,,,,,,,,,,,
tweve_fum_1555,Relationship Goals by Vj Junior,"When TV producer Leah Caldwell aims to become the first woman running New York's top morning show, her ex competes […]",https://jtzmag.com/movies1/RELATIONSHIP%20GOALS%20JR.2026.mp4,https://jtzmag.com/movies1/RELATIONSHIP%20GOALS%20JR.2026.mp4,,https://fumhub.com/wp-content/uploads/2026/03/o7dVxvZIKnAB7k1eeeWp2k14Es7.jpg,,,,,,,2024-01-01 00:00:00+00,,0,true,,,,,,,,,,,
tweve_fum_1558,Kalikot,"Sal, a hot single professor, moves across an auto service shop and rocks the world of young repairman Arnel. Ever […]",https://storage.newlinebusega.com/disk2/SERIES%20FOR%20OTHER%20VJ%20/COMPLETE%20SERIES/1080/ZAIDI%20NEWW/KALIKOT%20VJ%20ZAIDI%20PRO.mkv,,,https://fumhub.com/wp-content/uploads/2026/03/bnOz6hfBTOIDYyrj8P3Pcj4uVzE.jpg,,,,,,,2024-01-01 00:00:00+00,,0,true,,,,,,,,,,,
tweve_fum_1561,Fight Back to School by Vj Emmy,Chow Sing Sing is about to be kicked out of the Royal Hong Kong Police's elite Special Duties Unit. But […],https://jtzmag.com/movies1/Fight.Back.To.School.mp4,https://jtzmag.com/movies1/Fight.Back.To.School.mp4,,https://fumhub.com/wp-content/uploads/2026/03/8sC9PZVxrFNtHi3sYKxm6bFasg6.jpg,,,,,,,2024-01-01 00:00:00+00,,0,true,,,,,,,,,,,
tweve_fum_1564,Gladiator Underground by Vj Emmy,"Two brothers compete in the world's deadliest underground fighting tournament, where they must decide whether to play by the rules […]",https://jtzmag.com/movies1/Gladiator%20Underground.mp4,https://jtzmag.com/movies1/Gladiator%20Underground.mp4,,https://fumhub.com/wp-content/uploads/2026/03/qLN16AeIjS5P5Kk5B6pBi1Mh1mi.jpg,,,,,,,2024-01-01 00:00:00+00,,0,true,,,,,,,,,,,
tweve_fum_1568,Cobra by Vj Emmy,A tough-on-crime street cop must protect the only surviving witness to a strange murderous cult with far reaching plans.,https://jtzmag.com/movies1/COBRA___VJ%20EMMY.2025.mp4,https://jtzmag.com/movies1/COBRA___VJ%20EMMY.2025.mp4,,https://fumhub.com/wp-content/uploads/2026/03/jCxfbTh8JvJil5edhNywxaTHoWv.jpg,,,,,,,2024-01-01 00:00:00+00,,0,true,,,,,,,,,,,
tweve_fum_1571,Night Guards by Vj Emmy,"When eighteen-year-old Pasha rescues a beautiful young woman from a band of strangely powerful attackers, he discovers an underworld of […]",https://mobifliks.info/downloadmp4.php?file=luganda/Guardians%20of%20The%20Night%20by%20Vj%20Emmy%20%20-%20Mobifliks.com.mp4,https://mobifliks.info/downloadmp4.php?file=luganda/Guardians%20of%20The%20Night%20by%20Vj%20Emmy%20%20-%20Mobifliks.com.mp4,,https://fumhub.com/wp-content/uploads/2026/03/jj1WvBwmGUYJKdsd12xhOol5trP.jpg,,,,,,,2024-01-01 00:00:00+00,,0,true,,,,,,,,,,,
tweve_fum_1574,The Sandman by Vj Emmy,A monster from a little girl's nightmares comes to life and attacks anyone who would harm her.,https://jimmy.pearlpix.xyz/december/VJ%20EMMY/WEEK%202/THE%20SANDMAN%20EMMY%202025.mkv,,,https://fumhub.com/wp-content/uploads/2026/03/iak7mWZNIoYYS6KI4bzcIKONX2w.jpg,,,,,,,2024-01-01 00:00:00+00,,0,true,,,,,,,,,,,
tweve_fum_1577,Muzzle: City of Wolves by Vj Emmy,"LAPD officer Jake Rosser endeavors to lead a peaceful life with his family and retired K-9 officer, Socks. However, tranquility […]",https://namzentertainments.xyz/NEW%20PRO/MUZZLE.CITY.OF.WOLVES.EMMY.2025.mp4,https://namzentertainments.xyz/NEW%20PRO/MUZZLE.CITY.OF.WOLVES.EMMY.2025.mp4,,https://fumhub.com/wp-content/uploads/2026/03/8qTMRmC07XCGidnKQFLbRM3FoDU.jpg,,,,,,,2024-01-01 00:00:00+00,,0,true,,,,,,,,,,,
tweve_fum_1580,The Predator by Vj Emmy,"When a young boy accidentally triggers the universe's most lethal hunters' return to Earth, only a ragtag crew of ex-soldiers […]",https://jimmy.pearlpix.xyz/WEEK%203%20OCT%202025/ZME%20.37/PREDATOR%20UPGRADE%20%20-%20EMMY.mkv,,,https://fumhub.com/wp-content/uploads/2026/03/a3eWGF6YPF7No5Rbtjc8QpDvz7l.jpg,,,,,,,2024-01-01 00:00:00+00,,0,true,,,,,,,,,,,
tweve_fum_1583,Hollow Creek by Vj Emmy,"Trying to find inspiration for his next horror novel, Blake retreats to the Appalachian Mountains with his mistress, Angelica. Upon […]",https://jimmy.pearlpix.xyz/WEEK%203%20OCT%202025/ZME%20.37/HOLLOW%20CREEK%20-%20EMMY.mkv,,,https://fumhub.com/wp-content/uploads/2026/03/7Nt3mHrGP98gqplvxN0RnWY2qjn.jpg,,,,,,,2024-01-01 00:00:00+00,,0,true,,,,,,,,,,,
tweve_fum_1586,Bridge to Terabithia by Vj Emmy,Jesse Aarons trained all summer to become the fastest runner in school. So he's very upset when newcomer Leslie Burke […],https://jimmy.pearlpix.xyz/WEEK%203%20OCT%202025/ZME%20.37/BRIDGE%20TO%20TERABITHIA%20-%20EMMY.mkv,,,https://fumhub.com/wp-content/uploads/2026/03/3xFxGodKPMFLheS8rujFSmLfcq4.jpg,,,,,,,2024-01-01 00:00:00+00,,0,true,,,,,,,,,,,
tweve_fum_1589,Mr. Magoo by Vj Emmy,"Mr. Magoo, a man with terrible eyesight, gets caught up in a museum robbery.","https://watch.kpsounds.com/watch/Honey,%20I%20shruk%20the%20kids%20(1989)-%20Emmy%20Kp%20Sounds%20Watch.mp4","https://watch.kpsounds.com/watch/Honey,%20I%20shruk%20the%20kids%20(1989)-%20Emmy%20Kp%20Sounds%20Watch.mp4",,https://fumhub.com/wp-content/uploads/2026/03/po5CfSBmmATuCNIt7M1G7xOPuUK.jpg,,,,,,,2024-01-01 00:00:00+00,,0,true,,,,,,,,,,,
tweve_fum_1592,Dragonquest by Vj Emmy,"When an ancient warlord summons a mythological beast, a young hero must complete a series of quests to awaken the […]",https://namzentertainments.xyz/NEW%20PRO/DRAGONQUEST%20VJ%20EMMY.mp4,https://namzentertainments.xyz/NEW%20PRO/DRAGONQUEST%20VJ%20EMMY.mp4,,https://fumhub.com/wp-content/uploads/2026/03/4uvWhwQili4U1Zl6iFxWNoWX3U8.jpg,,,,,,,2024-01-01 00:00:00+00,,0,true,,,,,,,,,,,
tweve_fum_1595,Girl in the Attic by Vj Emmy,Kelsey honors her late mother by training for a marathon and sharing her journey online. Her posts attract Billy (Keenan […],https://namzentertainments.xyz/NEW%20PRO/Girl%20in%20the%20Attic%20vj%20emmy.mp4,https://namzentertainments.xyz/NEW%20PRO/Girl%20in%20the%20Attic%20vj%20emmy.mp4,,https://fumhub.com/wp-content/uploads/2026/03/ymH9eGV2Z48iW5hz15qcyhoQAhh.jpg,,,,,,,2024-01-01 00:00:00+00,,0,true,,,,,,,,,,,
tweve_fum_1598,Please Don't Feed the Children by Vj Emmy,"After a viral outbreak ravaged the country’s adult population, a group of orphans heads south in search of a new […]",https://watch.kpsounds.com/watch/Please%20dont%20feed%20the%20children(2025)-%20Emmy%20Kp%20Sounds%20Watch.mp4,https://watch.kpsounds.com/watch/Please%20dont%20feed%20the%20children(2025)-%20Emmy%20Kp%20Sounds%20Watch.mp4,,https://fumhub.com/wp-content/uploads/2026/03/GoIIdrjmXo587L2s2mqgMFvBIs.jpg,,,,,,,2024-01-01 00:00:00+00,,0,true,,,,,,,,,,,
tweve_fum_1601,The Objective by Vj Emmy,A team of US Special Ops forces is dispatched to a remote mountain region of Afghanistan with orders to locate […],https://namzentertainments.xyz/NEW%20PRO/The.Objective.2008.720%20VJ%20EMMY@katflix..mp4,https://namzentertainments.xyz/NEW%20PRO/The.Objective.2008.720%20VJ%20EMMY@katflix..mp4,,https://fumhub.com/wp-content/uploads/2026/03/7Kp8e43AjcNKWvfpLMD3DaCHMwW.jpg,,,,,,,2024-01-01 00:00:00+00,,0,true,,,,,,,,,,,
tweve_fum_1604,Dragon Quest: Your Story by Vj Emmy,Luca follows in his father's footsteps to rescue his mother from evil Ladja. Finding the heavenly hero who wields the […],https://namzentertainments.xyz/NEW%20PRO/DRAGONQUEST%20VJ%20EMMY.mp4,https://namzentertainments.xyz/NEW%20PRO/DRAGONQUEST%20VJ%20EMMY.mp4,,https://fumhub.com/wp-content/uploads/2026/03/5R70ehKGh5V0ZYOdikxwSfoLGMt.jpg,,,,,,,2024-01-01 00:00:00+00,,0,true,,,,,,,,,,,
tweve_fum_1607,Leo by Vj Emmy,Jaded 74-year-old lizard Leo has been stuck in the same Florida classroom for decades with his terrarium-mate turtle. When he […],https://namzentertainments.xyz/projects/musa/movies/New%20folder/kam/Leo%202023.720%20Vj%20EMMY.mp4,https://namzentertainments.xyz/projects/musa/movies/New%20folder/kam/Leo%202023.720%20Vj%20EMMY.mp4,,https://fumhub.com/wp-content/uploads/2026/03/gSOVog7ydsaF1YpgAqBqnKYFGY.jpg,,,,,,,2024-01-01 00:00:00+00,,0,true,,,,,,,,,,,
tweve_fum_1610,Deep Fear by Vj Emmy,A solo trip aboard a yacht takes a terrifying turn when a woman encounters three drug traffickers clinging to the […],https://namzentertainments.xyz/projects/musa/movies/Deep%20Fear%202023%20VJ%20EMMY.720.mp4,https://namzentertainments.xyz/projects/musa/movies/Deep%20Fear%202023%20VJ%20EMMY.720.mp4,,https://fumhub.com/wp-content/uploads/2026/03/ms1omYCnhnO3eDOI88tfiy6SaoX.jpg,,,,,,,2024-01-01 00:00:00+00,,0,true,,,,,,,,,,,
tweve_fum_1613,Fatal Flip by Vj Emmy,"When a young couple hires a carpenter to help renovate a home they’ve purchased to flip, they get more than […]",https://namzentertainments.xyz/NEW%20PRO/FATAL%20FLIP%20-%20EMMY%20.mp4,https://namzentertainments.xyz/NEW%20PRO/FATAL%20FLIP%20-%20EMMY%20.mp4,,https://fumhub.com/wp-content/uploads/2026/02/zIn8k1E8LLilpJxoAms20UZiiPo.jpg,,,,,,,2024-01-01 00:00:00+00,,0,true,,,,,,,,,,,
tweve_fum_1615,Black Phone 2 by Vj Emmy,"Four years after defeating The Grabber, Finney Blake is struggling with life after captivity. When his younger sister Gwen begins […]",https://namzentertainments.xyz/NEW%20PRO/BLACK.PHONE.2.VJ.EMMY.2025.mp4,https://namzentertainments.xyz/NEW%20PRO/BLACK.PHONE.2.VJ.EMMY.2025.mp4,,https://fumhub.com/wp-content/uploads/2026/03/gFddBLQ8wj9M9O82iPzgX5KVNHz.jpg,,,,,,,2024-01-01 00:00:00+00,,0,true,,,,,,,,,,,
tweve_fum_1618,Icefall by Vj Emmy,A young Indigenous game warden arrests an infamous poacher only to discover that the poacher knows the location of a […],https://namzentertainments.xyz/NEW%20PRO/Ice.Fall.2025.720%20VJ%20EMMY.mp4,https://namzentertainments.xyz/NEW%20PRO/Ice.Fall.2025.720%20VJ%20EMMY.mp4,,https://fumhub.com/wp-content/uploads/2026/03/5Byv6nznAb2Izd0gHpODOXnuSbo.jpg,,,,,,,2024-01-01 00:00:00+00,,0,true,,,,,,,,,,,
tweve_fum_1621,Safe House by Vj Emmy,"Trapped in a high-security safe house after a terrorist attack in downtown Los Angeles, six government agents realize they must […]",https://namzentertainments.xyz/NEW%20PRO/Safe.House.2025.720%20VJ%20EMMY.mp4,https://namzentertainments.xyz/NEW%20PRO/Safe.House.2025.720%20VJ%20EMMY.mp4,,https://fumhub.com/wp-content/uploads/2026/03/jlQW7qPp9j6yGqiIEcB3uNYbjys.jpg,,,,,,,2024-01-01 00:00:00+00,,0,true,,,,,,,,,,,
tweve_fum_1624,Third Eye by Vj Emmy,A young woman's supernatural ability to see ghosts is reawakened following the death of her mother. As she adjusts to […],https://jimmy.pearlpix.xyz/NOVEMBER%20SINGLES/THE.THIRD.EYE.EMMY.mkv,,,https://fumhub.com/wp-content/uploads/2026/03/ej0SGsS2tikkpoZ0Dt5jYnSp1h4.jpg,,,,,,,2024-01-01 00:00:00+00,,0,true,,,,,,,,,,,
tweve_fum_1627,Apple Mortgage Cake by Vj Emmy,The inspirational true story of a woman who decides to bake 100 apple cakes and sell them at $40 each […],https://jimmy.pearlpix.xyz/VJ%20JUNIOR/NEW%20NEW/APPLE%20MORTGAGE%20CAKE%20-%20EMMY.mkv,,,https://fumhub.com/wp-content/uploads/2026/03/3Zj7izQrWut3cq5Zwn9Ut6qKchY.jpg,,,,,,,2024-01-01 00:00:00+00,,0,true,,,,,,,,,,,
tweve_fum_1630,Are We Done Yet? 2 By Vj Emmy,Newlyweds Nick and Suzanne decide to move to the suburbs to provide a better life for their two kids. But […],https://jimmy.pearlpix.xyz/REMAKES%205/ARE%20WE%20DONE%20YET%20%20.%202%20-%20EMMY.mkv,,,https://fumhub.com/wp-content/uploads/2026/03/uZ9NZh4zB80phMxo5PucFyWagjG.jpg,,,,,,,2024-01-01 00:00:00+00,,0,true,,,,,,,,,,,
tweve_fum_1633,Grizzly Park by Vj Emmy,A giant grizzly bear stalks 8 troubled young adults and a park ranger in a forest reserve called Grizzly Park […],https://jimmy.pearlpix.xyz/VJ%20JUNIOR/NEW%20NEW/GRIZZLY%20PARK%20-%20EMMY.mkv,,,https://fumhub.com/wp-content/uploads/2026/03/zyr06ktRtCfRPXgwZMLxzRlFJij.jpg,,,,,,,2024-01-01 00:00:00+00,,0,true,,,,,,,,,,,
tweve_fum_1636,The Hand That Rocks the Cradle by Vj Emmy,Suburban couple Caitlin and Miguel hire the seemingly sweet Polly to take care of their newborn baby. But Polly's true […],https://jimmy.pearlpix.xyz/VJ%20JUNIOR/NEW%20NEW/THE.HAND.THAT.ROCKS.THE.CRADLE.EMMY.2025.mkv,,,https://fumhub.com/wp-content/uploads/2026/03/qnLwCl7HPprx3OQCPXHIRZXOfPw.jpg,,,,,,,2024-01-01 00:00:00+00,,0,true,,,,,,,,,,,
tweve_fum_1639,Taoist from the Mountains by Vj Emmy,"Yin Thirteen and Fatty Shi are good friends, and they hang out at the Maoshan bar. Yin Thirteen is pro […]",https://jimmy.pearlpix.xyz/REMAKES%204/MONKS%20COMES%20DOWN%20THE%20MOUNTAIN%20-%20EMMY.mkv,,,https://fumhub.com/wp-content/uploads/2026/03/fuTcGTFROFC5PRoSRR7i2plpXDq.jpg,,,,,,,2024-01-01 00:00:00+00,,0,true,,,,,,,,,,,
tweve_fum_1644,Magic Boys by Vj Emmy,"After witnessing a murder, a hapless pair of misfits escape their own near death experience by posing as male strippers […]",https://jtzmag.com/movies1/MAGIC_BOYS_EMMY.mp4,https://jtzmag.com/movies1/MAGIC_BOYS_EMMY.mp4,,https://fumhub.com/wp-content/uploads/2026/03/vc3mVncG2diCI4tz9GlXK57DHnJ.jpg,,,,,,,2024-01-01 00:00:00+00,,0,true,,,,,,,,,,,
tweve_fum_1647,Glass Onion: A Knives Out Mystery,World-famous detective Benoit Blanc heads to Greece to peel back the layers of a mystery surrounding a tech billionaire and […],https://jtzmag.com/movies1/KNIVES_OUT_GLASS_ONION_B_ULIO.mp4,https://jtzmag.com/movies1/KNIVES_OUT_GLASS_ONION_B_ULIO.mp4,,https://fumhub.com/wp-content/uploads/2026/03/vDGr1YdrlfbU9wxTOdpf3zChmv9.jpg,,,,,,,2024-01-01 00:00:00+00,,0,true,,,,,,,,,,,
tweve_fum_1650,STRAW by Vj Ice P,What will be her last straw? A devastatingly bad day pushes a hardworking single mother to the breaking point — […],https://jtzmag.com/movies1/STRAW_ICEP.mp4,https://jtzmag.com/movies1/STRAW_ICEP.mp4,,https://fumhub.com/wp-content/uploads/2026/03/t3cmnXYtxJb9vVL1ThvT2CWSe1n.jpg,,,,,,,2024-01-01 00:00:00+00,,0,true,,,,,,,,,,,
tweve_fum_1653,Eli by Vj Junior,A boy named Eli with a rare autoimmune disorder is confined to a special experimental clinic for his treatment. He […],https://jtzmag.com/movies1/ELI_JR.mp4,https://jtzmag.com/movies1/ELI_JR.mp4,,https://fumhub.com/wp-content/uploads/2026/03/wLKypXb7St0UknM2JIKZB2RtHXV.jpg,,,,,,,2024-01-01 00:00:00+00,,0,true,,,,,,,,,,,
tweve_fum_1656,Consecration by Vj Junior,"After the alleged suicide of her priest brother, Grace travels to the remote Scottish convent where he fell to his […]",https://jtzmag.com/movies1/CONSECRATION_JR.mp4,https://jtzmag.com/movies1/CONSECRATION_JR.mp4,,https://fumhub.com/wp-content/uploads/2026/03/yQTRmPzKAdLodknnPVtImm6FWPZ.jpg,,,,,,,2024-01-01 00:00:00+00,,0,true,,,,,,,,,,,
tweve_fum_1659,Unexpected Family by Vj Soul,"When an aging local starts to lose his memory, those around him decide to recreate an important family moment in […]",https://jtzmag.com/movies1/UNEXPECTED_FAMILY_SOUL.mp4,https://jtzmag.com/movies1/UNEXPECTED_FAMILY_SOUL.mp4,,https://fumhub.com/wp-content/uploads/2026/03/o3tNxvZ0eGfVtWRxr0GAX9FmYhD.jpg,,,,,,,2024-01-01 00:00:00+00,,0,true,,,,,,,,,,,
tweve_fum_1662,Adoration by Vj Junior,"Lil and Roz are two lifelong friends, having grown up together as neighbors in an idyllic beach town. As adults, […]",https://namzentertainments.xyz/project/SMART%202/Adore%20by%20Vj%20Junior.mp4,https://namzentertainments.xyz/project/SMART%202/Adore%20by%20Vj%20Junior.mp4,,https://fumhub.com/wp-content/uploads/2026/03/hIQqIeG7Ude0QRUFntdLtsAUEBB.jpg,,,,,,,2024-01-01 00:00:00+00,,0,true,,,,,,,,,,,
tweve_fum_1665,Gods of Egypt by Vj Junior,A common thief joins a mythical god on a quest through Egypt.,https://thistime.mlegacytv.com/MOVIE/TRENDS/GODS%20OF%20EGYPT.2016.1080p.JR.mkv,,,https://fumhub.com/wp-content/uploads/2026/03/hzH7fwaTyQNITLo40Hu3R7cVMqv.jpg,,,,,,,2024-01-01 00:00:00+00,,0,true,,,,,,,,,,,
tweve_fum_1668,Break Through by Vj Emmy,A retired bodyguard fights a deadly duel with criminals to save his daughter. Da Rong was once one of Southeast […],https://namzentertainments.xyz/project/junior%20new/Breakthrough%20by%20Vj%20Junior.mp4,https://namzentertainments.xyz/project/junior%20new/Breakthrough%20by%20Vj%20Junior.mp4,,https://fumhub.com/wp-content/uploads/2026/03/ksR0uk85Hhp0uSVjQ3m2qZkcfNq.jpg,,,,,,,2024-01-01 00:00:00+00,,0,true,,,,,,,,,,,
tweve_fum_1671,Hooking Up by Vj Junior,"After ""hooking up"" with a series of guys at a house party, April is the talk of her high school.",https://namzentertainments.xyz/project/junior%20new/Hooking%20Up%20by%20Vj%20Junior.mp4,https://namzentertainments.xyz/project/junior%20new/Hooking%20Up%20by%20Vj%20Junior.mp4,,https://fumhub.com/wp-content/uploads/2026/03/uWLoODORHZMjHvy8HW7HsUw3B74.jpg,,,,,,,2024-01-01 00:00:00+00,,0,true,,,,,,,,,,,
tweve_fum_1674,Coyote Ugly by Vj Junior,"Graced with a velvet voice, 21-year-old Violet Sanford heads to New York to pursue her dream of becoming a songwriter […]",https://namzentertainments.xyz/project/junior%20new/Coyote%20Ugly%20by%20Vj%20Junior.mp4,https://namzentertainments.xyz/project/junior%20new/Coyote%20Ugly%20by%20Vj%20Junior.mp4,,https://fumhub.com/wp-content/uploads/2026/03/xYM0laKrEqjiRSQNvqRrXPXN3iL.jpg,,,,,,,2024-01-01 00:00:00+00,,0,true,,,,,,,,,,,
tweve_fum_1677,See You on Venus by Vj,"Mia and Kyle, two misfit American teens, travel to Spain in search of Mia's birth mother. As the pair road […]",https://www.mobifliks.info/videos/luganda/See%20You%20On%20Venus%20by%20Vj%20Ulio%20-%20Mobifliks.com.mp4,https://www.mobifliks.info/videos/luganda/See%20You%20On%20Venus%20by%20Vj%20Ulio%20-%20Mobifliks.com.mp4,,https://fumhub.com/wp-content/uploads/2026/03/mEE73FsCLs800A9aUEbDs4qrQQg.jpg,,,,,,,2024-01-01 00:00:00+00,,0,true,,,,,,,,,,,
tweve_fum_1680,Oblivion by Vj Junior,Jack Harper is one of the last few drone repairmen stationed on Earth. Part of a massive operation to extract […],https://namzentertainments.xyz/projects/next%202/New%20folder/Oblivion.2013.1080p.mp4,https://namzentertainments.xyz/projects/next%202/New%20folder/Oblivion.2013.1080p.mp4,,https://fumhub.com/wp-content/uploads/2026/03/5Onf4TW3mZn3oLeKVr9W4FGomQQ.jpg,,,,,,,2024-01-01 00:00:00+00,,0,true,,,,,,,,,,,
tweve_fum_1683,Sex Tape by Vj Junior,"When Jay and Annie first got together, their romantic connection was intense – but ten years and two kids later, […]",https://namzentertainments.xyz/projects/next%202/New%20folder/Sex.Tape.2014.%20vj%20junior.mp4,https://namzentertainments.xyz/projects/next%202/New%20folder/Sex.Tape.2014.%20vj%20junior.mp4,,https://fumhub.com/wp-content/uploads/2026/03/pFdS7SIdjcrYXtf141dabWVly9B.jpg,,,,,,,2024-01-01 00:00:00+00,,0,true,,,,,,,,,,,
tweve_fum_1686,The Photograph by Vj Junior,"When famed photographer Christina Eames dies unexpectedly, she leaves her estranged daughter, Mae, hurt, angry and full of questions. When […]",https://namzentertainments.xyz/project/junior%20new/The%20Photograph%20by%20Vj%20Junior.mp4,https://namzentertainments.xyz/project/junior%20new/The%20Photograph%20by%20Vj%20Junior.mp4,,https://fumhub.com/wp-content/uploads/2026/03/cdqZqIcWt0Ne2Io2OA9iWqqMuCA.jpg,,,,,,,2024-01-01 00:00:00+00,,0,true,,,,,,,,,,,
tweve_fum_1689,Beautiful Disaster by Vj,College freshman Abby tries to distance herself from her dark past while resisting her attraction to bad boy Travis.,https://www.mobifliks.info/videos/luganda/Beautiful%20Disaster%20by%20Vj%20Muba%20-%20Mobifliks.com.mp4,https://www.mobifliks.info/videos/luganda/Beautiful%20Disaster%20by%20Vj%20Muba%20-%20Mobifliks.com.mp4,,https://fumhub.com/wp-content/uploads/2026/03/bwdLflvCcOCRPqb1x13KPuYIzVx.jpg,,,,,,,2024-01-01 00:00:00+00,,0,true,,,,,,,,,,,
tweve_fum_1692,The Legend of Drunken Master by Vj Jingo,"Returning home with his father after a shopping expedition, Wong Fei-Hong is unwittingly caught up in the battle between foreigners […]",https://namzentertainments.xyz/projects/see%20we%202/end/MOVE%20NEW%20/Legend%20Of%20The%20Drunken%20Master%20%20%28720P%29%20%28VJ%20Jingo%29.mp4,https://namzentertainments.xyz/projects/see%20we%202/end/MOVE%20NEW%20/Legend%20Of%20The%20Drunken%20Master%20%20%28720P%29%20%28VJ%20Jingo%29.mp4,,https://fumhub.com/wp-content/uploads/2026/03/xqUBrSBtPYLvCtfqHF5sapU6Div.jpg,,,,,,,2024-01-01 00:00:00+00,,0,true,,,,,,,,,,,
tweve_fum_1695,Let's Dance by Vj,"After his crew breaks up, a gifted but insecure hip-hop dancer teaches at a top ballet school in Paris, where […]",https://namzentertainments.xyz/projects/see%20we%202/end/MOVE%20NEW%20/Play%20Let%27s%20Dance%20Vj%20lance.mp4,https://namzentertainments.xyz/projects/see%20we%202/end/MOVE%20NEW%20/Play%20Let%27s%20Dance%20Vj%20lance.mp4,,https://fumhub.com/wp-content/uploads/2026/03/x38vQCzCpWZWlWJhSVPFWhmTadu.jpg,,,,,,,2024-01-01 00:00:00+00,,0,true,,,,,,,,,,,
tweve_fum_1698,Ri¢hie Ri¢h by Vj Emmy,"Billionaire heir Richie Rich has it all, including Reggie Jackson as a batting coach and Claudia Schiffer as a personal […]",https://namzentertainments.xyz/projects/see%20we%202/end/MOVE%20NEW%20/Richie.Rich.1994.720p%20Vj%20EMMY.mp4,https://namzentertainments.xyz/projects/see%20we%202/end/MOVE%20NEW%20/Richie.Rich.1994.720p%20Vj%20EMMY.mp4,,https://fumhub.com/wp-content/uploads/2026/03/qgGh5d0IHAZRlHIdFS3XWVygumR.jpg,,,,,,,2024-01-01 00:00:00+00,,0,true,,,,,,,,,,,
tweve_fum_1701,R.I.P.D. by Vj Junior,A recently slain cop joins a team of undead police officers working for the Rest in Peace Department and tries […],https://movies.ug/videos/Ryan%20Reynolds-R.I.P.D.%20(2013).mp4,https://movies.ug/videos/Ryan%20Reynolds-R.I.P.D.%20(2013).mp4,,https://fumhub.com/wp-content/uploads/2026/03/rS0kByPD4YF8pQ85KjzMdGiu7Xf.jpg,,,,,,,2024-01-01 00:00:00+00,,0,true,,,,,,,,,,,
tweve_fum_1710,Michael by Vj Junior,"The story of Michael Jackson, one of the most influential artists the world has ever known, and his life beyond […]",https://www.jtzmovies.site/MICHAEL_JR.mp4,https://www.jtzmovies.site/MICHAEL_JR.mp4,,https://fumhub.com/wp-content/uploads/2026/06/zm0KAbOjlt9eR5y7vDiL2dEOwMl.jpg,,,,,,,2024-01-01 00:00:00+00,,0,true,,,,,,,,,,,
tweve_fum_1713,Office Romance by Vj Junior,"Jackie, President and CEO of Air Cruz, runs a tight ship in her business, including a rigid anti-fraternization policy for […]",https://www.jtzmovies.site/OFFICE_ROMANCE_JR.mp4,https://www.jtzmovies.site/OFFICE_ROMANCE_JR.mp4,,https://fumhub.com/wp-content/uploads/2026/06/1HRUTqEVDmJC4L6tp6zd85MI6uH.jpg,,,,,,,2024-01-01 00:00:00+00,,0,true,,,,,,,,,,,
tweve_fum_1716,Owl Hunt Storm by Vj Ice P,"The film tells the story of two brothers, Hong Da (洪达) and Hong Yu (洪宇), who both serve in a […]",https://www.jtzmovies.site/OWL_HUNT_STORM_ICEP.mp4,https://www.jtzmovies.site/OWL_HUNT_STORM_ICEP.mp4,,https://fumhub.com/wp-content/uploads/2026/06/fIssIvkDSTOtVwtZGdK2kohy0Nf.jpg,,,,,,,2024-01-01 00:00:00+00,,0,true,,,,,,,,,,,
tweve_fum_1719,A Love Like This by Vj Ham,"Paul and Leah, in a tale of two lovers, rent a Malibu beach house for the weekend, but there's more […]",https://www.jtzmovies.site/A_LOVE_LIKE_THIS_HAM.mp4,https://www.jtzmovies.site/A_LOVE_LIKE_THIS_HAM.mp4,,https://fumhub.com/wp-content/uploads/2026/06/pcD5V2RfnvoNUYQibmvLhiLAsmV.jpg,,,,,,,2024-01-01 00:00:00+00,,0,true,,,,,,,,,,,
tweve_fum_1722,Animal Farm by Vj Mosco,"A group of farm animals rise up against their neglectful owner, dreaming of equality and freedom. But as the pigs […]",https://www.jtzmovies.site/ANIMAL_FARM_MOSCO.mp4,https://www.jtzmovies.site/ANIMAL_FARM_MOSCO.mp4,,https://fumhub.com/wp-content/uploads/2026/06/6pzI1DIlxwAFffw9OZcG6cr031U.jpg,,,,,,,2024-01-01 00:00:00+00,,0,true,,,,,,,,,,,
tweve_fum_1725,The Yeti by Vj Arafa,"When an oil tycoon and a famous adventurer vanish into the harsh winter of remote northern Alaska, a hand-picked rescue […]",https://ajuna.streamzonemovies.online/Ajuna2026/VJ%20NEIL/THE%20YETI%20VJARAFA%202026.mkv,,,https://fumhub.com/wp-content/uploads/2026/06/zaqEfoKcWkVni2eONhJ7DRhMO8Q.jpg,,,,,,,2024-01-01 00:00:00+00,,0,true,,,,,,,,,,,
tweve_fum_1728,Seven Snipers by Vj Junior,"When a former elite sniper is hunted down by the ruthless warlord who once held her captive, she must fight […]",https://jimmy.pearlpix.xyz/JUNE%20/SEVEN%20SNIPER%20JR.2026.mp4,https://jimmy.pearlpix.xyz/JUNE%20/SEVEN%20SNIPER%20JR.2026.mp4,,https://fumhub.com/wp-content/uploads/2026/06/xIZ8huVdXCL7OMtsjd3XvmFP5sK.jpg,,,,,,,2024-01-01 00:00:00+00,,0,true,,,,,,,,,,,
tweve_fum_1731,Hokum by Vj Junior,"When novelist Ohm Bauman retreats to a remote inn to scatter his parents' ashes, he is consumed by tales of […]",https://jimmy.pearlpix.xyz/JUNE%20/HOKUM%20JR.2026.mp4,https://jimmy.pearlpix.xyz/JUNE%20/HOKUM%20JR.2026.mp4,,https://fumhub.com/wp-content/uploads/2026/06/jKPWwsbAM6HKURPYQ1eG8DmKMKn.jpg,,,,,,,2024-01-01 00:00:00+00,,0,true,,,,,,,,,,,
tweve_fum_1734,Desert Warrior by Vj Junior,"In 7th-century Arabia, Princess Hind becomes a warrior to defy the ruthless Emperor Kisra. Forged into a warrior and aided […]",https://jimmy.pearlpix.xyz/JUNE%20/DEREST%20WARRIOR%20JR.2026.mp4,https://jimmy.pearlpix.xyz/JUNE%20/DEREST%20WARRIOR%20JR.2026.mp4,,https://fumhub.com/wp-content/uploads/2026/06/waxnw1NpzTPY5JkqWvu0muSopRJ.jpg,,,,,,,2024-01-01 00:00:00+00,,0,true,,,,,,,,,,,
tweve_fum_1737,The Physician by Vj Ulio,"England, 1021: Born in a miserable mining town, Robert Cole swears to become a physician and vanquish disease and death. […]",https://jimmy.pearlpix.xyz/JUNE/spider/THE%20PHYSICIAN%202026%20VJ%20ULIO%201080p%20(NO%20S).mp4,https://jimmy.pearlpix.xyz/JUNE/spider/THE%20PHYSICIAN%202026%20VJ%20ULIO%201080p%20(NO%20S).mp4,,https://fumhub.com/wp-content/uploads/2026/06/18eJr4Fc4HKymLgKLgGQbD37SPK.jpg,,,,,,,2024-01-01 00:00:00+00,,0,true,,,,,,,,,,,
tweve_fum_1740,Is God Is by Vj Junior,"Two sisters embark on an epic quest for revenge, confronting a charged family history that pushes them to extraordinary lengths.",https://jimmy.pearlpix.xyz/JUNE%20/IS%20GOD%20IS%20JR.2026.mp4,https://jimmy.pearlpix.xyz/JUNE%20/IS%20GOD%20IS%20JR.2026.mp4,,https://fumhub.com/wp-content/uploads/2026/06/rCYQGHdoz7qwYsb6wXETJfUfDLX.jpg,,,,,,,2024-01-01 00:00:00+00,,0,true,,,,,,,,,,,
tweve_fum_1743,In the Grey by Vj Junior,"A covert team of elite operatives are living in the shadows. When a ruthless despot steals a billion-dollar fortune, they're […]",https://jimmy.pearlpix.xyz/JUNE%20/IN%20THE%20GREY%20JR.2026.mp4,https://jimmy.pearlpix.xyz/JUNE%20/IN%20THE%20GREY%20JR.2026.mp4,,https://fumhub.com/wp-content/uploads/2026/06/dQgIcW6Th08kMRf2HBoYWoFE6OD.jpg,,,,,,,2024-01-01 00:00:00+00,,0,true,,,,,,,,,,,
tweve_fum_1746,The Possession of Hannah Grace by Vj Jingo,"When a cop who is just out of rehab takes the graveyard shift in a city hospital morgue, she faces […]",https://jimmy.pearlpix.xyz/JUNE%20/GRACE%20.THE%20POSSESSION%20-%20JINGO%201080p%20(NO%20S).mkv,,,https://fumhub.com/wp-content/uploads/2026/06/hDDb0H0uJp2wjoJBbBHbKlYRbug.jpg,,,,,,,2024-01-01 00:00:00+00,,0,true,,,,,,,,,,,
tweve_fum_1749,Bhagavanth Kesari by Vj Ice P,"Bhagavanth Kesari's life takes an unexpected turn when he becomes the guardian of Vijaya Lakshmi aka Vijji, daughter of his […]",https://jimmy.pearlpix.xyz/MAY/SERIES/INDIAN/BHAGAVANTH%20KESARI%201.1080HP.ICE.P.A-B@(E.L.Pro+256782778952)__Merged.mp4,https://jimmy.pearlpix.xyz/MAY/SERIES/INDIAN/BHAGAVANTH%20KESARI%201.1080HP.ICE.P.A-B@(E.L.Pro+256782778952)__Merged.mp4,,https://fumhub.com/wp-content/uploads/2026/06/tvADrBoLJgyrxMYl8QyQW2125xv.jpg,,,,,,,2024-01-01 00:00:00+00,,0,true,,,,,,,,,,,
tweve_fum_1753,Daredevil by Vj Neil,A man blinded in a childhood accident fights crime using his superhumanly-elevated remaining senses.,https://ajuna.streamzonemovies.online/Ajuna2026/VJ%20NEIL/DAREDEVIL%20DIRECTORS%20CUT______.2026.HD.VJ.NEIL.mkv,,,https://fumhub.com/wp-content/uploads/2026/06/oCDBwSkntYamuw8VJIxMRCtDBmi.jpg,,,,,,,2024-01-01 00:00:00+00,,0,true,,,,,,,,,,,
tweve_fum_1756,Revenge by Ice P,Jen's romantic getaway with her wealthy married boyfriend is disrupted when his friends arrive for an impromptu hunting trip. Tension […],https://mytime.mlegacytv.com/Lovely%20movies/New%20stock/REVENGE%20-%20ICE%20P.mkv,,,https://fumhub.com/wp-content/uploads/2026/06/AbWKFxt459cWYTNPTcbpB0i2hQp.jpg,,,,,,,2024-01-01 00:00:00+00,,0,true,,,,,,,,,,,
tweve_fum_1759,Iron Man 3 by Vj Ice P,"When Tony Stark's world is torn apart by a formidable terrorist called the Mandarin, he starts an odyssey of rebuilding […]",https://mytime.mlegacytv.com/Lovely%20movies/New%20stock/IRON%20MAN%20.3%20-%20ICE%20P.mkv,,,https://fumhub.com/wp-content/uploads/2026/06/qhPtAc1TKbMPqNvcdXSOn9Bn7hZ.jpg,,,,,,,2024-01-01 00:00:00+00,,0,true,,,,,,,,,,,
tweve_fum_1762,A Good Man vj Ice P,"After an illustrious special ops career ends in disaster, Alexander goes off the grid and attempts to lead a quiet […]",https://mytime.mlegacytv.com/Lovely%20movies/New%20stock/A%20GOOD%20MAN%20-%20ICE%20P.mkv,,,https://fumhub.com/wp-content/uploads/2026/06/i8ZAST0OBH6bSdZSdQbviQxh2CT.jpg,,,,,,,2024-01-01 00:00:00+00,,0,true,,,,,,,,,,,
tweve_fum_1765,100 Yards by Vj Ice P,"Set in 1920s Tianjin, northern China, and centres on the rivalry between the son of a martial arts master and […]",https://mytime.mlegacytv.com/Lovely%20movies/Vj%20ice%20p/100.Yards.%20ICE%20P.mkv,,,https://fumhub.com/wp-content/uploads/2026/06/eb2p5wkvXaqleoB2dbTXxPqpk9g.jpg,,,,,,,2024-01-01 00:00:00+00,,0,true,,,,,,,,,,,
tweve_fum_1768,On the Hunt by Vj Ice P,A former military woman takes on a ruthless criminal underworld in a race against time to find her missing daughter.,https://jimmy.pearlpix.xyz/MAY/MOVIES/6/On.The.Hunt.2026%20ICE%20P.mp4,https://jimmy.pearlpix.xyz/MAY/MOVIES/6/On.The.Hunt.2026%20ICE%20P.mp4,,https://fumhub.com/wp-content/uploads/2026/06/gkscqnZZrCT5lLsniw1KNL9iiJ0.jpg,,,,,,,2024-01-01 00:00:00+00,,0,true,,,,,,,,,,,
tweve_fum_1771,An Enemy Within by Vj Junior,"On his wedding night, Caleb Wingate is ordered to kill his father-in-law before midnight or his bride dies. As a […]",https://jimmy.pearlpix.xyz/MAY/AN%20ENEMY%20WITHIN%20JR.2026.mkv,,,https://fumhub.com/wp-content/uploads/2026/06/r7IaQDH6kbeVKxtJjH25QgSnh1U.jpg,,,,,,,2024-01-01 00:00:00+00,,0,true,,,,,,,,,,,
tweve_fum_1774,Over Your Dead Body by Vj Junior,"A dysfunctional couple head to a remote cabin to ""reconnect"", but each has secret intentions to kill the other.",https://jimmy.pearlpix.xyz/MAY/SERIES/OVER%20YOU%20DEAD%20BODY___VJ%20JR.2026.mp4,https://jimmy.pearlpix.xyz/MAY/SERIES/OVER%20YOU%20DEAD%20BODY___VJ%20JR.2026.mp4,,https://fumhub.com/wp-content/uploads/2026/06/kZCauMzAt9eMAhLMopCqnFw1Q5k.jpg,,,,,,,2024-01-01 00:00:00+00,,0,true,,,,,,,,,,,
tweve_fum_1777,Never a Thief by Vj Junior,"An insurance investigator infiltrates a Pacific island relic-smuggling gang with his lock-picking skills, navigates perilous heists to help police bust […]",https://jimmy.pearlpix.xyz/MAY/SERIES/NEVER%20A%20THIEF___VJ%20JR.2026.mp4,https://jimmy.pearlpix.xyz/MAY/SERIES/NEVER%20A%20THIEF___VJ%20JR.2026.mp4,,https://fumhub.com/wp-content/uploads/2026/06/ui5Ujx256vAI5JbXzeTGVwMkVhs.jpg,,,,,,,2024-01-01 00:00:00+00,,0,true,,,,,,,,,,,
tweve_fum_1780,Fight Against Evil,"Criminal police Li Hongqi accompanied his girlfriend back to his hometown for the Chinese New Year, and accidentally discovered that […]",https://www.dropbox.com/scl/fi/avblagqj6opvdfehrcda1/FIGHT_AGAINST_EVIL_2_TONNY.mp4,https://www.dropbox.com/scl/fi/avblagqj6opvdfehrcda1/FIGHT_AGAINST_EVIL_2_TONNY.mp4,,https://fumhub.com/wp-content/uploads/2026/06/yxVGB2He0vQPIFjHx6uZLHyguIh.jpg,,,,,,,2024-01-01 00:00:00+00,,0,true,,,,,,,,,,,
tweve_fum_1783,Mortal Kombat by Ice P,"Washed-up MMA fighter Cole Young, unaware of his heritage, and hunted by Emperor Shang Tsung's best warrior, Sub-Zero, seeks out […]",https://storage.streamzonemovies.online/SERIES/24th%20may%202026/Immortal.Combat.ICE%20P.mkv,,,https://fumhub.com/wp-content/uploads/2026/06/ybrX94xQm8lXYpZAPRmwD9iIbWP.jpg,,,,,,,2024-01-01 00:00:00+00,,0,true,,,,,,,,,,,
tweve_fum_1786,Reckless by Ice P,A former convict on parole must outwit the police to get his share of an old heist.,https://storage.streamzonemovies.online/SERIES/24th%20may%202026/Reckless.ICE%20P.mkv,,,https://fumhub.com/wp-content/uploads/2026/06/76jjEatL53KYooIrDQK9wsk4rm1.jpg,,,,,,,2024-01-01 00:00:00+00,,0,true,,,,,,,,,,,
tweve_fum_1789,Mortal Kombat II by Ice P,"The fan favorite champions—now joined by Johnny Cage himself—are pitted against one another in the ultimate, no-holds barred, gory battle […]",https://storage.streamzonemovies.online/SERIES/24th%20may%202026/Tom_Clancy,,,https://fumhub.com/wp-content/uploads/2026/06/hwRdDFIhaEmpRgoki805YvyyjZf.jpg,,,,,,,2024-01-01 00:00:00+00,,0,true,,,,,,,,,,,
tweve_fum_1792,Tom Clancy's Jack Ryan: Ghost War by Vj Ice P,"Jack Ryan is reluctantly pulled back into espionage when an international covert mission unravels a deadly conspiracy. Racing against time, […]",https://mytime.mlegacytv.com/Lovely%20movies/Vj%20ice%20p/TOM%20CLANCYS%20JACK%20RYAN___VJ%20ICE%20P.2026.mkv,,,https://fumhub.com/wp-content/uploads/2026/06/8ehYxUh5MWE41AeE9gkHE8DKzvB.jpg,,,,,,,2024-01-01 00:00:00+00,,0,true,,,,,,,,,,,
tweve_fum_1795,Fist to Fist by Vj Junior,"In 2006, anti-narcotics chief He Guangchen targets the notorious “General” drug syndicate, but the operation is sabotaged by a masked […]",https://jimmy.pearlpix.xyz/MAY/MOVIES/5/FIST%20TO%20%20FIST%20JR.2026.mkv,,,https://fumhub.com/wp-content/uploads/2026/06/n6B5LbQ79WgPBaVjmPGFc2I6OJS.jpg,,,,,,,2024-01-01 00:00:00+00,,0,true,,,,,,,,,,,
tweve_fum_1798,My Dearest Assassin by Junior,"Hunted for her rare blood type, a caged woman vows to fight alongside the assassin she loves to protect their […]",https://mytime.mlegacytv.com/Lovely%20movies/Vj%20junior/MY%20DEAREST%20ASSASSIN___VJ%20JR.2026.mkv,,,https://fumhub.com/wp-content/uploads/2026/06/ul4dQcA68mtSx8J56N5gEcaCCtP.jpg,,,,,,,2024-01-01 00:00:00+00,,0,true,,,,,,,,,,,
tweve_fum_1801,Blade Warrior of Blade Action by Ice P,"Under the careful planning and command of Director Chen Hai’an, the special police unit to which Cheng Gang belongs to […]",https://jimmy.pearlpix.xyz/MAY/MOVIES/4/Blade%20Warrior%20of%20Blade%20Action%20ICE%20P%202026.mp4,https://jimmy.pearlpix.xyz/MAY/MOVIES/4/Blade%20Warrior%20of%20Blade%20Action%20ICE%20P%202026.mp4,,https://fumhub.com/wp-content/uploads/2026/06/rRhM0SlltwTnZWsyiOIgMZysGif.jpg,,,,,,,2024-01-01 00:00:00+00,,0,true,,,,,,,,,,,
tweve_fum_1804,Giant by Vj Junior,"Follows Prince Naseem Hamed from his humble beginnings on the tough working-class streets of Sheffield and his discovery by Ingle, […]",https://jimmy.pearlpix.xyz/MAY/MOVIES/4/GIANT%20JR.2026.mp4,https://jimmy.pearlpix.xyz/MAY/MOVIES/4/GIANT%20JR.2026.mp4,,https://fumhub.com/wp-content/uploads/2026/06/kd2AEp0yK5b3gNZILMcSJyY5NI3.jpg,,,,,,,2024-01-01 00:00:00+00,,0,true,,,,,,,,,,,
tweve_fum_1807,Beast by Vj Junior,"MMA legend Patton James, now a commercial fisherman, is pulled back into the cage when his brother is in danger. […]",https://jimmy.pearlpix.xyz/MAY/MOVIES/4/BEAST%20JR.2026.mp4,https://jimmy.pearlpix.xyz/MAY/MOVIES/4/BEAST%20JR.2026.mp4,,https://fumhub.com/wp-content/uploads/2026/06/7NrvUI3vnW8H3rD7ExKcTL7KRcQ.jpg,,,,,,,2024-01-01 00:00:00+00,,0,true,,,,,,,,,,,
tweve_fum_1810,American Sniper by Vj Jingo,U.S. Navy SEAL Chris Kyle takes his sole mission—protect his comrades—to heart and becomes one of the most lethal snipers […],https://jimmy.pearlpix.xyz/MAY%20SINGLES/25%20MAY/SNIPER%20CN%20____VJ%20JINGO.mkv,,,https://fumhub.com/wp-content/uploads/2026/06/i1U46OwMc6vlm7OoSUKfqUH615e.jpg,,,,,,,2024-01-01 00:00:00+00,,0,true,,,,,,,,,,,
tweve_fum_1813,I Am Wrath by Vj Junior,A man is out for justice after a group of corrupt police officers are unable to catch his wife's killer.,https://jimmy.pearlpix.xyz/MAY/MOVIES/2/I%20AM%20WRATH.JR.mp4,https://jimmy.pearlpix.xyz/MAY/MOVIES/2/I%20AM%20WRATH.JR.mp4,,https://fumhub.com/wp-content/uploads/2026/06/6NvLA3BP5ktLaZ1qdLY0oHsaqwD.jpg,,,,,,,2024-01-01 00:00:00+00,,0,true,,,,,,,,,,,
tweve_fum_1816,Rambo III by Vj Jingo,"Combat has taken its toll on Rambo, but he's finally begun to find inner peace in a monastery. When Rambo's […]",https://jimmy.pearlpix.xyz/MAY/MOVIES/3/Rambo.III.1080p.VJ%20JINGO.2%20Audio.mp4,https://jimmy.pearlpix.xyz/MAY/MOVIES/3/Rambo.III.1080p.VJ%20JINGO.2%20Audio.mp4,,https://fumhub.com/wp-content/uploads/2026/06/uycbt9iVlAnKkQIisqUWuO8hVcm.jpg,,,,,,,2024-01-01 00:00:00+00,,0,true,,,,,,,,,,,
tweve_fum_1819,Rambo: First Blood Part II by Vj Jingo,John Rambo is released from prison by the government for a top-secret covert mission to the last place on Earth […],https://jimmy.pearlpix.xyz/MAY/MOVIES/3/Rambo.First.Blood.Part.II.VJ%20JINGO.1080p.2%20audio.mp4,https://jimmy.pearlpix.xyz/MAY/MOVIES/3/Rambo.First.Blood.Part.II.VJ%20JINGO.1080p.2%20audio.mp4,,https://fumhub.com/wp-content/uploads/2026/06/pzPdwOitmTleVE3YPMfIQgLh84p.jpg,,,,,,,2024-01-01 00:00:00+00,,0,true,,,,,,,,,,,
tweve_fum_1822,Rambo by Vj Jingo,"In Thailand, ex-Green Beret John James Rambo joins a group of mercenaries to venture into war-torn neighboring Myanmar to rescue […]",https://jimmy.pearlpix.xyz/MAY/MOVIES/3/Rambo.III.1080p.VJ%20JINGO.2%20Audio.mp4,https://jimmy.pearlpix.xyz/MAY/MOVIES/3/Rambo.III.1080p.VJ%20JINGO.2%20Audio.mp4,,https://fumhub.com/wp-content/uploads/2026/06/3mInub5c8o00H7EJ1TrjAqOzIuc.jpg,,,,,,,2024-01-01 00:00:00+00,,0,true,,,,,,,,,,,
tweve_fum_1825,The Big Boss by Vj Jingo,Cheng is a young Chinese mainlander who moves in with his expatriate cousins to work at an ice factory in […],https://jimmy.pearlpix.xyz/APIRL/REMAKES/THE%20BIG%20BOSS___VJ%20JINGO.mp4,https://jimmy.pearlpix.xyz/APIRL/REMAKES/THE%20BIG%20BOSS___VJ%20JINGO.mp4,,https://fumhub.com/wp-content/uploads/2026/06/9VFYDWYnAhXAgyqgs94lwNmMBbk.jpg,,,,,,,2024-01-01 00:00:00+00,,0,true,,,,,,,,,,,
tweve_fum_1828,The Blood Bond by Vj Jingo,"In a war-torn Asian land, peace lies in the hands of the Bagwun, a revered religious leader. When he is […]",https://jimmy.pearlpix.xyz/APIRL/REMAKES/THE%20BLOOD%20BOND%20-%20JINGO.mp4,https://jimmy.pearlpix.xyz/APIRL/REMAKES/THE%20BLOOD%20BOND%20-%20JINGO.mp4,,https://fumhub.com/wp-content/uploads/2026/06/qOi2hM7p7OrlxRkzn21OiN7pRp2.jpg,,,,,,,2024-01-01 00:00:00+00,,0,true,,,,,,,,,,,
tweve_fum_1831,Moonraker by Vj Jingo,"After Drax Industries' Moonraker space shuttle is hijacked, secret agent James Bond is assigned to investigate, traveling to California to […]",https://jimmy.pearlpix.xyz/APIRL/REMAKES/MOONRAKER%20-%20JINGO.mp4,https://jimmy.pearlpix.xyz/APIRL/REMAKES/MOONRAKER%20-%20JINGO.mp4,,https://fumhub.com/wp-content/uploads/2026/06/6LrJdXNmu5uHOVALZxVYd44Lva0.jpg,,,,,,,2024-01-01 00:00:00+00,,0,true,,,,,,,,,,,
tweve_fum_1834,Last Man Down by Ice P,"After civilization succumbs to a deadly pandemic and his wife is murdered, a special forces soldier abandons his duty and […]",https://jimmy.pearlpix.xyz/APIRL/REMAKES%202/LAST%20MAN%20DOWN___VJ%20ICE%20P.mp4,https://jimmy.pearlpix.xyz/APIRL/REMAKES%202/LAST%20MAN%20DOWN___VJ%20ICE%20P.mp4,,https://fumhub.com/wp-content/uploads/2026/02/4B7liCxNCZIZGONmAMkCnxVlZQV.jpg,,,,,,,2024-01-01 00:00:00+00,,0,true,,,,,,,,,,,
tweve_fum_1836,Momentum by Vj Ice P,"When Alex, an infiltration expert with a secret past, accidentally reveals her identity during what should have been a routine […]",https://jimmy.pearlpix.xyz/APIRL/REMAKES%202/MOMENTUM___VJ%20ICE%20P.mp4,https://jimmy.pearlpix.xyz/APIRL/REMAKES%202/MOMENTUM___VJ%20ICE%20P.mp4,,https://fumhub.com/wp-content/uploads/2026/06/49bPrxvgwUqEtvOfvTe3x92hEFV.jpg,,,,,,,2024-01-01 00:00:00+00,,0,true,,,,,,,,,,,
tweve_fum_1839,Legend of the Fist: The Return of Chen Zhen,"The Japanese forces occupy Shanghai and slowly start spreading terror in the city. Chen Zhen, who was presumed dead, returns […]",https://jimmy.pearlpix.xyz/APIRL/REMAKES%202/LEGEND%20OF%20THE%20FIST.CHENZHEN___VJ%20JINGO.mp4,https://jimmy.pearlpix.xyz/APIRL/REMAKES%202/LEGEND%20OF%20THE%20FIST.CHENZHEN___VJ%20JINGO.mp4,,https://fumhub.com/wp-content/uploads/2026/06/qT6KI2jNiskkB4VuNz4uN0ng4Ro.jpg,,,,,,,2024-01-01 00:00:00+00,,1,true,,,,,,,,,,,
tweve_fum_1842,Fatal Contact by Vj Junior,A young man learns the fighting techniques of Sanda from a coach. The two become best friends as the young […],https://jimmy.pearlpix.xyz/APIRL/REMAKES/FATAL%20CONTACT%202006%20JR%201080p%20MR.NO%20S%20ENT%200766009748.mp4,https://jimmy.pearlpix.xyz/APIRL/REMAKES/FATAL%20CONTACT%202006%20JR%201080p%20MR.NO%20S%20ENT%200766009748.mp4,,https://fumhub.com/wp-content/uploads/2026/06/koUrJtsoeKH5z63554SXWCl2b1t.jpg,,,,,,,2024-01-01 00:00:00+00,,0,true,,,,,,,,,,,
tweve_fum_1845,In Her Line of Fire by Vj Ice P,"When the Vice President's plane goes down near a remote Pacific island, he is kidnapped by rebel forces and held […]",https://jimmy.pearlpix.xyz/APIRL/REMAKES/IN%20HER%20LINE%20OF%20FIRE%20-%20ICE%20P.mp4,https://jimmy.pearlpix.xyz/APIRL/REMAKES/IN%20HER%20LINE%20OF%20FIRE%20-%20ICE%20P.mp4,,https://fumhub.com/wp-content/uploads/2026/06/oAIWeBpaJUXCdv1UDlYvFoawk7c.jpg,,,,,,,2024-01-01 00:00:00+00,,0,true,,,,,,,,,,,
tweve_fum_1848,Drive by Ice P,"Driver is a skilled Hollywood stuntman who moonlights as a getaway driver for criminals. Though he projects an icy exterior, […]",https://jimmy.pearlpix.xyz/APIRL/REMAKES/DRIVE%20.2011%20-%20ICE%20P.mp4,https://jimmy.pearlpix.xyz/APIRL/REMAKES/DRIVE%20.2011%20-%20ICE%20P.mp4,,https://fumhub.com/wp-content/uploads/2026/06/602vevIURmpDfzbnv5Ubi6wIkQm.jpg,,,,,,,2024-01-01 00:00:00+00,,0,true,,,,,,,,,,,
tweve_fum_1851,Vengeance: A Love Story by Vj Junior,"When a new friend is brutally assaulted, Detective John Droomor is put by chance in charge of the investigation. Although […]",https://jimmy.pearlpix.xyz/APIRL/VEGANZA%20JR.2026.mp4,https://jimmy.pearlpix.xyz/APIRL/VEGANZA%20JR.2026.mp4,,https://fumhub.com/wp-content/uploads/2026/06/kPUFcGPI9FChybFHIJJBZZLiIlg.jpg,,,,,,,2024-01-01 00:00:00+00,,0,true,,,,,,,,,,,
tweve_fum_1854,Protector by Vj Junior,"Nikki's life is shattered when her daughter is kidnapped. Thrust into the criminal underworld while hunted by cops and military, […]",https://jimmy.pearlpix.xyz/APIRL/PROTECTOR%20JR.2026.mp4,https://jimmy.pearlpix.xyz/APIRL/PROTECTOR%20JR.2026.mp4,,https://fumhub.com/wp-content/uploads/2026/06/icOZpnGuH9YrEaW3wrw5GJaXGih.jpg,,,,,,,2024-01-01 00:00:00+00,,0,true,,,,,,,,,,,
tweve_fum_1857,Lone Survivor by Vj Junior,Four Navy SEALs on a covert mission to neutralize a high-level Taliban operative must make an impossible moral decision in […],https://jimmy.pearlpix.xyz/oo/action/LONE%20SURVIVOR.1080HP.Jr.A-B@(E.L.Pro+256782778952).mp4,https://jimmy.pearlpix.xyz/oo/action/LONE%20SURVIVOR.1080HP.Jr.A-B@(E.L.Pro+256782778952).mp4,,https://fumhub.com/wp-content/uploads/2026/06/zaBIrloyhGK7iNTZMb3f9SARsl8.jpg,,,,,,,2024-01-01 00:00:00+00,,0,true,,,,,,,,,,,
tweve_fum_1860,My Way by Vj Junior,During the invasion of Normandy the photograph of a slim Korean man in German uniform was found. It transpired that […],https://jimmy.pearlpix.xyz/oo/action/MY%20WAY.1080HP.Jr.A-B@(E.L.Pro+256782778952).mp4,https://jimmy.pearlpix.xyz/oo/action/MY%20WAY.1080HP.Jr.A-B@(E.L.Pro+256782778952).mp4,,https://fumhub.com/wp-content/uploads/2026/06/3moPqIC1EBFilLI3YJNa5Nfel3e.jpg,,,,,,,2024-01-01 00:00:00+00,,0,true,,,,,,,,,,,
tweve_fum_1863,Operation Red Sea by Vj Junior,"A squad of the Jiaolong Commando Unit – Sea Dragon, a spec ops team of the Chinese Navy, carries out […]",https://jimmy.pearlpix.xyz/oo/action/OPERATION%20RED%20SEA.1080HP.Jr.A-B@(E.L.Pro+256782778952).mp4,https://jimmy.pearlpix.xyz/oo/action/OPERATION%20RED%20SEA.1080HP.Jr.A-B@(E.L.Pro+256782778952).mp4,,https://fumhub.com/wp-content/uploads/2026/06/6ctXBO0o5fKQvGdSJsPc8TAYCvp.jpg,,,,,,,2024-01-01 00:00:00+00,,0,true,,,,,,,,,,,
tweve_fum_1866,Pearl Harbor by Vj Junior,The lifelong friendship between Rafe McCawley and Danny Walker is put to the ultimate test when the two ace fighter […],https://jimmy.pearlpix.xyz/oo/action/PEARL%20HARBOR.1080HP.Jr.A-B@(E.L.Pro+256782778952).mp4,https://jimmy.pearlpix.xyz/oo/action/PEARL%20HARBOR.1080HP.Jr.A-B@(E.L.Pro+256782778952).mp4,,https://fumhub.com/wp-content/uploads/2026/06/y8A0Cvp8WQmZ3bjbnsL53lY0dsC.jpg,,,,,,,2024-01-01 00:00:00+00,,0,true,,,,,,,,,,,
tweve_fum_1869,Vantage Point by Vj Junior,"During an historic counter-terrorism summit in Spain, the President of the United States is struck down by an assassin's bullet. […]",https://jimmy.pearlpix.xyz/APIRL/VANTAGE%20POINT%20JR.2026.mp4,https://jimmy.pearlpix.xyz/APIRL/VANTAGE%20POINT%20JR.2026.mp4,,https://fumhub.com/wp-content/uploads/2026/06/9xA1KaGoYQJveY3C87J41Au5Kkn.jpg,,,,,,,2024-01-01 00:00:00+00,,0,true,,,,,,,,,,,
tweve_fum_1872,Renegades by Vj Junior,"In the midst of the Balkan wars, a squad of Navy SEALs attempts to unravel a long-forgotten mystery after discovering […]",https://jimmy.pearlpix.xyz/oo/action/Renegades.1080HP.Jr.A-B@(E.L.Pro+256782778952).mp4,https://jimmy.pearlpix.xyz/oo/action/Renegades.1080HP.Jr.A-B@(E.L.Pro+256782778952).mp4,,https://fumhub.com/wp-content/uploads/2026/06/hx4nxhesaagsvJNhRw2fTobg8o.jpg,,,,,,,2024-01-01 00:00:00+00,,1,true,,,,,,,,,,,
tweve_fum_1875,Home of the Brave by Vj Jingo,"The day after they get the word they'll go home in two weeks, a group of soldiers from Spokane are […]",https://storage.newlinebusega.com/SINGLES/SINGLES%20REMAKE/HOME%20OF%20THE%20BRAVE%20_____VJ%20JINGO.mkv,,,https://fumhub.com/wp-content/uploads/2026/06/eQokFEJYba9PUhJ99W0TsxzOynp.jpg,,,,,,,2024-01-01 00:00:00+00,,0,true,,,,,,,,,,,
tweve_fum_1878,My Best Bodyguard by Ice P,"Here we are in Bangkok, the capital city of Thailand. A new virus is about to emerge, a virus that […]",https://storage.newlinebusega.com/SINGLES/SINGLES%20REMAKE/MY%20BEST%20BODYGUARD%20%20_____VJ%20ICE%20P.mkv,,,https://fumhub.com/wp-content/uploads/2026/06/j3ulaVB25dxf9nQf8C4dElXiHKk.jpg,,,,,,,2024-01-01 00:00:00+00,,0,true,,,,,,,,,,,
tweve_fum_1881,Chain Reaction by Emmy,"At the University of Chicago, a research team that includes brilliant student machinist Eddie Kasalivich experiences a breakthrough: a stable […]",https://jimmy.pearlpix.xyz/APIRL/CHAIN%20REACTION%20EMMY.2026.mp4,https://jimmy.pearlpix.xyz/APIRL/CHAIN%20REACTION%20EMMY.2026.mp4,,https://fumhub.com/wp-content/uploads/2026/06/4ahjVHwXXsq5zK57ds8FwWY73MS.jpg,,,,,,,2024-01-01 00:00:00+00,,0,true,,,,,,,,,,,
tweve_fum_1884,Ip Man 4: The Finale by Ice P,"Following the death of his wife, Ip Man travels to San Francisco to ease tensions between the local kung fu […]",https://jimmy.pearlpix.xyz/oo/Adventure%20Movies/IP%20MAN%204.THE%20FINALE.1080HP.ICE.P.A-B@(E.L.Pro+256782778952).mkv,,,https://fumhub.com/wp-content/uploads/2026/06/b5cz6BoyHrgBnhfDHOW5hXRWbln.jpg,,,,,,,2024-01-01 00:00:00+00,,0,true,,,,,,,,,,,
tweve_fum_1887,Ip Man 3 by Ice P,"When a band of brutal gangsters led by a crooked property developer make a play to take over the city, […]",https://jimmy.pearlpix.xyz/oo/Adventure%20Movies/IP%20MAN%203.1080HP.ICE.P.A-B@(E.L.Pro+256782778952).mkv,,,https://fumhub.com/wp-content/uploads/2026/06/8PvinaGEqzf1rrfFAxiXujJnCtI.jpg,,,,,,,2024-01-01 00:00:00+00,,0,true,,,,,,,,,,,
tweve_fum_1891,Ip Man 2 by Ice P,"Having defeated the best fighters of the Imperial Japanese army in occupied Shanghai, Ip Man and his family settle in […]",https://jimmy.pearlpix.xyz/oo/Adventure%20Movies/IP%20MAN%202.1080HP.ICE.P.A-B@(E.L.Pro+256782778952).mkv,,,https://fumhub.com/wp-content/uploads/2026/06/wMcyFfKcJneVgcHxWYiQNUNHUsq.jpg,,,,,,,2024-01-01 00:00:00+00,,0,true,,,,,,,,,,,
tweve_fum_1894,Ip Man by Ice P,"A semi-biographical account of Yip Man, the first martial arts master to teach the Chinese martial art of Wing Chun. […]",https://jimmy.pearlpix.xyz/oo/Adventure%20Movies/IP%20MAN%201.1080HP.ICE.P.A-B@(E.L.Pro+256782778952).mkv,,,https://fumhub.com/wp-content/uploads/2026/06/zyQQ7wFuCvH6MzJcUKy6N6ouMYs.jpg,,,,,,,2024-01-01 00:00:00+00,,0,true,,,,,,,,,,,
tweve_fum_1897,Blood & Gold by Vj Junior,"At the end of World War II, a German soldier is looking for his daughter while an SS troop is […]",https://usc1.contabostorage.com/1d8a252f28184ed5bba83bce6f3d1e90:films/BLOOD_AND_GOLD_JR.mp4,https://usc1.contabostorage.com/1d8a252f28184ed5bba83bce6f3d1e90:films/BLOOD_AND_GOLD_JR.mp4,,https://fumhub.com/wp-content/uploads/2026/06/oLRQP5cEjiT1DxeIHUYEV96Ijum.jpg,,,,,,,2024-01-01 00:00:00+00,,0,true,,,,,,,,,,,
tweve_fum_1900,The Protector by Vj Emmy,"With the region's last source of freshwater buried under a Native American reservation and evil forces angling for control, a […]",https://jimmy.pearlpix.xyz/APIRL/THE%20PROTECTOR%202026%20VJ%20EMMY%201080p%20(NO%20S)%20(2).mp4,https://jimmy.pearlpix.xyz/APIRL/THE%20PROTECTOR%202026%20VJ%20EMMY%201080p%20(NO%20S)%20(2).mp4,,https://fumhub.com/wp-content/uploads/2026/06/9tXKquUdUqGgrUMPkWw3OWU6mPf.jpg,,,,,,,2024-01-01 00:00:00+00,,0,true,,,,,,,,,,,
tweve_fum_1903,Sniper: No Nation by Vj Shield,Brandon Beckett and Agent Zero lead a rescue mission in Costa Verde when their friends are taken hostage.,https://jimmy.pearlpix.xyz/APIRL/SNIPER%20NO%20NATION%202026%20VJ%20EMMY%201080p%20(NO%20S)%20(2).mp4,https://jimmy.pearlpix.xyz/APIRL/SNIPER%20NO%20NATION%202026%20VJ%20EMMY%201080p%20(NO%20S)%20(2).mp4,,https://fumhub.com/wp-content/uploads/2026/06/tUmARo0TZEK1EaSuS6dU35FhDyU.jpg,,,,,,,2024-01-01 00:00:00+00,,0,true,,,,,,,,,,,
tweve_fum_1906,Max Payne by Ice P,"A DEA agent whose family was slain as part of a conspiracy, and an assassin out to avenge her sister's […]",https://www.dropbox.com/scl/fi/3mprb4stwdhckhje2t9ge/MAX_PAYNE_ICEP.mp4?rlkey=n56ia7g8nvz8nd5n0cs7p946l&st=jxbsyyqz&raw=1,https://www.dropbox.com/scl/fi/3mprb4stwdhckhje2t9ge/MAX_PAYNE_ICEP.mp4?rlkey=n56ia7g8nvz8nd5n0cs7p946l&st=jxbsyyqz&raw=1,,https://fumhub.com/wp-content/uploads/2026/06/3cWnCG5NyXJYARO2hmNqfbbgrMA.jpg,,,,,,,2024-01-01 00:00:00+00,,0,true,,,,,,,,,,,
tweve_fum_1909,A Good Day to Die Hard by Vj Junior,"Iconoclastic, take-no-prisoners cop John McClane, finds himself for the first time on foreign soil after traveling to Moscow to help […]",https://www.dropbox.com/scl/fi/cymam3ee42rde1bsu5yal/A_GOOD_DAY_TO_DIE_HARD_JR.mp4?rlkey=jot94rjvrxlaabdt4glpzvd93&st=xmzmdtrk&raw=1,https://www.dropbox.com/scl/fi/cymam3ee42rde1bsu5yal/A_GOOD_DAY_TO_DIE_HARD_JR.mp4?rlkey=jot94rjvrxlaabdt4glpzvd93&st=xmzmdtrk&raw=1,,https://fumhub.com/wp-content/uploads/2026/06/qJ0csDXAVFMsNn0cRcjy6W6PxAK.jpg,,,,,,,2024-01-01 00:00:00+00,,0,true,,,,,,,,,,,
tweve_fum_1912,Carter by Ice P,"Carter, who awakens two months into a deadly pandemic originating from the DMZ that has already devastated US and North […]",https://icepug.xyz/2022/H/Carter_2022_Dual_Audio_Hindi_ORG_1080p_NF_HDRip_ESub_2.6GB.mp4,https://icepug.xyz/2022/H/Carter_2022_Dual_Audio_Hindi_ORG_1080p_NF_HDRip_ESub_2.6GB.mp4,,https://fumhub.com/wp-content/uploads/2026/06/uzAh3Ub2YttCz13cnyB9PvhpmIL.jpg,,,,,,,2024-01-01 00:00:00+00,,0,true,,,,,,,,,,,
tweve_fum_1915,Crime 101 by Vj Emmy,When an elusive thief whose high-stakes heists unfold along the iconic 101 freeway in Los Angeles eyes the score of […],https://jimmy.pearlpix.xyz/APIRL/CRIME%20101%20EMMY.2026.mp4,https://jimmy.pearlpix.xyz/APIRL/CRIME%20101%20EMMY.2026.mp4,,https://fumhub.com/wp-content/uploads/2026/06/tVvpFIoteRHNnoZMhdnwIVwJpCA.jpg,,,,,,,2024-01-01 00:00:00+00,,0,true,,,,,,,,,,,
tweve_fum_1918,Sniper: No Nation Vj Junior,Brandon Beckett and Agent Zero lead a rescue mission in Costa Verde when their friends are taken hostage.,https://jimmy.pearlpix.xyz/APIRL/SNIPER%20NO%20NATION%20JR.2026.mp4,https://jimmy.pearlpix.xyz/APIRL/SNIPER%20NO%20NATION%20JR.2026.mp4,,https://fumhub.com/wp-content/uploads/2026/06/tUmARo0TZEK1EaSuS6dU35FhDyU.jpg,,,,,,,2024-01-01 00:00:00+00,,0,true,,,,,,,,,,,
tweve_fum_1920,Savage Salvation by Vj Junior,"Newly engaged Shelby John and Ruby Red want a fresh start after their struggles with addiction, but when Shelby discovers […]",https://jtzmag.com/movies1/THE_SAVAGE_SALVATION_JR.mp4,https://jtzmag.com/movies1/THE_SAVAGE_SALVATION_JR.mp4,,https://fumhub.com/wp-content/uploads/2026/06/fJRt3mmZEvf8gQzoNLzjPtWpc9o.jpg,,,,,,,2024-01-01 00:00:00+00,,0,true,,,,,,,,,,,
tweve_fum_1923,The Race,"To secure his brother's future, a gifted mechanic enters Europe's ultimate street race – and steps into a world of […]",https://jtzmag.com/movies1/THE_RACE_VJ_MOSCO.mp4,https://jtzmag.com/movies1/THE_RACE_VJ_MOSCO.mp4,,https://fumhub.com/wp-content/uploads/2026/06/oTLcRCSuunNV8ML81VlU4spIpMi.jpg,,,,,,,2024-01-01 00:00:00+00,,0,true,,,,,,,,,,,
tweve_fum_1926,Mexicali by Ice P,A former special forces contractor is forced out of retirement as an avocado farmer in Mexico when local gangsters try […],https://jtzmag.com/movies1/MEXICALI_ICEP.mp4,https://jtzmag.com/movies1/MEXICALI_ICEP.mp4,,,,,,,,,2024-01-01 00:00:00+00,,0,true,,,,,,,,,,,
tweve_fum_1928,Bastille Day by Vj Junior,Michael Mason is an American pickpocket living in Paris who finds himself hunted by the CIA when he steals a […],https://jtzmag.com/movies1/BASTILLE_DAY_JR.mp4,https://jtzmag.com/movies1/BASTILLE_DAY_JR.mp4,,https://fumhub.com/wp-content/uploads/2026/02/lTby7l0zX7xG8Pt0eNrWBrNzdqX.jpg,,,,,,,2024-01-01 00:00:00+00,,0,true,,,,,,,,,,,
tweve_fum_1931,AWOL-72 by Vj Junior,"An AWOL marine in possession of secret government information, is a wanted man, pursued by Russian special ops, the LAPD, […]",https://jtzmag.com/movies1/AWOL_72_JR.mp4,https://jtzmag.com/movies1/AWOL_72_JR.mp4,,https://fumhub.com/wp-content/uploads/2026/06/9xnzd7yq9vXrjuQjlRLNZ0kFQYU.jpg,,,,,,,2024-01-01 00:00:00+00,,0,true,,,,,,,,,,,
tweve_fum_1934,Undercover Punch and Gun by Ice P,An undercover cop is forced to team up with a group of unlikely allies to take down a drug smuggling […],https://jtzmag.com/movies1/UNDERCOVER_PUNCH_AND_GUN_ICEP.mp4,https://jtzmag.com/movies1/UNDERCOVER_PUNCH_AND_GUN_ICEP.mp4,,https://fumhub.com/wp-content/uploads/2026/06/2QnkzRFCxVlmIwE2Oqwxgqz66Q6.jpg,,,,,,,2024-01-01 00:00:00+00,,0,true,,,,,,,,,,,
tweve_fum_1937,The Keeper by Vj Junior,"Roland Sallinger is an LA cop who after nearly being killed by his greedy partner, and eventually being forced to […]",https://jtzmag.com/movies1/THE_KEEPER_JR.mp4,https://jtzmag.com/movies1/THE_KEEPER_JR.mp4,,https://fumhub.com/wp-content/uploads/2026/06/gdk015b9zxIwipDcXBZQMK6NCXN.jpg,,,,,,,2024-01-01 00:00:00+00,,0,true,,,,,,,,,,,
tweve_fum_1940,Pretty Lethal by Vj Emmy,A troupe of ballerinas find themselves fighting for survival as they attempt to escape from a remote inn after their […],https://jtzmag.com/movies1/PRETTY_LETHAL_EMMY.mp4,https://jtzmag.com/movies1/PRETTY_LETHAL_EMMY.mp4,,https://fumhub.com/wp-content/uploads/2026/06/znTPnXCK3lEQJgqXCvP7e5FUz6f.jpg,,,,,,,2024-01-01 00:00:00+00,,0,true,,,,,,,,,,,
tweve_fum_1943,Baby Driver by Ice P,"After being coerced into working for a crime boss, a young getaway driver finds himself taking part in a heist […]",https://jtzmag.com/movies1/BABY_DRIVER_ICEP.mp4,https://jtzmag.com/movies1/BABY_DRIVER_ICEP.mp4,,https://fumhub.com/wp-content/uploads/2026/06/tYzFuYXmT8LOYASlFCkaPiAFAl0.jpg,,,,,,,2024-01-01 00:00:00+00,,0,true,,,,,,,,,,,
tweve_fum_1946,King Ivory by Vj Ulio,"Based on extensive research involving law enforcement and gang members, a never-before-seen, authentic look inside the underworld of fentanyl trafficking […]",https://jtzmag.com/movies1/THE_KING_IVORY_ULIO.mp4,https://jtzmag.com/movies1/THE_KING_IVORY_ULIO.mp4,,https://fumhub.com/wp-content/uploads/2026/06/qtNdrKvD5MqvUbAQEja5WaKuVN1.jpg,,,,,,,2024-01-01 00:00:00+00,,0,true,,,,,,,,,,,
tweve_fum_1949,Jiu Jitsu by Ice P,"Every six years, an ancient order of jiu-jitsu fighters joins forces to battle a vicious race of alien invaders. But […]",https://jtzmag.com/movies1/JIU_JITSU_ICEP.mp4,https://jtzmag.com/movies1/JIU_JITSU_ICEP.mp4,,https://fumhub.com/wp-content/uploads/2026/06/eLT8Cu357VOwBVTitkmlDEg32Fs.jpg,,,,,,,2024-01-01 00:00:00+00,,0,true,,,,,,,,,,,
tweve_fum_1952,Agent Zero by Vj Ulio,"When police officer Ilias is shot and left in a coma, Alma must reconnect with her former identity as Badh, […]",https://jtzmag.com/movies1/AGENT_ZERO_BADH_ULIO.mp4,https://jtzmag.com/movies1/AGENT_ZERO_BADH_ULIO.mp4,,https://fumhub.com/wp-content/uploads/2026/06/diDNHFfccBZxw0CmQoVQkSuJIri.jpg,,,,,,,2024-01-01 00:00:00+00,,0,true,,,,,,,,,,,
tweve_fum_1955,John Wick: Chapter 3 – Parabellum,Super-assassin John Wick returns with a $14 million price tag on his head and an army of bounty-hunting killers on […],https://jtzmag.com/movies1/JOHN_WICK_CHAPTER_3_JR.mp4,https://jtzmag.com/movies1/JOHN_WICK_CHAPTER_3_JR.mp4,,https://fumhub.com/wp-content/uploads/2026/06/ziEuG1essDuWuC5lpWUaw1uXY2O.jpg,,,,,,,2024-01-01 00:00:00+00,,0,true,,,,,,,,,,,
tweve_fum_1958,John Wick by Vj Junior,Ex-hitman John Wick comes out of retirement to track down the gangsters that took everything from him.,https://jtzmag.com/movies1/JOHN_WICK_JR.mp4,https://jtzmag.com/movies1/JOHN_WICK_JR.mp4,,https://fumhub.com/wp-content/uploads/2026/06/wXqWR7dHncNRbxoEGybEy7QTe9h.jpg,,,,,,,2024-01-01 00:00:00+00,,0,true,,,,,,,,,,,
tweve_fum_1961,John Wick: Chapter 2,John Wick is forced out of retirement by a former associate looking to seize control of a shadowy international assassins’ […],https://jtzmag.com/movies1/JOHN_WICK_CHAPTER_2_JR.mp4,https://jtzmag.com/movies1/JOHN_WICK_CHAPTER_2_JR.mp4,,https://fumhub.com/wp-content/uploads/2026/06/hXWBc0ioZP3cN4zCu6SN3YHXZVO.jpg,,,,,,,2024-01-01 00:00:00+00,,1,true,,,,,,,,,,,
tweve_fum_1964,John Wick: Chapter 4 by Vj Junior,"With the price on his head ever increasing, John Wick uncovers a path to defeating The High Table. But before […]",https://jtzmag.com/movies1/JOHN_WICK_CHAPTER_4_B_JR.mp4,https://jtzmag.com/movies1/JOHN_WICK_CHAPTER_4_B_JR.mp4,,https://fumhub.com/wp-content/uploads/2026/06/vZloFAK7NmvMGKE7VkF5UHaz0I.jpg,,,,,,,2024-01-01 00:00:00+00,,1,true,,,,,,,,,,,
tweve_fum_1967,The Fate of the Furious by Vj Junior,"When a mysterious woman seduces Dom into the world of crime and a betrayal of those closest to him, the […]",https://jtzmag.com/movies1/FAST_AND_FURIOUS_8_JR.mp4,https://jtzmag.com/movies1/FAST_AND_FURIOUS_8_JR.mp4,,https://fumhub.com/wp-content/uploads/2026/06/dImWM7GJqryWJO9LHa3XQ8DD5NH.jpg,,,,,,,2024-01-01 00:00:00+00,,0,true,,,,,,,,,,,
tweve_fum_1970,Showdown by Vj Jingo,"Ken has just moved from Kansas with his mother. He talks to a girl named Julie, not knowing that her […]",https://jtzmag.com/movies1/SHOWDOWN_JINGO.mp4,https://jtzmag.com/movies1/SHOWDOWN_JINGO.mp4,,https://fumhub.com/wp-content/uploads/2026/06/w6idiVM0FAXIoun1WLd6KSdNqH.jpg,,,,,,,2024-01-01 00:00:00+00,,0,true,,,,,,,,,,,
tweve_fum_1973,The Reborn by Vj Jingo,"When a desperate woman strikes a deal with a powerful demon to have a child, she gives birth to a […]",https://jtzmag.com/movies1/RE_BORN_JINGO.mp4,https://jtzmag.com/movies1/RE_BORN_JINGO.mp4,,https://fumhub.com/wp-content/uploads/2026/06/oMaboxzSTUma7dzqFC7e48TOlxb.jpg,,,,,,,2024-01-01 00:00:00+00,,0,true,,,,,,,,,,,
tweve_fum_1984,Brake by Vj Junior,A Secret Service Agent is held captive in the trunk of a car and endures high-speed mental and physical torture […],https://jtzmag.com/movies1/BRAKE_JR.mp4,https://jtzmag.com/movies1/BRAKE_JR.mp4,,https://fumhub.com/wp-content/uploads/2026/03/qKDoK8hUt8fGGXKpvAnt3AQVUvy.jpg,,,,,,,2024-01-01 00:00:00+00,,0,true,,,,,,,,,,,
tweve_fum_1986,Skin Trade by Ice P,After his family is killed by a Serbian gangster with international interests. NYC detective Nick goes to S.E. Asia and […],https://jtzmag.com/movies1/Skin%20Trade1.mp4,https://jtzmag.com/movies1/Skin%20Trade1.mp4,,https://fumhub.com/wp-content/uploads/2026/03/dfXB4ZKQRINdrY3xXMyLUJrXQai.jpg,,,,,,,2024-01-01 00:00:00+00,,0,true,,,,,,,,,,,
tweve_fum_1988,Fury by Vj Junior,"April, 1945. As the Allies make their final push in the European Theatre, a battle-hardened army sergeant named Wardaddy commands […]",https://jtzmag.com/movies1/Fury%20by%20Vj%20Junior.mp4,https://jtzmag.com/movies1/Fury%20by%20Vj%20Junior.mp4,,https://fumhub.com/wp-content/uploads/2026/06/pfte7wdMobMF4CVHuOxyu6oqeeA.jpg,,,,,,,2024-01-01 00:00:00+00,,0,true,,,,,,,,,,,
tweve_fum_1991,Prisoner of War by Vj Jingo,British RAF Wing Commander James Wright is captured by the Japanese during WWII and forced to fight in brutal hand-to-hand […],https://jtzmag.com/movies1/PRISONER%20OF%20WAR%202026%20VJ%20JINGO%201080p%20(NO%20S).mp4,https://jtzmag.com/movies1/PRISONER%20OF%20WAR%202026%20VJ%20JINGO%201080p%20(NO%20S).mp4,,https://fumhub.com/wp-content/uploads/2026/06/4T4yRG6iskDcfMeoLuUZEJYCrjL.jpg,,,,,,,2024-01-01 00:00:00+00,,0,true,,,,,,,,,,,
tweve_fum_1994,Hunting Jessica Brok by Vj Jingo,"Long before she was a single mother in a sleepy South African town, Jessica Brok was a highly skilled, coldblooded, […]",https://jtzmag.com/movies1/HUNTING%20JESSICA%20BROK%202026%20VJ%20JINGO%201080p%20(NO%20S).mp4,https://jtzmag.com/movies1/HUNTING%20JESSICA%20BROK%202026%20VJ%20JINGO%201080p%20(NO%20S).mp4,,https://fumhub.com/wp-content/uploads/2026/06/xRcGnwShS9wpqlTc6KvK4WUY55A.jpg,,,,,,,2024-01-01 00:00:00+00,,0,true,,,,,,,,,,,
tweve_fum_1997,Phantom 2,"Phantom is an action thriller that unfolds across various countries around the world. The plot revolves around protagonist Daniyal, whose […]",https://jtzmag.com/movies1/Phantom%20part%202.mp4,https://jtzmag.com/movies1/Phantom%20part%202.mp4,,https://fumhub.com/wp-content/uploads/2026/03/en6nlTMR7ZUqLvzZhEEDQU5IJxC.jpg,,,,,,,2024-01-01 00:00:00+00,,0,true,,,,,,,,,,,
tweve_fum_1999,Phantom by Vj Emmy,"Phantom is an action thriller that unfolds across various countries around the world. The plot revolves around protagonist Daniyal, whose […]",https://jtzmag.com/movies1/Phantom%20part%201.mp4,https://jtzmag.com/movies1/Phantom%20part%201.mp4,,https://fumhub.com/wp-content/uploads/2026/03/en6nlTMR7ZUqLvzZhEEDQU5IJxC.jpg,,,,,,,2024-01-01 00:00:00+00,,0,true,,,,,,,,,,,
tweve_fum_2003,Code Name: Wild Geese by Vj Jingo,"Commander Robin Wesley, leader of a group of mercenaries, go to the Golden Triangle in Southeast Asia to overthrow the […]",https://jtzmag.com/movies1/CODE%20NAME%20WILDGEESE%202026%20VJ%20JINGO%201080p%20(NO%20S).mp4,https://jtzmag.com/movies1/CODE%20NAME%20WILDGEESE%202026%20VJ%20JINGO%201080p%20(NO%20S).mp4,,https://fumhub.com/wp-content/uploads/2026/06/7zWv91cybCaQ7wz4zHTllqNXPp3.jpg,,,,,,,2024-01-01 00:00:00+00,,1,true,,,,,,,,,,,
tweve_fum_2008,Kingsman: The Golden Circle,"When an attack on the Kingsman headquarters takes place and a new villain rises, Eggsy and Merlin are forced to […]",https://jtzmag.com/movies1/KINGS%20MAN%202.THE%20GOLDEN%20CIRCLE.1080HP.ICE.P.mp4,https://jtzmag.com/movies1/KINGS%20MAN%202.THE%20GOLDEN%20CIRCLE.1080HP.ICE.P.mp4,,https://fumhub.com/wp-content/uploads/2026/06/34xBL6BXNYFqtHO9zhcgoakS4aP.jpg,,,,,,,2024-01-01 00:00:00+00,,0,true,,,,,,,,,,,
tweve_fum_2011,The King's Man by Ice P,"As a collection of history's worst tyrants and criminal masterminds gather to plot a war to wipe out millions, one […]",https://jtzmag.com/movies1/Kings%20Man%203.1080HP.ICE.P.mp4,https://jtzmag.com/movies1/Kings%20Man%203.1080HP.ICE.P.mp4,,https://fumhub.com/wp-content/uploads/2026/06/aq4Pwv5Xeuvj6HZKtxyd23e6bE9.jpg,,,,,,,2024-01-01 00:00:00+00,,0,true,,,,,,,,,,,
tweve_fum_2014,Kingsman: The Secret Service,The story of a super-secret spy organization that recruits an unrefined but promising street kid into the agency's ultra-competitive training […],https://jtzmag.com/movies1/KINGS%20MAN%201.THE%20SECRET%20SERVICE.1080HP.ICE.P.mp4,https://jtzmag.com/movies1/KINGS%20MAN%201.THE%20SECRET%20SERVICE.1080HP.ICE.P.mp4,,https://fumhub.com/wp-content/uploads/2026/06/r6q9wZK5a2K51KFj4LWVID6Ja1r.jpg,,,,,,,2024-01-01 00:00:00+00,,0,true,,,,,,,,,,,
tweve_fum_2017,Kickboxer by Vj Junior,"If your enemy refuses to be humbled… Destroy him. Accompanied by his brother Kurt, American kickboxing champion Eric Sloane, arrives […]",https://jtzmag.com/movies1/KICK%20BOXER%2001.___VJ%20JR[VanDam].mp4,https://jtzmag.com/movies1/KICK%20BOXER%2001.___VJ%20JR[VanDam].mp4,,https://fumhub.com/wp-content/uploads/2026/06/xK1TBCxlcTpw2aH0qNEKAAzic2Q.jpg,,,,,,,2024-01-01 00:00:00+00,,0,true,,,,,,,,,,,
tweve_fum_2020,Gunpowder Milkshake by Vj Junior,"To protect an 8-year-old girl, a dangerous assassin reunites with her mother and her lethal associates to take down a […]",https://jtzmag.com/movies1/Gunpowder%20Milkshake.1080HP.Jr.mp4,https://jtzmag.com/movies1/Gunpowder%20Milkshake.1080HP.Jr.mp4,,https://fumhub.com/wp-content/uploads/2026/06/56ofGPMOZCwlTjTao5fB7vnGOoj.jpg,,,,,,,2024-01-01 00:00:00+00,,0,true,,,,,,,,,,,
tweve_fum_2023,Fast X by Vj Jingo,"Over many missions and against impossible odds, Dom Toretto and his family have outsmarted, out-nerved and outdriven every foe in […]",https://jtzmag.com/movies1/FAST_X_JINGO.mp4,https://jtzmag.com/movies1/FAST_X_JINGO.mp4,,https://fumhub.com/wp-content/uploads/2026/06/fiVW06jE7z9YnO4trhaMEdclSiC.jpg,,,,,,,2024-01-01 00:00:00+00,,0,true,,,,,,,,,,,
tweve_fum_2026,Escape Plan by Vj Junior,Ray Breslin is the world's foremost authority on structural security. After analyzing every high security prison and learning a vast […],https://jtzmag.com/movies1/Escape%20Plan%201.1080HP.Jr.mp4,https://jtzmag.com/movies1/Escape%20Plan%201.1080HP.Jr.mp4,,https://fumhub.com/wp-content/uploads/2026/06/qOZPLflxDqKogu9v9hYw3lolxGs.jpg,,,,,,,2024-01-01 00:00:00+00,,0,true,,,,,,,,,,,
tweve_fum_621,King Kong – Vj Jingo,"In 1933 New York, an overly ambitious movie producer coerces his cast and hired ship crew to travel to mysterious […]",https://jtzmag.com/movies1/KING KONG O1 ____VJ JINGO SSALONGO.mp4,https://jtzmag.com/movies1/KING KONG O1 ____VJ JINGO SSALONGO.mp4,,https://fumhub.com/wp-content/uploads/2026/02/6a2HY6UmD7XiDD3NokgaBAXEsD2.jpg,,,,,,,2024-01-01 00:00:00+00,,0,true,,,,,,,,,,,
tweve_fum_624,Man Hunt – Vj Jingo,"A young man buys two horses at an Arizona race track but fails to get a receipt. Later, when riding […]",https://jtzmag.com/movies1/MANHUNT%20VJ%20JINGO.mp4,https://jtzmag.com/movies1/MANHUNT%20VJ%20JINGO.mp4,,https://fumhub.com/wp-content/uploads/2026/02/bzcUxSP5gYUBAgFZqJvvmW4QTpe.jpg,,,,,,,2024-01-01 00:00:00+00,,0,true,,,,,,,,,,,
tweve_fum_627,Martial Law II: Undercover – Vj Jingo,"Sean and Billie are undercover cops and martial arts masters. Investigating the death of a cop, they uncover a deadly […]",https://jtzmag.com/movies1/MARTIAL%20LAW%20II%20AKA%20KARATE%20COP%20____VJ%20JINGO.mp4,https://jtzmag.com/movies1/MARTIAL%20LAW%20II%20AKA%20KARATE%20COP%20____VJ%20JINGO.mp4,,https://fumhub.com/wp-content/uploads/2026/02/lPrY3AQ51kp3BjSKlHVRvbSJeK0.jpg,,,,,,,2024-01-01 00:00:00+00,,0,true,,,,,,,,,,,
tweve_fum_630,Mac & Devin Go to High School – Vj Jingo,"A comedy that follows two high school students — one overachiever struggling to write his valedictorian speech, the other a […]",https://jtzmag.com/movies1/MAC%20AND%20DEVIN%20GO%20TO%20HIGH%20SCHOOL___VJ%20JINGO.mp4,https://jtzmag.com/movies1/MAC%20AND%20DEVIN%20GO%20TO%20HIGH%20SCHOOL___VJ%20JINGO.mp4,,https://fumhub.com/wp-content/uploads/2026/02/x3G4ft7cAWsnXjFPC5D5ruvGaOg.jpg,,,,,,,2024-01-01 00:00:00+00,,0,true,,,,,,,,,,,
tweve_fum_633,Love Me – Vj Jingo,"In a story that spans billions of years, a buoy and a satellite meet online long after humanity’s extinction. As […]",https://jtzmag.com/movies1/LOVE%20ME%20-%20JINGO.mp4,https://jtzmag.com/movies1/LOVE%20ME%20-%20JINGO.mp4,,https://fumhub.com/wp-content/uploads/2026/02/uX8Z3qWJ5OjV1uP7yT6yRlw9UL9.jpg,,,,,,,2024-01-01 00:00:00+00,,0,true,,,,,,,,,,,
tweve_fum_636,Largo Winch II – Vj Jingo,"Propelled to the head of the W Group after the death of his adoptive father, Largo Winch decides, to everyone's […]",https://jtzmag.com/movies1/LARGO%20WINCH%202.THE%20BURMA%20CONSPIRANCY.JINGO.mp4,https://jtzmag.com/movies1/LARGO%20WINCH%202.THE%20BURMA%20CONSPIRANCY.JINGO.mp4,,https://fumhub.com/wp-content/uploads/2026/02/cS7v9W2OeOQFkTWA9PbeTrXoCEy.jpg,,,,,,,2024-01-01 00:00:00+00,,0,true,,,,,,,,,,,
tweve_fum_639,The Heir Apparent: Largo Winch – Vj Jingo,"After a powerful billionaire is murdered, his secret adoptive son must race to prove his legitimacy, find his father's killers […]",https://jtzmag.com/movies1/LARGO%20WINCH%201.THE%20HEIR%20APPARENT.JINGO.mp4,https://jtzmag.com/movies1/LARGO%20WINCH%201.THE%20HEIR%20APPARENT.JINGO.mp4,,https://fumhub.com/wp-content/uploads/2026/02/bmJU3EEuQP3Ho52FhuiulZ2LKTu.jpg,,,,,,,2024-01-01 00:00:00+00,,0,true,,,,,,,,,,,
tweve_fum_642,Almost Cops – VJ Soul,"When an overeager community officer and a reckless ex-detective are forced to team up, plenty of chaos ensues on the […]",https://jtzmag.com/movies1/Almost-Cops_1080p%20VJ%20SOUL.2026.mp4,https://jtzmag.com/movies1/Almost-Cops_1080p%20VJ%20SOUL.2026.mp4,,https://fumhub.com/wp-content/uploads/2026/02/7bcndiaTgu1Kj5a6qyCmsWYdtI.jpg,,,,,,,2024-01-01 00:00:00+00,,0,true,,,,,,,,,,,
tweve_fum_645,Anaconda – VJ Junior,A group of friends facing mid-life crises head to the rainforest with the intention of remaking their favorite movie from […],https://jtzmag.com/movies1/Almost-Cops_1080p%20VJ%20SOUL.2026.mp4,https://jtzmag.com/movies1/Almost-Cops_1080p%20VJ%20SOUL.2026.mp4,,https://fumhub.com/wp-content/uploads/2026/02/qxMv3HwAB3XPuwNLMhVRg795Ktp.jpg,,,,,,,2024-01-01 00:00:00+00,,0,true,,,,,,,,,,,
tweve_fum_648,Overseas – VJ Junior,"“Overseas”… the latest creation from Pirate Movie Production… our winter, introducing passionate moments on snow captured on 16mm to enjoy […]",https://jtzmag.com/movies1/The%20Romantics.1080HP.Jr.mp4,https://jtzmag.com/movies1/The%20Romantics.1080HP.Jr.mp4,,,,,,,,,2024-01-01 00:00:00+00,,0,true,,,,,,,,,,,
tweve_fum_650,Tin Men – Vj Mark,A minor car accident drives two rival aluminum-siding salesmen to the ridiculous extremes of man versus man in 1963 Baltimore.,https://jtzmag.com/movies1/TIN%20MEN.1080HP.Jr.mp4,https://jtzmag.com/movies1/TIN%20MEN.1080HP.Jr.mp4,,https://fumhub.com/wp-content/uploads/2026/02/5rWE9ft0Uc2kuDWlkg5vQth58XZ.jpg,,,,,,,2024-01-01 00:00:00+00,,0,true,,,,,,,,,,,
tweve_fum_653,The Old Man & the Gun – Vj Junior,"The true story of Forrest Tucker, from his audacious escape from San Quentin at the age of 70 to an […]",https://jtzmag.com/movies1/The%20Old%20Man%20The.Gun.1080HP.Jr.mp4,https://jtzmag.com/movies1/The%20Old%20Man%20The.Gun.1080HP.Jr.mp4,,https://fumhub.com/wp-content/uploads/2026/02/a4BfxRK8dBgbQqbRxPs8kmLd8LG.jpg,,,,,,,2024-01-01 00:00:00+00,,0,true,,,,,,,,,,,
tweve_fum_656,Water for Elephants – VJ Junior,"In this captivating Depression-era melodrama, impetuous veterinary student Jacob Jankowski joins a celebrated circus as an animal caretaker but faces […]",https://jtzmag.com/movies1/WATER%20FOR%20ELEPHANTS.1080HP.mp4,https://jtzmag.com/movies1/WATER%20FOR%20ELEPHANTS.1080HP.mp4,,https://fumhub.com/wp-content/uploads/2026/02/8T7Hvb9trKvCAmbSI8cEIU0Sl2T.jpg,,,,,,,2024-01-01 00:00:00+00,,0,true,,,,,,,,,,,
tweve_fum_659,The SpongeBob Movie: Search for SquarePants – VJ Uncle T,"Desperate to be a big guy, SpongeBob sets out to prove his bravery to Mr. Krabs by following The Flying […]",https://jtzmag.com/movies1/VJ%20UNCLE%20T%20The-SpongeBob-Movie-Search-for-SquarePants.2026.mp4,https://jtzmag.com/movies1/VJ%20UNCLE%20T%20The-SpongeBob-Movie-Search-for-SquarePants.2026.mp4,,https://fumhub.com/wp-content/uploads/2026/02/pDWYW9v8fmJdA7N0I1MOdQA3ETq.jpg,,,,,,,2024-01-01 00:00:00+00,,0,true,,,,,,,,,,,
tweve_fum_662,David – VJ Uncle T,"From the songs of his mother’s heart to the whispers of a faithful God, David’s story begins in quiet devotion. […]",https://jtzmag.com/movies1/VJ%20UNCLE%20T%20David.2026.mp4,https://jtzmag.com/movies1/VJ%20UNCLE%20T%20David.2026.mp4,,https://fumhub.com/wp-content/uploads/2026/02/bESlrLOrsQ9gKzaGQGHXKOyIUtX.jpg,,,,,,,2024-01-01 00:00:00+00,,0,true,,,,,,,,,,,
tweve_fum_665,The Fixies: Top Secret – VJ Uncle T,"The Fixies are little creatures that, unseen by humans, help them maintain their appliances – and generally make sure things […]",https://jtzmag.com/movies1/VJ%20UNCLE%20T%20The-Fixies-Top-Secret.2026.mp4,https://jtzmag.com/movies1/VJ%20UNCLE%20T%20The-Fixies-Top-Secret.2026.mp4,,https://fumhub.com/wp-content/uploads/2026/02/1H4TNfrLYYzSFd4CICyoFIjx1vn.jpg,,,,,,,2024-01-01 00:00:00+00,,0,true,,,,,,,,,,,
tweve_fum_668,Tafiti: Across the Desert,"Tafiti, a young meerkat, initially rejects friendship with Bristles, a bush pig. When his grandpa is bitten by a snake, […]",https://jtzmag.com/movies1/VJ%20UNCLE%20T%20Tafiti-Across-the-Desert.2026.mp4,https://jtzmag.com/movies1/VJ%20UNCLE%20T%20Tafiti-Across-the-Desert.2026.mp4,,https://fumhub.com/wp-content/uploads/2026/02/ohB1fdL0p9nHllCsQddgOTnDhPD.jpg,,,,,,,2024-01-01 00:00:00+00,,0,true,,,,,,,,,,,
tweve_fum_671,Sheriff,"Sheriff, a police officer from the Integrity Department who is dedicated and insightful. He is paired with Nazri, a young […]",https://jtzmag.com/movies1/Sheriff_1080p%20VJ%20SOUL%202026.mp4,https://jtzmag.com/movies1/Sheriff_1080p%20VJ%20SOUL%202026.mp4,,https://fumhub.com/wp-content/uploads/2026/02/cD8r2nCbekycnfPoRvaBnqpAap9.jpg,,,,,,,2024-01-01 00:00:00+00,,1,true,,,,,,,,,,,
tweve_fum_674,Mercenaries – Vj Jingo,"A diplomatic official is captured and imprisoned while touring a war zone, so a team of elite female commandos is […]",https://jtzmag.com/movies1/MERCENARIES%20-%20JINGO.mp4,https://jtzmag.com/movies1/MERCENARIES%20-%20JINGO.mp4,,https://fumhub.com/wp-content/uploads/2026/02/eba3J71GIIXncTVzS3fMqjdMzfz.jpg,,,,,,,2024-01-01 00:00:00+00,,0,true,,,,,,,,,,,
tweve_fum_677,Untitled Home Invasion Romance,"As a last-ditch attempt to save his failing marriage, an actor stages a home invasion during a romantic getaway weekend.",https://jtzmag.com/movies1/UNTITLED%20HOME%20INVASION%20ROMANCE%20JR.2026.mp4,https://jtzmag.com/movies1/UNTITLED%20HOME%20INVASION%20ROMANCE%20JR.2026.mp4,,https://fumhub.com/wp-content/uploads/2026/02/aBMnVU5yrsP5XMBZhG8aT2w6m9u.jpg,,,,,,,2024-01-01 00:00:00+00,,0,true,,,,,,,,,,,
tweve_fum_680,Matilda – VJ Jingo,"Matilda Wormwood is an exquisite and intelligent little girl. Unfortunately, her parents, Harry and Zinnia, don’t agree. As time passes, […]",https://jtzmag.com/movies1/MATILDA.JINGO[JB%20HD%20movies].mp4,https://jtzmag.com/movies1/MATILDA.JINGO[JB%20HD%20movies].mp4,,https://fumhub.com/wp-content/uploads/2026/02/wYoDpWInsBEVSmWStnRH06ddoyk.jpg,,,,,,,2024-01-01 00:00:00+00,,0,true,,,,,,,,,,,
tweve_fum_683,Mask of the Ninja – Vj Jingo,"In a heavily wooded private estate in the Malibu Hills, towering above the tumbling Pacific, millionaire CEO Kenji Takeo and […]",https://jtzmag.com/movies1/MASK%20OF%20THE%20NINJA%20-%20JINGO.mp4,https://jtzmag.com/movies1/MASK%20OF%20THE%20NINJA%20-%20JINGO.mp4,,https://fumhub.com/wp-content/uploads/2026/02/bCBlWqGAW8rUuBm7v4Czt7nFTVr.jpg,,,,,,,2024-01-01 00:00:00+00,,0,true,,,,,,,,,,,
tweve_fum_687,Hate Story – Vj Emmy,Journalist Kavya Krishna loves tycoon Siddharth – who uses and abuses her. How far will Kavya go to get revenge?,https://namzentertainments.xyz/NEW%20PRO/HATE%20STORY%20PART.2%20EP01%20VJ%20EMMY.mp4,https://namzentertainments.xyz/NEW%20PRO/HATE%20STORY%20PART.2%20EP01%20VJ%20EMMY.mp4,,https://fumhub.com/wp-content/uploads/2026/02/ncpbVw0I5rzbfMJvHIAqmZuHkg5.jpg,,,,,,,2024-01-01 00:00:00+00,,0,true,,,,,,,,,,,
tweve_fum_690,Dhakad Chhora,A fearless boy who falls in love with a Muslim girl who studies with him and does not want both […],https://videos.labacdn.xyz/pirana/21_BRIDGES_JR_%5BWWW.LABAFILM.COM%5D.mp4?token=eyJhbGciOiJIUzI1NiIsInR5cCI6IkpXVCJ9.eyJ2aWRlb0lkIjoiNjk4ZWE3NjdjZWU1ZjgwNzNmMGQ4NDIyIiwiaWF0IjoxNzcwOTc0NjEwLCJleHAiOjE3NzEwMDM0MTB9.dresLe75Vg_MDmG5giLTNP9mWgsyX_85OyP50Fqb4rk,https://videos.labacdn.xyz/pirana/21_BRIDGES_JR_%5BWWW.LABAFILM.COM%5D.mp4?token=eyJhbGciOiJIUzI1NiIsInR5cCI6IkpXVCJ9.eyJ2aWRlb0lkIjoiNjk4ZWE3NjdjZWU1ZjgwNzNmMGQ4NDIyIiwiaWF0IjoxNzcwOTc0NjEwLCJleHAiOjE3NzEwMDM0MTB9.dresLe75Vg_MDmG5giLTNP9mWgsyX_85OyP50Fqb4rk,,https://fumhub.com/wp-content/uploads/2026/02/tQF3oz1SvxCP4WYzxbNRdmjRGwy.jpg,,,,,,,2024-01-01 00:00:00+00,,0,true,,,,,,,,,,,
tweve_fum_693,Mad Buddies – VJ Jingo,"Two sworn enemies, Boetie (Leon Schuster) and Beast (Kenneth Nkosi) are forced to do a road trip together on foot, […]",https://media.vjluga.com/videos/1758690612799-MAD%20BUDDIES%201080P___VJ%20JINGO.mp4,https://media.vjluga.com/videos/1758690612799-MAD%20BUDDIES%201080P___VJ%20JINGO.mp4,,https://fumhub.com/wp-content/uploads/2026/02/cYLz9eENFrIHLPnJ15mE2omn2eN.jpg,,,,,,,2024-01-01 00:00:00+00,,0,true,,,,,,,,,,,
tweve_fum_696,A Haunted House 2 – Vj Emmy,"After exorcising the demons of his ex, Malcolm starts afresh with his new girlfriend and her two children. After moving […]",https://media.vjluga.com/videos/1764411305123-A%20Haunted%20House%20Emmy-1.m4v,,,https://fumhub.com/wp-content/uploads/2026/02/oV7M00fPXy5P0nbdeMbSUjYv0vx.jpg,,,,,,,2024-01-01 00:00:00+00,,0,true,,,,,,,,,,,
tweve_fum_699,Animals United,"A group of animals waiting for the annual flood they rely on for food and water discover that the humans, […]",https://media.vjluga.com/videos/1767609649954-Animals%20United%201080p%20VJ%20KEVO.mp4,https://media.vjluga.com/videos/1767609649954-Animals%20United%201080p%20VJ%20KEVO.mp4,,https://fumhub.com/wp-content/uploads/2026/02/gUCLetZNa3rZknSmLc2gGUdxWH7.jpg,,,,,,,2024-01-01 00:00:00+00,,0,true,,,,,,,,,,,
tweve_fum_702,Mantis – Ice P Omutaka,"The secret society of contract killers falls into chaos, unleashing a new breed of assassins. With old rules in ruins, […]",https://vjluga.com/api/proxy/download?url=,,,https://fumhub.com/wp-content/uploads/2026/02/pzsXKLJsZ26HUV1oCMa7WiFFQbW.jpg,,,,,,,2024-01-01 00:00:00+00,,0,true,,,,,,,,,,,
tweve_fum_705,Rango – Vj Kevo,"When Rango, a lost family pet, accidentally winds up in the gritty, gun-slinging town of Dirt, the less-than-courageous lizard suddenly […]",https://media.vjluga.com/videos/1762058246100-Rango%20by%20vj%20Kevo.mp4,https://media.vjluga.com/videos/1762058246100-Rango%20by%20vj%20Kevo.mp4,,https://fumhub.com/wp-content/uploads/2026/02/A5MP1guV8pbruieG0tnpPIbaJtt.jpg,,,,,,,2024-01-01 00:00:00+00,,1,true,,,,,,,,,,,
tweve_fum_708,Tangled,"Feisty teenager Rapunzel, who has long and magical hair, wants to go and see sky lanterns on her eighteenth birthday, […]",https://media.vjluga.com/videos/1764658055267-Tangled.kevo-1.m4v,,,https://fumhub.com/wp-content/uploads/2026/02/ym7Kst6a4uodryxqbGOxmewF235.jpg,,,,,,,2024-01-01 00:00:00+00,,0,true,,,,,,,,,,,
tweve_fum_711,Top Gun: Maverick – Vj Junior,"After more than thirty years of service as one of the Navy’s top aviators, and dodging the advancement in rank […]",https://media.vjluga.com/videos/1767633023213-TOP%20GUN%202%20%20-%20JR.mp4,https://media.vjluga.com/videos/1767633023213-TOP%20GUN%202%20%20-%20JR.mp4,,https://fumhub.com/wp-content/uploads/2026/02/62HCnUTziyWcpDaBO2i1DX17ljH.jpg,,,,,,,2024-01-01 00:00:00+00,,0,true,,,,,,,,,,,
tweve_fum_716,Animal Instincts,"A cop and his sexually frustrated wife are struggling to keep their failing marriage intact, when by chance she finds […]",https://media.vjluga.com/videos/1758077266096-ANIMAL%20INSTINCT___KK.THE%20BEST2.mp4,https://media.vjluga.com/videos/1758077266096-ANIMAL%20INSTINCT___KK.THE%20BEST2.mp4,,https://fumhub.com/wp-content/uploads/2026/02/6YuYMZSUXI8ZgysXIdW6mHZ7qlj.jpg,,,,,,,2024-01-01 00:00:00+00,,1,true,,,,,,,,,,,
tweve_fum_719,Legend of the Ancient Sword – BY VJ Tonny,"Due to a fateful occurrence, Yue Wuyi leaves home. He meets revered master Xie Yi, who imparts to him the […]",https://media.vjluga.com/videos/1767609500274-LEGEND%20OF%20THE%20ACIENT%20SWORD%20V.j%20Tonny.mp4,https://media.vjluga.com/videos/1767609500274-LEGEND%20OF%20THE%20ACIENT%20SWORD%20V.j%20Tonny.mp4,,https://fumhub.com/wp-content/uploads/2026/02/1QHwlirJb7MJJcvTICMJvfG3oyh.jpg,,,,,,,2024-01-01 00:00:00+00,,0,true,,,,,,,,,,,
tweve_fum_722,Wonder – Vj Junior,"The story of August Pullman – a boy with facial differences – who enters fifth grade, attending a mainstream elementary […]",https://media.vjluga.com/videos/1767629522794-Wonder%20Jr-1.m4v,,,https://fumhub.com/wp-content/uploads/2026/02/sONh3LYGFcVDTy8pm1tbSOB13Li.jpg,,,,,,,2024-01-01 00:00:00+00,,0,true,,,,,,,,,,,
tweve_fum_725,Brotherhood of Blades,"In the late Ming Dynasty, three sworn brothers who serve as the imperial secret police are dispatched to hunt down […]",https://media.vjluga.com/videos/1767630964781-BROTHERHOOD%20OF%20BLADES%20JR%20[JB%20HD%20movies].mp4,https://media.vjluga.com/videos/1767630964781-BROTHERHOOD%20OF%20BLADES%20JR%20[JB%20HD%20movies].mp4,,https://fumhub.com/wp-content/uploads/2026/02/d2mXV6VXqpxxv5Zet9xc2rKVpJz.jpg,,,,,,,2024-01-01 00:00:00+00,,0,true,,,,,,,,,,,
tweve_fum_728,Desperado – Vj Jingo,El Mariachi plunges headfirst into the dark border underworld when he follows a trail of blood to the last of […],https://media.vjluga.com/videos/1759980373143-Desperado%20Vj%20Jingo(2).m4v,,,https://fumhub.com/wp-content/uploads/2026/02/e3gwpBeXpvGZsxUya9zNym5QXrw.jpg,,,,,,,2024-01-01 00:00:00+00,,0,true,,,,,,,,,,,
tweve_fum_731,The Northman – Vj Junior,"Prince Amleth is on the verge of becoming a man when his father is brutally murdered by his uncle, who […]",https://media.vjluga.com/videos/1765959826712-THE%20NORTHAN%20MAN%20JR%202022.mp4,https://media.vjluga.com/videos/1765959826712-THE%20NORTHAN%20MAN%20JR%202022.mp4,,https://fumhub.com/wp-content/uploads/2026/02/aSSJMnHknzKjlZ6zybwD7eyJ4Po.jpg,,,,,,,2024-01-01 00:00:00+00,,2,true,,,,,,,,,,,
tweve_fum_734,The Gods Must Be Crazy – VJ Emmy,A Coca-Cola bottle dropped from an airplane raises havoc among a normally peaceful tribe of African bushmen who believe it […],https://media.vjluga.com/videos/1761056765268-The%20Gods%20Must%20Be%20Crazy%201%20Emmy.m4v,,,https://fumhub.com/wp-content/uploads/2026/02/IgBfj5LfT7nwpodCZ34QCHp17x.jpg,,,,,,,2024-01-01 00:00:00+00,,1,true,,,,,,,,,,,
tweve_fum_737,Mulan – Vj Junior,When the Emperor of China issues a decree that one man per family must serve in the Imperial Chinese Army […],https://media.vjluga.com/videos/1765959725935-mulani.mp4,https://media.vjluga.com/videos/1765959725935-mulani.mp4,,https://fumhub.com/wp-content/uploads/2026/02/aKx1ARwG55zZ0GpRvU2WrGrCG9o.jpg,,,,,,,2024-01-01 00:00:00+00,,0,true,,,,,,,,,,,
tweve_fum_740,Bad Cat – Vj Kevo,A foul-mouthed cat and its gang cross paths with humans.,https://media.vjluga.com/videos/1765798478951-Bad.cat.2016.%20Vj%20Kevo@katflix-1.m4v,,,https://fumhub.com/wp-content/uploads/2026/02/4Z7HdaTw7M2sqGjZzjncE4YPRNV.jpg,,,,,,,2024-01-01 00:00:00+00,,0,true,,,,,,,,,,,
tweve_fum_743,Darkness Falls By Vj Emmy,A vengeful spirit has taken the form of the Tooth Fairy to exact vengeance on the town that lynched her […],https://media.vjluga.com/videos/1767619606944-Darkness%20Falls.Emmy.mp4,https://media.vjluga.com/videos/1767619606944-Darkness%20Falls.Emmy.mp4,,https://fumhub.com/wp-content/uploads/2026/02/qoceKsM15yL5Tmyuhkdl7vM5Vi4.jpg,,,,,,,2024-01-01 00:00:00+00,,0,true,,,,,,,,,,,
tweve_fum_746,The Son of Bigfoot – Vj Kevo,"Teenage outsider Adam sets out on an epic and daring quest to uncover the mystery behind his long-lost dad, only […]",https://media.vjluga.com/videos/1767609552189-THE%20SON%20OF%20BIG%20FOOT.KEVO.mp4,https://media.vjluga.com/videos/1767609552189-THE%20SON%20OF%20BIG%20FOOT.KEVO.mp4,,https://fumhub.com/wp-content/uploads/2026/02/5yCQvhFuFPY0pACxoUpLUlYCxop.jpg,,,,,,,2024-01-01 00:00:00+00,,0,true,,,,,,,,,,,
tweve_fum_749,Gnome Alone,"When Chloe discovers that her new home's garden gnomes are not what they seem, she must decide between the pursuit […]",https://media.vjluga.com/videos/1766642109810-Gnome%20Alone%20-%20Kevo-1.m4v,,,https://fumhub.com/wp-content/uploads/2026/02/jWB0zhk1Rj1tIWUM98Wsh15gkiW.jpg,,,,,,,2024-01-01 00:00:00+00,,0,true,,,,,,,,,,,
tweve_fum_752,Bonnie Bears The Big Top Secret By Vj Kevo,"Frustrated with his pals, Briar joins a traveling circus, where new friends and fame keep the homesickness away… for a […]",https://media.vjluga.com/videos/1766641101256-Bonnie%20Bears%20.%20The%20Big%20Top%20Secret%20-%20Kevo-1.m4v,,,https://fumhub.com/wp-content/uploads/2026/02/l1Dbx1PkO3SPgsYyf0C8QqoL6X1.jpg,,,,,,,2024-01-01 00:00:00+00,,1,true,,,,,,,,,,,
tweve_fum_755,The Gods Must Be Crazy II – Vj Emmy,"Xixo is back again. This time, his children accidentally stow away on a fast-moving poachers' truck, unable to get off, […]",https://media.vjluga.com/videos/1761058533051-The%20Gods%20Must%20Be%20Crazy%202%20Emmy.m4v,,,https://fumhub.com/wp-content/uploads/2026/02/sxPpBTB2Rd5PHs97E2zn0t9GCSp.jpg,,,,,,,2024-01-01 00:00:00+00,,0,true,,,,,,,,,,,
tweve_fum_758,A Legend – Ice P Omutaka,An archeologist noticed that the texture of the relics discovered during the excavation of a glacier closely resembled a jade […],https://media.vjluga.com/videos/1765868593866-A%20Legend%20Ice%20P-1.m4v,,,https://fumhub.com/wp-content/uploads/2026/02/qbImUt1d3itXcB81BCItPZlfbyr.jpg,,,,,,,2024-01-01 00:00:00+00,,0,true,,,,,,,,,,,
tweve_fum_772,Crimson Peak – Vj Junior,"In the aftermath of a family tragedy, an aspiring author is torn between love for her childhood friend and the […]",https://media.vjluga.com/videos/1756625839399-Crimson%20Peak%20Jrjr.%20[jb%20Hd%20Movies]-1.m4v,,,https://fumhub.com/wp-content/uploads/2026/02/f9TOb5anVwZeSbYjU1qNxPk3KUk.jpg,,,,,,,2024-01-01 00:00:00+00,,0,true,,,,,,,,,,,
tweve_fum_775,Dead in Tombstone – Vj Junior,An outlaw named Guerrero Hernandez is shot in the back and killed whilst attempting to free his half-brother from a […],https://media.vjluga.com/videos/1756626958558-Dead%20In%20Tombstone%20-%20Jr-1.m4v,,,https://fumhub.com/wp-content/uploads/2026/02/hWQfInQkauNbyZRQRxbM7IXm3DF.jpg,,,,,,,2024-01-01 00:00:00+00,,0,true,,,,,,,,,,,
tweve_fum_778,Homestead – Vj Junior,"A nuclear bomb is detonated in Los Angeles, and the nation devolves into unprecedented chaos. Ex-Green Beret Jeff Eriksson and […]",https://media.vjluga.com/videos/1756881665550-Homestead%20Jr-1.m4v,,,https://fumhub.com/wp-content/uploads/2026/02/fKts7WTTP7KWvI6N7WYIuEhmgXP.jpg,,,,,,,2024-01-01 00:00:00+00,,0,true,,,,,,,,,,,
tweve_fum_781,Love Sick Love – Vj Junior,"Dori and Norman, two stunning and sophisticated serial daters, are destined to endure a terrifying journey through perfect couple-hood: Valentine's, […]",https://media.vjluga.com/videos/1756981762433-Love%20Sick%20Love%20-%20Jr-1-1.m4v,,,https://fumhub.com/wp-content/uploads/2026/02/ueG47rYOUzZsREBDIWWTkjRSbQf.jpg,,,,,,,2024-01-01 00:00:00+00,,0,true,,,,,,,,,,,
tweve_fum_784,An American Girl: McKenna Shoots for the Stars – Vj Junior,A young girl struggles to maintain her school grades while competing as a gymnast.,https://media.vjluga.com/videos/1756987918275-Mckeena%20-%20Jr-1.m4v,,,https://fumhub.com/wp-content/uploads/2026/02/bDbtolQKNSKlW9QQo98ZmJDoaTG.jpg,,,,,,,2024-01-01 00:00:00+00,,0,true,,,,,,,,,,,
tweve_fum_787,The Dark Knight Rises 4 – Vj Junior,"Following the death of District Attorney Harvey Dent, Batman assumes responsibility for Dent's crimes to protect the late attorney's reputation […]",https://media.vjluga.com/videos/1757089228166-The.Dark.Knight.Rises.4.(Action).720.Vj.Jr.[ZeRo%20HD%20Movies].mp4,https://media.vjluga.com/videos/1757089228166-The.Dark.Knight.Rises.4.(Action).720.Vj.Jr.[ZeRo%20HD%20Movies].mp4,,https://fumhub.com/wp-content/uploads/2026/02/hr0L2aueqlP2BYUblTTjmtn0hw4.jpg,,,,,,,2024-01-01 00:00:00+00,,0,true,,,,,,,,,,,
tweve_fum_791,The Dark Knight Rises 3 – Vj Junior,"Following the death of District Attorney Harvey Dent, Batman assumes responsibility for Dent's crimes to protect the late attorney's reputation […]",https://media.vjluga.com/videos/1757089996955-The.Dark.Knight.Rises.3.(Action).720.Vj.Jr.[ZeRo%20HD%20Movies].mp4,https://media.vjluga.com/videos/1757089996955-The.Dark.Knight.Rises.3.(Action).720.Vj.Jr.[ZeRo%20HD%20Movies].mp4,,https://fumhub.com/wp-content/uploads/2026/02/hr0L2aueqlP2BYUblTTjmtn0hw4.jpg,,,,,,,2024-01-01 00:00:00+00,,0,true,,,,,,,,,,,
tweve_fum_793,The Dark Knight Rises 2 – Vj Junior,"Following the death of District Attorney Harvey Dent, Batman assumes responsibility for Dent's crimes to protect the late attorney's reputation […]",https://media.vjluga.com/videos/1757090349367-The.Dark.Knight.Rises.2.(Action).720.Vj.Jr.[ZeRo%20HD%20Movies].mp4,https://media.vjluga.com/videos/1757090349367-The.Dark.Knight.Rises.2.(Action).720.Vj.Jr.[ZeRo%20HD%20Movies].mp4,,https://fumhub.com/wp-content/uploads/2026/02/hr0L2aueqlP2BYUblTTjmtn0hw4.jpg,,,,,,,2024-01-01 00:00:00+00,,0,true,,,,,,,,,,,
tweve_fum_795,The Dark Knight Rises 1 – Vj Junior,"Following the death of District Attorney Harvey Dent, Batman assumes responsibility for Dent's crimes to protect the late attorney's reputation […]",https://media.vjluga.com/videos/1757091029896-The.Dark.Knight.Rises.1.(Action).720.Vj.Jr.[ZeRo%20HD%20Movies].mp4,https://media.vjluga.com/videos/1757091029896-The.Dark.Knight.Rises.1.(Action).720.Vj.Jr.[ZeRo%20HD%20Movies].mp4,,https://fumhub.com/wp-content/uploads/2026/02/hr0L2aueqlP2BYUblTTjmtn0hw4.jpg,,,,,,,2024-01-01 00:00:00+00,,0,true,,,,,,,,,,,
tweve_fum_797,Open Grave – Vj Junior,A man awakes– without memory — in a pit full of bodies and must figure out if the people who […],https://media.vjluga.com/videos/1757096602742-Open%20Grave%20Jr[jb%20Hd%20Movies]-1.m4v,,,https://fumhub.com/wp-content/uploads/2026/02/tgXcICQjS3aEbxCYgYMroBXyJGn.jpg,,,,,,,2024-01-01 00:00:00+00,,0,true,,,,,,,,,,,
tweve_fum_800,White Elephant – Vj Junior,An ex-marine enforcer must battle his conscience and code of honor when he is forced to do things for the […],https://media.vjluga.com/videos/1757152721570-White%20Elephant%20Jrjb%20Hd%20Movies]-1.m4v,,,https://fumhub.com/wp-content/uploads/2026/02/lG56H40Y1BuHSPoWtEgDJsSgDBZ.jpg,,,,,,,2024-01-01 00:00:00+00,,0,true,,,,,,,,,,,
tweve_fum_803,Woman Thou Art Loosed: On the 7th Day – Vj Junior,The Ames' seem to have built the perfect life until their six year old daughter is kidnapped; over the course […],https://media.vjluga.com/videos/1757154428456-Woman%20Thou%20Art%20Loosed%20On%207th%20Day.jr-1.m4v,,,https://fumhub.com/wp-content/uploads/2026/02/oVG6nQrw6wAehRROG4HBQV1QUPc.jpg,,,,,,,2024-01-01 00:00:00+00,,0,true,,,,,,,,,,,
tweve_fum_806,12 Round Gun – Vj Junior,"A washed up, alcoholic ex-prizefighter makes a comeback to boxing after his top heavyweight contender son is wrongfully blinded in […]",https://media.vjluga.com/videos/1757233554622-12%20Round%20Gun.jr-1.m4v,,,https://fumhub.com/wp-content/uploads/2026/02/fGyYmUHrLuggJreKq0HHbf68EgZ.jpg,,,,,,,2024-01-01 00:00:00+00,,0,true,,,,,,,,,,,
tweve_fum_809,44 Minutes: The North Hollywood Shoot-Out – Vj Junior,"After a failed bank robbery, two heavily armed men hold the Los Angeles Police Department at bay for 44 minutes.","https://media.vjluga.com/videos/1757236575014-44%20Minutes%20,the%20North%20Hollywod%20Shoot%20Out%20-%20Jr-1.m4v",,,https://fumhub.com/wp-content/uploads/2026/02/zcL30rZ71NfoCQtTwPlJiLI40qr.jpg,,,,,,,2024-01-01 00:00:00+00,,0,true,,,,,,,,,,,
tweve_fum_812,Back to the Goode Life – Vj Junior,A New York banker loses assets and lavish lifestyle due to false accusations. Forced to return to small Georgia hometown […],https://media.vjluga.com/videos/1757309529629-Back%20To%20The%20Goode%20Life%20Jr.2019.@.stv%20Mzk.%200705557478.@.moviez-1.m4v,,,https://fumhub.com/wp-content/uploads/2026/02/4Lp6tP8VGBNBZjBEktncxDDH6e2.jpg,,,,,,,2024-01-01 00:00:00+00,,0,true,,,,,,,,,,,
tweve_fum_815,Change of Plans – Vj Junior,Sally and Jason Danville's life are turned upside down when a tragic accident suddenly names them the caretakers of four […],https://media.vjluga.com/videos/1757321473959-Change%20Of%20Plans%20-%20Jr-1.m4v,,,https://fumhub.com/wp-content/uploads/2026/02/sBHZSSv87dB5BLJY2yKfA9ouzt2.jpg,,,,,,,2024-01-01 00:00:00+00,,0,true,,,,,,,,,,,
tweve_fum_818,Vicious – Vj Junior,"When Polly receives a mysterious box, it comes with one rule: place inside something she needs, something she hates, and […]",https://media.vjluga.com/videos/1760626042128-Vicious%20vj%20Jr.2025.m4v,,,https://fumhub.com/wp-content/uploads/2026/02/shKGDGrwqmc9x2aTJcQszoXinq0.jpg,,,,,,,2024-01-01 00:00:00+00,,0,true,,,,,,,,,,,
tweve_fum_821,Affinity – Vj Emmy,"Chilean martial-arts star Marko Zaror is Bruno, an ex-SEAL struggling with PTSD. He lives a life in fear of his […]",https://media.vjluga.com/videos/1764411574496-Affinity%20Emmy.2025-1.m4v,,,https://fumhub.com/wp-content/uploads/2026/02/WKwQOPh2mQPRL12jSu2yFHk4A7.jpg,,,,,,,2024-01-01 00:00:00+00,,0,true,,,,,,,,,,,
tweve_fum_824,Rocky Handsome – Vj Emmy,A vengeful man embarks on a murderous rampage after the kidnapping of a 7-year-old girl.,https://media.vjluga.com/videos/1764416502267-Rocky%20Handsome%20Emmy%20Xxx-1.m4v,,,https://fumhub.com/wp-content/uploads/2026/02/x6jfeYy7KTBk4eS0kMUHTd4sGtZ.jpg,,,,,,,2024-01-01 00:00:00+00,,0,true,,,,,,,,,,,
tweve_fum_827,Mavka: The Forest Song – Kevo,"Mavka, a Soul of the Forest, faces an impossible choice between love and her duty as Guardian of the Heart […]",https://media.vjluga.com/videos/1764585194424-Mavka.the.forest.song-1.m4v,,,https://fumhub.com/wp-content/uploads/2026/02/eeJjd9JU2Mdj9d7nWRFLWlrcExi.jpg,,,,,,,2024-01-01 00:00:00+00,,0,true,,,,,,,,,,,
tweve_fum_830,Spellbound – Uncle T,"When a powerful spell turns her parents into giant monsters, a teenage princess must journey into the wild to reverse […]",https://media.vjluga.com/videos/1764657773792-Spellbound%20Vj%20Uncle%20T%202025-1.m4v,,,https://fumhub.com/wp-content/uploads/2026/02/4dSrwXJNKtMtlkwJPgZMkjjuHvD.jpg,,,,,,,2024-01-01 00:00:00+00,,0,true,,,,,,,,,,,
tweve_fum_833,Dragonkeeper – Vj Uncle T,"Set in Han Imperial China, the plot follows the adventures of enslaved girl Ping with ancient dragon Long Danzi. Dragons […]",https://media.vjluga.com/videos/1764658383810-Vj%20Uncle%20T%20Dragonkeeper-1.m4v,,,https://fumhub.com/wp-content/uploads/2026/02/ggZGnJLzO3BTu7ysuuIzou3Oex5.jpg,,,,,,,2024-01-01 00:00:00+00,,0,true,,,,,,,,,,,
tweve_fum_836,"Ready, Jet, Go! Space Camp: The Movie – Vj Uncle T","Jet and his friends Sean, Sydney and Mindy attend a space camp, where they put their skills to the test. […]",https://media.vjluga.com/videos/1764658991338-Vj%20Uncle%20T%20Ready.jet.go.space.camp-1.m4v,,,https://fumhub.com/wp-content/uploads/2026/02/yExMJfz2XEQ6CHXnkeC01I4nz7u.jpg,,,,,,,2024-01-01 00:00:00+00,,0,true,,,,,,,,,,,
tweve_fum_839,Sneaks – Vj Uncle T,"Ty, a misguided, one-of-a-kind designer sneaker, doesn’t know life outside the comforts of his velvet-lined shoebox. After his sister is […]",https://media.vjluga.com/videos/1764660577341-Vj%20Uncle%20T%20Sneaks.2025-1.m4v,,,https://fumhub.com/wp-content/uploads/2026/02/3SipvmtH9VOyLmII9JLs34qFfil.jpg,,,,,,,2024-01-01 00:00:00+00,,0,true,,,,,,,,,,,
tweve_fum_842,Blood Brothers: Bara Naga – Vj Junior,Elite bodyguard Ariff finds himself in a deadly showdown when he is framed for a crime and his best friend […],https://media.vjluga.com/videos/1765091010103-Blood%20Brothers%20Bara%20Naga%20%20%20Jr.2025.m4v,,,https://fumhub.com/wp-content/uploads/2026/02/uR6IwU2ZfVuzg3mzh06XwlsDiCR.jpg,,,,,,,2024-01-01 00:00:00+00,,0,true,,,,,,,,,,,
tweve_fum_845,Sarah's Oil – Vj Junior,"Sarah Rector, a Black girl born in early 20th-century Oklahoma Indian Territory, believes there is oil beneath the barren land […]",https://media.vjluga.com/videos/1765716281600-Sarah,,,https://fumhub.com/wp-content/uploads/2026/02/Av1CK61z33v2OBFLD1yF5rdRxQ1.jpg,,,,,,,2024-01-01 00:00:00+00,,0,true,,,,,,,,,,,
tweve_fum_848,The King's Daughter – Vj Junior,"King Louis XIV's quest for immortality leads him to capture and steal a mermaid's life force, a move that is […]",https://media.vjluga.com/videos/1765868632737-kings%20daugher%20jr.mp4,https://media.vjluga.com/videos/1765868632737-kings%20daugher%20jr.mp4,,https://fumhub.com/wp-content/uploads/2026/02/sZ3ZxAjy26ZEo3WM4JFdOkoE5sS.jpg,,,,,,,2024-01-01 00:00:00+00,,0,true,,,,,,,,,,,
tweve_fum_851,The Shadow's Edge – Vj junior,Macau Police brings the tracking expert police officer out of retirement to help catch a dangerous group of professional thieves.,https://media.vjluga.com/videos/1765880248630-The%20Shadow,,,https://fumhub.com/wp-content/uploads/2026/02/e0RU6KpdnrqFxDKlI3NOqN8nHL6.jpg,,,,,,,2024-01-01 00:00:00+00,,0,true,,,,,,,,,,,
tweve_fum_854,Last Survivors – Vj Junior,The pic is set in the aftermath of an apocalyptic event that forces people into extreme isolation. A father and […],https://media.vjluga.com/videos/1765880269993-LAST%20SURVIVORS%20LWANGA%20&%20SONS%20MOVIES%20CENTRE%20+256700554061.mp4,https://media.vjluga.com/videos/1765880269993-LAST%20SURVIVORS%20LWANGA%20&%20SONS%20MOVIES%20CENTRE%20+256700554061.mp4,,https://fumhub.com/wp-content/uploads/2026/02/7LcUUUVsbCtNeTmf4dVG2kAcgcV.jpg,,,,,,,2024-01-01 00:00:00+00,,0,true,,,,,,,,,,,
tweve_fum_857,V.C. Andrews' All That Glitters – Vj Junior,Ruby returns to her childhood home and finds herself lured into a twisted plan to be with Beau.,https://jtzmag.com/movies1/VC%20ANDREWS%203.RUBY.1080HP.Jr.mp4,https://jtzmag.com/movies1/VC%20ANDREWS%203.RUBY.1080HP.Jr.mp4,,https://fumhub.com/wp-content/uploads/2026/02/u9Jk3jIfhqrpNrtCXGqPgKkpzdn.jpg,,,,,,,2024-01-01 00:00:00+00,,0,true,,,,,,,,,,,
tweve_fum_860,Woman on Top – Vj Ham,"Set to the intoxicating rhythms of Brazil, ""Woman on Top"" is a spicy, sexy comedy about the magic of food, […]",https://jtzmag.com/movies1/Woman-on-Top_%20Vj%20Ham%202025(erotic).mp4,https://jtzmag.com/movies1/Woman-on-Top_%20Vj%20Ham%202025(erotic).mp4,,https://fumhub.com/wp-content/uploads/2026/02/eYHvcMeVjWPwATYI0VCdecMy2n3.jpg,,,,,,,2024-01-01 00:00:00+00,,0,true,,,,,,,,,,,
tweve_fum_863,V.C. Andrews' Pearl in the Mist – Vj Junior,Ruby is hopeful for a new start with her twin sister as they continue their education at an all-girl's boarding […],https://jtzmag.com/movies1/VC%20ANDREWS%202.PEARL%20IN%20THE%20MIST.1080HP.mp4,https://jtzmag.com/movies1/VC%20ANDREWS%202.PEARL%20IN%20THE%20MIST.1080HP.mp4,,https://fumhub.com/wp-content/uploads/2026/02/6EXF4IpBB7BiOYmmoFZTpwv08Wi.jpg,,,,,,,2024-01-01 00:00:00+00,,0,true,,,,,,,,,,,
tweve_fum_866,The Vault – Vj Junior,"Madrid, Spain, 2010. While the whole city follows the national team's successful participation in the World Cup, a group of […]",https://jtzmag.com/movies1/THE%20VAULT.1080HP.Jr.mp4,https://jtzmag.com/movies1/THE%20VAULT.1080HP.Jr.mp4,,https://fumhub.com/wp-content/uploads/2026/02/kWhXubAiIcHW0xn5GThflqaKZqh.jpg,,,,,,,2024-01-01 00:00:00+00,,0,true,,,,,,,,,,,
tweve_fum_869,Stone Cold Fox – Vj Soul,"In this '80s-set revenge story, the defiant Fox breaks out of an abusive commune in search of her family. But […]",https://hzupaqgkflmqjjrivkwc.supabase.co/storage/v1/object/public/movies/movie/STONE%20%20COLD%20FOX%20VJ%20SOUL.2026.mp4,https://hzupaqgkflmqjjrivkwc.supabase.co/storage/v1/object/public/movies/movie/STONE%20%20COLD%20FOX%20VJ%20SOUL.2026.mp4,,https://fumhub.com/wp-content/uploads/2026/02/yGMuIDdcOTsfgKyHGEisIGQCbQC.jpg,,,,,,,2024-01-01 00:00:00+00,,0,true,,,,,,,,,,,
tweve_fum_874,Body of Lies – Vj junior,The CIA’s hunt is on for the mastermind of a wave of terrorist attacks. Roger Ferris is the agency’s man […],https://namzentertainments.xyz/NEW%20PRO/Body%20Of%20Lies%20%282008%29.720%20VJ%20JUNIOR.mp4,https://namzentertainments.xyz/NEW%20PRO/Body%20Of%20Lies%20%282008%29.720%20VJ%20JUNIOR.mp4,,https://fumhub.com/wp-content/uploads/2026/02/rNEZug6er0bIj9LVN2JaQig6oZy.jpg,,,,,,,2024-01-01 00:00:00+00,,0,true,,,,,,,,,,,
tweve_fum_877,One Battle After Another – Ice P,"Washed-up revolutionary Bob exists in a state of stoned paranoia, surviving off-grid with his spirited, self-reliant daughter, Willa. When his […]",https://jimmy.pearlpix.xyz/SERIES%207/NOV/One.Battle.After.Another%20B%20(2).mkv,,,https://fumhub.com/wp-content/uploads/2026/02/lbBWwxBht4JFP5PsuJ5onpMqugW.jpg,,,,,,,2024-01-01 00:00:00+00,,0,true,,,,,,,,,,,
tweve_fum_880,Exit Protocol – Ice P,An assassin whose specialty is killing other assassins trying to get out of the business decides to try to get […],https://jimmy.pearlpix.xyz/SERIES%207/NOV/Exit%20Protocol.mkv,,,https://fumhub.com/wp-content/uploads/2026/02/flMnawvBtLvMStfeAjuBE1K9ykX.jpg,,,,,,,2024-01-01 00:00:00+00,,0,true,,,,,,,,,,,
tweve_fum_883,Friends with Benefits,Dylan is done with relationships. Jamie decides to stop buying into the Hollywood clichés of true love. When the two […],http://namzentertainments.xyz/projects/omu%20serie/MUN/Friends%20With%20Benefits%20by%20Vj%20Junior.mp4,http://namzentertainments.xyz/projects/omu%20serie/MUN/Friends%20With%20Benefits%20by%20Vj%20Junior.mp4,,https://fumhub.com/wp-content/uploads/2026/02/nKhhDFCdzxeJ3GUunQ570LDpUkz.jpg,,,,,,,2024-01-01 00:00:00+00,,0,true,,,,,,,,,,,
tweve_fum_886,Godzilla Minus One – Ice P,"In postwar Japan, Godzilla brings new devastation to an already scorched landscape. With no military intervention or government help in […]",https://jport.pearlpix.xyz/Jim/GODZILA%20minus%20one%20ICE%20P%20.mkv,,,https://fumhub.com/wp-content/uploads/2026/02/2E2WTX0TJEflAged6kzErwqX1kt.jpg,,,,,,,2024-01-01 00:00:00+00,,0,true,,,,,,,,,,,
tweve_fum_889,Fatal Flip – Vj Emmy,"When a young couple hires a carpenter to help renovate a home they’ve purchased to flip, they get more than […]",https://namzentertainments.xyz/NEW%20PRO/FATAL%20FLIP%20-%20EMMY%20.mp4,https://namzentertainments.xyz/NEW%20PRO/FATAL%20FLIP%20-%20EMMY%20.mp4,,https://fumhub.com/wp-content/uploads/2026/02/zIn8k1E8LLilpJxoAms20UZiiPo.jpg,,,,,,,2024-01-01 00:00:00+00,,0,true,,,,,,,,,,,
tweve_fum_892,Escobank – Vj Junior,"A ragtag group of misfits, veterans and ex-cons embark on a perilous journey in the jungles of Colombia to find […]",https://jimmy.pearlpix.xyz/SERIES%207/NOV/ESCOBANK___VJ%20JR.2025.mkv,,,https://fumhub.com/wp-content/uploads/2026/02/5G0pPDxAKWgQy24NHBGl8LYPxIH.jpg,,,,,,,2024-01-01 00:00:00+00,,0,true,,,,,,,,,,,
tweve_fum_894,Ender's Game – Vj Junior,"Based on the classic novel by Orson Scott Card, Ender's Game is the story of the Earth's most gifted children […]",https://hzupaqgkflmqjjrivkwc.supabase.co/storage/v1/object/public/movies/movie/Ender,,,https://fumhub.com/wp-content/uploads/2026/02/pVcRI5YKnkkgaAD876jBeKb189d.jpg,,,,,,,2024-01-01 00:00:00+00,,0,true,,,,,,,,,,,
tweve_fum_897,Divergent – Ice P,"In a world divided into factions based on personality types, Tris learns that she's been classified as Divergent and won't […]",https://hzupaqgkflmqjjrivkwc.supabase.co/storage/v1/object/public/movies/movie/DIVERGENT%201.1080HP.ICE.P.A-B@(E.L.Pro+256782778952).mp4,https://hzupaqgkflmqjjrivkwc.supabase.co/storage/v1/object/public/movies/movie/DIVERGENT%201.1080HP.ICE.P.A-B@(E.L.Pro+256782778952).mp4,,https://fumhub.com/wp-content/uploads/2026/02/aNh4Q3iuPKDMPi2SL7GgOpiLukX.jpg,,,,,,,2024-01-01 00:00:00+00,,0,true,,,,,,,,,,,
tweve_fum_900,TRON: Legacy – Vj Baros,"Sam Flynn, the tech-savvy and daring son of Kevin Flynn, investigates his father's disappearance and is pulled into The Grid. […]",https://hzupaqgkflmqjjrivkwc.supabase.co/storage/v1/object/public/movies/movie/TRON%20LEGACY___VJ%20BARROS.mp4,https://hzupaqgkflmqjjrivkwc.supabase.co/storage/v1/object/public/movies/movie/TRON%20LEGACY___VJ%20BARROS.mp4,,https://fumhub.com/wp-content/uploads/2026/02/vuifSABRpSnxCAOxEnWpNbZSXpp.jpg,,,,,,,2024-01-01 00:00:00+00,,0,true,,,,,,,,,,,
tweve_fum_903,Transformers: Rise of the Beasts – Vj Junior,"When a new threat capable of destroying the entire planet emerges, Optimus Prime and the Autobots must team up with […]",https://hzupaqgkflmqjjrivkwc.supabase.co/storage/v1/object/public/movies/movie/Transformers%20Rise%20of%20the%20Beasts.2023.720%20Vj%20JUNIOR.mp4,https://hzupaqgkflmqjjrivkwc.supabase.co/storage/v1/object/public/movies/movie/Transformers%20Rise%20of%20the%20Beasts.2023.720%20Vj%20JUNIOR.mp4,,https://fumhub.com/wp-content/uploads/2026/02/gPbM0MK8CP8A174rmUwGsADNYKD.jpg,,,,,,,2024-01-01 00:00:00+00,,0,true,,,,,,,,,,,
tweve_fum_906,Revolt – Vj Junior,"The story of humankind's last stand against a cataclysmic alien invasion. Set in the war-ravaged African countryside, a U.S. soldier […]",https://hzupaqgkflmqjjrivkwc.supabase.co/storage/v1/object/public/movies/movie/REVOLT_JR.mp4,https://hzupaqgkflmqjjrivkwc.supabase.co/storage/v1/object/public/movies/movie/REVOLT_JR.mp4,,https://fumhub.com/wp-content/uploads/2026/02/eM2zipCkAXhp0BZF2noDp7bRFgV.jpg,,,,,,,2024-01-01 00:00:00+00,,0,true,,,,,,,,,,,
tweve_fum_909,Altered – Vj Soul,"In an alternate present, genetically enhanced humans dominate society. Outcasts Leon and Chloe fight for justice against corrupt politicians exploiting […]",https://hzupaqgkflmqjjrivkwc.supabase.co/storage/v1/object/public/movies/movie/ALTERED%20VJ%20SOUL.2026.mp4,https://hzupaqgkflmqjjrivkwc.supabase.co/storage/v1/object/public/movies/movie/ALTERED%20VJ%20SOUL.2026.mp4,,https://fumhub.com/wp-content/uploads/2026/02/6QlAcGRaUrgHcZ4WTBh5lsPnzKx.jpg,,,,,,,2024-01-01 00:00:00+00,,0,true,,,,,,,,,,,
tweve_fum_912,The Batman – Vj Junior,"In his second year of fighting crime, Batman uncovers corruption in Gotham City that connects to his own family while […]",https://hzupaqgkflmqjjrivkwc.supabase.co/storage/v1/object/public/movies/movie/BATMAN%205&6.1080HP.Jr.mp4,https://hzupaqgkflmqjjrivkwc.supabase.co/storage/v1/object/public/movies/movie/BATMAN%205&6.1080HP.Jr.mp4,,https://fumhub.com/wp-content/uploads/2026/02/74xTEgt7R36Fpooo50r9T25onhq.jpg,,,,,,,2024-01-01 00:00:00+00,,0,true,,,,,,,,,,,
tweve_fum_916,The Batman 2 – Vj Junior,"In his second year of fighting crime, Batman uncovers corruption in Gotham City that connects to his own family while […]",https://hzupaqgkflmqjjrivkwc.supabase.co/storage/v1/object/public/movies/movie/Batman%202.1080HP.Jr.mp4,https://hzupaqgkflmqjjrivkwc.supabase.co/storage/v1/object/public/movies/movie/Batman%202.1080HP.Jr.mp4,,https://fumhub.com/wp-content/uploads/2026/02/74xTEgt7R36Fpooo50r9T25onhq.jpg,,,,,,,2024-01-01 00:00:00+00,,0,true,,,,,,,,,,,
tweve_fum_918,Batman Returns – Vj Junior,"The monstrous Penguin, who dwells in the sewers beneath Gotham, joins up with corrupt mayoral candidate Max Shreck to topple […]",https://hzupaqgkflmqjjrivkwc.supabase.co/storage/v1/object/public/movies/movie/BATMAN%201.RETRUNS.1080HP.Jr.mp4,https://hzupaqgkflmqjjrivkwc.supabase.co/storage/v1/object/public/movies/movie/BATMAN%201.RETRUNS.1080HP.Jr.mp4,,https://fumhub.com/wp-content/uploads/2026/02/jKBjeXM7iBBV9UkUcOXx3m7FSHY.jpg,,,,,,,2024-01-01 00:00:00+00,,0,true,,,,,,,,,,,
tweve_fum_921,The Black Hole – Vj Soul,A comical triptych about residents in an apartment block district who long for a better life. When a black hole […],https://hzupaqgkflmqjjrivkwc.supabase.co/storage/v1/object/public/movies/movie/THEBLACKHOLE___VJSOUL.mp4,https://hzupaqgkflmqjjrivkwc.supabase.co/storage/v1/object/public/movies/movie/THEBLACKHOLE___VJSOUL.mp4,,https://fumhub.com/wp-content/uploads/2026/02/iu12NWWiYXKTgyMfaSbA5U6BZPS.jpg,,,,,,,2024-01-01 00:00:00+00,,0,true,,,,,,,,,,,
tweve_fum_924,Con Air – Ice P,"Newly-paroled former US Army ranger Cameron Poe is headed back to his wife, but must fly home aboard a prison […]",https://media.vjluga.com/videos/1767634871345-CON%20AIR.HEAVY%20Q.mp4,https://media.vjluga.com/videos/1767634871345-CON%20AIR.HEAVY%20Q.mp4,,https://fumhub.com/wp-content/uploads/2026/02/kOKjgrEzGOP92rVQ6srA9jtp60l.jpg,,,,,,,2024-01-01 00:00:00+00,,0,true,,,,,,,,,,,
tweve_fum_927,Fantastic Four 3 | Vj Junior,"Four young outsiders teleport to a dangerous universe, which alters their physical form in shocking ways. Their lives irrevocably upended, […]",https://jport.pearlpix.xyz/1000/Fantastic%20Four%203.1080HP.Jr.A-B@(E.L.Pro+256782778952).mp4,https://jport.pearlpix.xyz/1000/Fantastic%20Four%203.1080HP.Jr.A-B@(E.L.Pro+256782778952).mp4,,https://fumhub.com/wp-content/uploads/2026/02/cDroz5qSlP8xZ6tOpeYoPkBvKyL.jpg,,,,,,,2024-01-01 00:00:00+00,,0,true,,,,,,,,,,,
tweve_fum_930,The Tomorrow War – Vj Ice P,The world is stunned when a group of time travelers arrive from the year 2051 to deliver an urgent message: […],https://icepug.xyz/Action%20movies/july%2012%202021/The.Tomorrow.War.2021.720p.WEBRip.x264.AAC-[YTS.MX].mp4,https://icepug.xyz/Action%20movies/july%2012%202021/The.Tomorrow.War.2021.720p.WEBRip.x264.AAC-[YTS.MX].mp4,,https://fumhub.com/wp-content/uploads/2026/02/34nDCQZwaEvsy4CFO5hkGRFDCVU.jpg,,,,,,,2024-01-01 00:00:00+00,,0,true,,,,,,,,,,,
tweve_fum_933,Automation,"A workplace robot, AUTO, transforms into a killing machine when he discovers he will be replaced by a more efficient […]",https://namzentertainments.xyz/project/smart%203/Automation%20by%20Vj%20Kevin.mp4,https://namzentertainments.xyz/project/smart%203/Automation%20by%20Vj%20Kevin.mp4,,https://fumhub.com/wp-content/uploads/2026/02/beqEtbfjkQiOPJH1mXsyZCr5wuc.jpg,,,,,,,2024-01-01 00:00:00+00,,0,true,,,,,,,,,,,
tweve_fum_936,Edge of Tomorrow – Vj Junior,Major Bill Cage is an officer who has never seen a day of combat when he is unceremoniously demoted and […],https://storage.kampalarelaxation.com/allmovies/Movies/Vj%20Junior/Edge.of.Tomorrow.2014.Junior.1080.Emma.Soft.0753088855.mp4,https://storage.kampalarelaxation.com/allmovies/Movies/Vj%20Junior/Edge.of.Tomorrow.2014.Junior.1080.Emma.Soft.0753088855.mp4,,https://fumhub.com/wp-content/uploads/2026/02/nBM9MMa2WCwvMG4IJ3eiGUdbPe6.jpg,,,,,,,2024-01-01 00:00:00+00,,0,true,,,,,,,,,,,
tweve_fum_939,2099: The Soldier Protocol – Ice P,"Sometime in the near future, paraplegic prison inmate Matt Mills meets ""The Board"" of Satoshi-Telefair Industries, who thank him for […]",https://icepug.xyz/Action%20movies/The.Wheel.2019.720p.WEBRip.x264-%5BYTS.LT%5D.mp4,https://icepug.xyz/Action%20movies/The.Wheel.2019.720p.WEBRip.x264-%5BYTS.LT%5D.mp4,,https://fumhub.com/wp-content/uploads/2026/02/1P6SoZCSKrJp8sxooCbShwN2wpL.jpg,,,,,,,2024-01-01 00:00:00+00,,0,true,,,,,,,,,,,
tweve_fum_942,Superman – Vj Junior,"Superman, a journalist in Metropolis, embarks on a journey to reconcile his Kryptonian heritage with his human upbringing as Clark […]",https://oopstry.mlegacytv.com/MOVIES/JR/SUPERMAN%20JR.mkv,,,https://fumhub.com/wp-content/uploads/2026/02/wPLysNDLffQLOVebZQCbXJEv6E6.jpg,,,,,,,2024-01-01 00:00:00+00,,0,true,,,,,,,,,,,
tweve_fum_945,Vivarium,A young woman and her fiancé are in search of the perfect starter home. After following a mysterious real estate […],https://www.mobifliks.info/videos/luganda/Vivarium%20by%20Vj%20Muba%20-%20Mobifliks.com.mp4,https://www.mobifliks.info/videos/luganda/Vivarium%20by%20Vj%20Muba%20-%20Mobifliks.com.mp4,,https://fumhub.com/wp-content/uploads/2026/02/myf3qzpeN0JbuFRPwSpJcz7rmAT.jpg,,,,,,,2024-01-01 00:00:00+00,,0,true,,,,,,,,,,,
tweve_fum_948,Arrival,"Taking place after alien crafts land around the world, an expert linguist is recruited by the military to determine whether […]",https://oopstry.mlegacytv.com/MOVIES/ULIO/THE%20ARRIVAL%202025%20HD%20VJ.ULIO.mkv,,,https://fumhub.com/wp-content/uploads/2026/02/6WzElgkLjIWuWn3Nwu66s5J26tx.jpg,,,,,,,2024-01-01 00:00:00+00,,0,true,,,,,,,,,,,
tweve_fum_951,The God Committee by Vj Junior,"Medicine, money and morality clash when a hospital's Heart Transplant Selection Committee has only minutes to decide which of three […]",https://player.mediadelivery.net/embed/593821/9f6ca2d1-8b70-455a-9dfc-45bd4aeb5eaa?autoplay=true&loop=false&muted=false&preload=true&responsive=true,,,https://fumhub.com/wp-content/uploads/2026/02/p1dXPdz5C1tPpPIy3kth3rTCOQe.jpg,,,,,,,2024-01-01 00:00:00+00,,0,true,,,,,,,,,,,
tweve_fum_954,So Undercover – Vj Junior,"When the FBI hires her to go undercover at a college sorority, Molly Morris must transform herself from a tough, […]",https://player.mediadelivery.net/embed/593821/3dd6ab60-12f6-4559-8f3a-a294c048d279?autoplay=true&loop=false&muted=false&preload=true&responsive=true,,,https://fumhub.com/wp-content/uploads/2026/02/abR6e0FaWwwcEJEM4PY5VvjwBr1.jpg,,,,,,,2024-01-01 00:00:00+00,,0,true,,,,,,,,,,,
tweve_fum_957,Wonder – Vj Junior,"The story of August Pullman – a boy with facial differences – who enters fifth grade, attending a mainstream elementary […]",https://player.mediadelivery.net/embed/593821/f7faedb1-9e8d-4cd2-9fe3-95289d17c95a?autoplay=true&loop=false&muted=false&preload=true&responsive=true,,,https://fumhub.com/wp-content/uploads/2026/02/sONh3LYGFcVDTy8pm1tbSOB13Li.jpg,,,,,,,2024-01-01 00:00:00+00,,0,true,,,,,,,,,,,
tweve_fum_959,What to Expect When You're Expecting – Vj Junior,Challenges of impending parenthood turn the lives of five couples upside down. Two celebrities are unprepared for the surprise demands […],https://player.mediadelivery.net/embed/593821/7020455a-8146-47c7-869a-abd54626971f?autoplay=true&loop=false&muted=false&preload=true&responsive=true,,,https://fumhub.com/wp-content/uploads/2026/02/51kg6CdfwwrBjDDFhT44TwoAZMr.jpg,,,,,,,2024-01-01 00:00:00+00,,0,true,,,,,,,,,,,
tweve_fum_965,The take – Vj Jovan,Michael Mason is an American pickpocket living in Paris who finds himself hunted by the CIA when he steals a […],https://player.mediadelivery.net/embed/593821/b726e497-bc86-4337-a478-8feb4b9469c9?autoplay=true&loop=false&muted=false&preload=true&responsive=true,,,https://fumhub.com/wp-content/uploads/2026/02/lTby7l0zX7xG8Pt0eNrWBrNzdqX.jpg,,,,,,,2024-01-01 00:00:00+00,,0,true,,,,,,,,,,,
tweve_fum_968,The Truth About Charlie – Vj Junior,"Regina meets charming Joshua while vacationing in Martinique, as she contemplates ending her whirlwind marriage to enigmatic Charlie. Upon her […]",https://player.mediadelivery.net/embed/593821/dfd051a3-516b-4082-b3ad-dc66ee120ebb?autoplay=true&loop=false&muted=false&preload=true&responsive=true,,,https://fumhub.com/wp-content/uploads/2026/02/kQ6SdbWStviMhTFt5tatjpGvRGV.jpg,,,,,,,2024-01-01 00:00:00+00,,0,true,,,,,,,,,,,
tweve_fum_986,Avatar: The Way of Water by Vj Junior,"Set more than a decade after the events of the first film, learn the story of the Sully family (Jake, […]",https://jtzmag.com/movies1/AVATAR_2_THE_WAY_OF_THE_WATER_JR.mp4,https://jtzmag.com/movies1/AVATAR_2_THE_WAY_OF_THE_WATER_JR.mp4,,https://fumhub.com/wp-content/uploads/2026/03/t6HIqrRAclMCA60NsSmeqe9RmNV.jpg,,,,,,,2024-01-01 00:00:00+00,,0,true,,,,,,,,,,,
tweve_fum_989,Diana by Vj Junior,"During the last two years of her life, Princess Diana campaigns against the use of land mines and has a […]",https://jtzmag.com/movies1/DIANA_JR.mp4,https://jtzmag.com/movies1/DIANA_JR.mp4,,https://fumhub.com/wp-content/uploads/2026/03/rg5TDRbyUnovpgcbaMhb4N3KOad.jpg,,,,,,,2024-01-01 00:00:00+00,,0,true,,,,,,,,,,,
tweve_fum_992,Everly by Vj Junior,"After she betrays a powerful mob boss, a woman matches wits and weaponry with a legion of killers who are […]",https://jtzmag.com/movies1/EVERLY_JR.mp4,https://jtzmag.com/movies1/EVERLY_JR.mp4,,https://fumhub.com/wp-content/uploads/2026/03/xOJ7zR5N6GFMs6psJpSgbY9Qo5R.jpg,,,,,,,2024-01-01 00:00:00+00,,0,true,,,,,,,,,,,
tweve_fum_995,Lights Out by Vj Junior,"Rebecca must unlock the terror behind her little brother's experiences that once tested her sanity, bringing her face to face […]",https://jtzmag.com/movies1/LIGHTS_OUT_JR.mp4,https://jtzmag.com/movies1/LIGHTS_OUT_JR.mp4,,https://fumhub.com/wp-content/uploads/2026/03/8BnElzAQQpp7ZgdJJiAe1diomr4.jpg,,,,,,,2024-01-01 00:00:00+00,,0,true,,,,,,,,,,,
tweve_fum_998,Diabolic by Vj Junior,A woman's hope for a miracle cure turns into a nightmare when she confronts the vengeful spirit of a cursed […],https://jtzmag.com/movies1/DIABOLIC_JR.mp4,https://jtzmag.com/movies1/DIABOLIC_JR.mp4,,https://fumhub.com/wp-content/uploads/2026/03/3qikoc12LQH6upkLZZlJY8wEZvN.jpg,,,,,,,2024-01-01 00:00:00+00,,0,true,,,,,,,,,,,
tweve_siz_n001,The Wages of Fear,Mwaka: 2024 • Vipindi: 10,https://pub-f6a0038b509c4b508e48df3c30d5061d.r2.dev/001/The%20Wages%20Of%20Fear%2001%20DjMack.mp4,https://pub-f6a0038b509c4b508e48df3c30d5061d.r2.dev/001/The%20Wages%20Of%20Fear%2001%20DjMack.mp4,,https://pub-f6a0038b509c4b508e48df3c30d5061d.r2.dev/001/001.webp,,,,,,,2024-01-01 00:00:00+00,,0,true,,,,,,,,,,,
tweve_siz_n002,Badland Hunters,Mwaka: 2024 • Vipindi: 10,https://pub-f6a0038b509c4b508e48df3c30d5061d.r2.dev/002/Badland.hunters%2001%20N002%20mjukuu.mp4,https://pub-f6a0038b509c4b508e48df3c30d5061d.r2.dev/002/Badland.hunters%2001%20N002%20mjukuu.mp4,,https://pub-f6a0038b509c4b508e48df3c30d5061d.r2.dev/002/002.jpg,,,,,,,2024-01-01 00:00:00+00,,0,true,,,,,,,,,,,
tweve_siz_n003,Dirty Sexy,Mwaka: 2019 • Vipindi: 14,https://pub-f6a0038b509c4b508e48df3c30d5061d.r2.dev/003/Dirty_Sexy_01_N003_Samstudio.mp4,https://pub-f6a0038b509c4b508e48df3c30d5061d.r2.dev/003/Dirty_Sexy_01_N003_Samstudio.mp4,,https://pub-f6a0038b509c4b508e48df3c30d5061d.r2.dev/003/003.jpg,,,,,,,2024-01-01 00:00:00+00,,0,true,,,,,,,,,,,
tweve_siz_n004,Old,Mwaka: 2021 • Vipindi: 10,https://pub-f6a0038b509c4b508e48df3c30d5061d.r2.dev/004/OLD%2001%20N004%20Djm.mp4,https://pub-f6a0038b509c4b508e48df3c30d5061d.r2.dev/004/OLD%2001%20N004%20Djm.mp4,,https://pub-f6a0038b509c4b508e48df3c30d5061d.r2.dev/004/004.webp,,,,,,,2024-01-01 00:00:00+00,,0,true,,,,,,,,,,,
tweve_siz_n005,The Curse of La Patasola,Mwaka: 2022 • Vipindi: 8,https://pub-f6a0038b509c4b508e48df3c30d5061d.r2.dev/005/The_Curse_Of_La_Patasola_01_N005_BabuDj.mp4,https://pub-f6a0038b509c4b508e48df3c30d5061d.r2.dev/005/The_Curse_Of_La_Patasola_01_N005_BabuDj.mp4,,https://pub-f6a0038b509c4b508e48df3c30d5061d.r2.dev/005/005.webp,,,,,,,2024-01-01 00:00:00+00,,0,true,,,,,,,,,,,
tweve_siz_n006,Bait 3D,Mwaka: 2012 • Vipindi: 10,https://pub-f6a0038b509c4b508e48df3c30d5061d.r2.dev/006/Bait_3D_01_N006_DjMack.mp4,https://pub-f6a0038b509c4b508e48df3c30d5061d.r2.dev/006/Bait_3D_01_N006_DjMack.mp4,,https://pub-f6a0038b509c4b508e48df3c30d5061d.r2.dev/006/006.jpg,,,,,,,2024-01-01 00:00:00+00,,0,true,,,,,,,,,,,
tweve_siz_n007,Seal of Desire,Mwaka: 2022 • Vipindi: 12,https://pub-f6a0038b509c4b508e48df3c30d5061d.r2.dev/007/Seal%20Of%20Desire%2001%20N007%20Samstudio.mp4,https://pub-f6a0038b509c4b508e48df3c30d5061d.r2.dev/007/Seal%20Of%20Desire%2001%20N007%20Samstudio.mp4,,https://pub-f6a0038b509c4b508e48df3c30d5061d.r2.dev/007/007.webp,,,,,,,2024-01-01 00:00:00+00,,0,true,,,,,,,,,,,
tweve_siz_n008,Sex Life S1,Mwaka: 2025 • Vipindi: 23,https://pub-f6a0038b509c4b508e48df3c30d5061d.r2.dev/008/SEX%20LIFE%201%2B255759727895.mp4,https://pub-f6a0038b509c4b508e48df3c30d5061d.r2.dev/008/SEX%20LIFE%201%2B255759727895.mp4,,https://pub-f6a0038b509c4b508e48df3c30d5061d.r2.dev/008/008.webp,,,,,,,2024-01-01 00:00:00+00,,0,true,,,,,,,,,,,
tweve_siz_n009,Sex/Life S2,Mwaka: 2023 • Vipindi: 19,https://pub-f6a0038b509c4b508e48df3c30d5061d.r2.dev/N009_Sex_Life_S2/SEX_LIFE_SEO2_ep_1djm_N009_Samstudio.mp4,https://pub-f6a0038b509c4b508e48df3c30d5061d.r2.dev/N009_Sex_Life_S2/SEX_LIFE_SEO2_ep_1djm_N009_Samstudio.mp4,,https://pub-f6a0038b509c4b508e48df3c30d5061d.r2.dev/N009_Sex_Life_S2/009.webp,,,,,,,2024-01-01 00:00:00+00,,0,true,,,,,,,,,,,
tweve_siz_n010,Papillon,Mwaka: 2017 • Vipindi: 13,https://pub-f6a0038b509c4b508e48df3c30d5061d.r2.dev/010/Papillon%2001%20N010%20Djmack.mp4,https://pub-f6a0038b509c4b508e48df3c30d5061d.r2.dev/010/Papillon%2001%20N010%20Djmack.mp4,,https://pub-f6a0038b509c4b508e48df3c30d5061d.r2.dev/010/010%20.webp,,,,,,,2024-01-01 00:00:00+00,,0,true,,,,,,,,,,,
tweve_siz_n011,Boss Ma'am,Mwaka: 2024 • Vipindi: 8,https://pub-f6a0038b509c4b508e48df3c30d5061d.r2.dev/011/Boss%20Maam%2001%20N011%20Samstudio.mp4,https://pub-f6a0038b509c4b508e48df3c30d5061d.r2.dev/011/Boss%20Maam%2001%20N011%20Samstudio.mp4,,https://pub-f6a0038b509c4b508e48df3c30d5061d.r2.dev/011/011.webp,,,,,,,2024-01-01 00:00:00+00,,0,true,,,,,,,,,,,
tweve_siz_n012,Night of the Kings,Mwaka: 2020 • Vipindi: 10,https://pub-f6a0038b509c4b508e48df3c30d5061d.r2.dev/012/Night%20Of%20The%20Kings%2001%20N012%20DjMack.mp4,https://pub-f6a0038b509c4b508e48df3c30d5061d.r2.dev/012/Night%20Of%20The%20Kings%2001%20N012%20DjMack.mp4,,https://pub-f6a0038b509c4b508e48df3c30d5061d.r2.dev/012/012.webp,,,,,,,2024-01-01 00:00:00+00,,0,true,,,,,,,,,,,
tweve_siz_n013,Nowhere,Mwaka: 2023 • Vipindi: 11,https://pub-f6a0038b509c4b508e48df3c30d5061d.r2.dev/013/Nowhere%2001%20N013%20DjMack.mp4,https://pub-f6a0038b509c4b508e48df3c30d5061d.r2.dev/013/Nowhere%2001%20N013%20DjMack.mp4,,https://pub-f6a0038b509c4b508e48df3c30d5061d.r2.dev/013/013.webp,,,,,,,2024-01-01 00:00:00+00,,0,true,,,,,,,,,,,
tweve_siz_n014,Dont Try (Kiss And Kill),Mwaka: 2017 • Vipindi: 10,https://pub-f6a0038b509c4b508e48df3c30d5061d.r2.dev/014/Don't%20Try%20%2001%20djm%20N014%20Samstudio.mp4,https://pub-f6a0038b509c4b508e48df3c30d5061d.r2.dev/014/Don't%20Try%20%2001%20djm%20N014%20Samstudio.mp4,,https://pub-f6a0038b509c4b508e48df3c30d5061d.r2.dev/014/014.webp,,,,,,,2024-01-01 00:00:00+00,,0,true,,,,,,,,,,,
tweve_siz_n015,You're Not Alone,Mwaka: 2023 • Vipindi: 9,https://pub-f6a0038b509c4b508e48df3c30d5061d.r2.dev/015/Youre%20Not%20Alone%2001%20N015%20DjMack.mp4,https://pub-f6a0038b509c4b508e48df3c30d5061d.r2.dev/015/Youre%20Not%20Alone%2001%20N015%20DjMack.mp4,,https://pub-f6a0038b509c4b508e48df3c30d5061d.r2.dev/015/015.webp,,,,,,,2024-01-01 00:00:00+00,,0,true,,,,,,,,,,,
tweve_siz_n016,The Witch: Revenge,Mwaka: 2024 • Vipindi: 10,https://pub-f6a0038b509c4b508e48df3c30d5061d.r2.dev/016/The%20Witch%20Revenge%2001%20N016%20DjMack.mp4,https://pub-f6a0038b509c4b508e48df3c30d5061d.r2.dev/016/The%20Witch%20Revenge%2001%20N016%20DjMack.mp4,,https://pub-f6a0038b509c4b508e48df3c30d5061d.r2.dev/016/016.webp,,,,,,,2024-01-01 00:00:00+00,,0,true,,,,,,,,,,,
tweve_siz_n017,The Green Mile,Mwaka: 1999 • Vipindi: 18,https://pub-f6a0038b509c4b508e48df3c30d5061d.r2.dev/017/Green%20Mile%2001%20N017%20DjJembe.mp4,https://pub-f6a0038b509c4b508e48df3c30d5061d.r2.dev/017/Green%20Mile%2001%20N017%20DjJembe.mp4,,https://pub-f6a0038b509c4b508e48df3c30d5061d.r2.dev/017/017.webp,,,,,,,2024-01-01 00:00:00+00,,0,true,,,,,,,,,,,
tweve_siz_n018,Nymphomaniac: Vol. I,Mwaka: 2013 • Vipindi: 9,https://pub-f6a0038b509c4b508e48df3c30d5061d.r2.dev/018/GHOST%20LOVE%201djm%20N018%20Samstudio.mp4,https://pub-f6a0038b509c4b508e48df3c30d5061d.r2.dev/018/GHOST%20LOVE%201djm%20N018%20Samstudio.mp4,,https://pub-f6a0038b509c4b508e48df3c30d5061d.r2.dev/018/018.webp,,,,,,,2024-01-01 00:00:00+00,,0,true,,,,,,,,,,,
tweve_siz_n019,A Love Story from the Streets,Mwaka: 2023 • Vipindi: 14,https://pub-f6a0038b509c4b508e48df3c30d5061d.r2.dev/019/Miami%20Beach%2001%20N019%20Samstudio.mp4,https://pub-f6a0038b509c4b508e48df3c30d5061d.r2.dev/019/Miami%20Beach%2001%20N019%20Samstudio.mp4,,https://pub-f6a0038b509c4b508e48df3c30d5061d.r2.dev/019/019.webp,,,,,,,2024-01-01 00:00:00+00,,0,true,,,,,,,,,,,
tweve_siz_n020,The Mercenary,Mwaka: 2019 • Vipindi: 9,https://pub-f6a0038b509c4b508e48df3c30d5061d.r2.dev/020/The%20Mercenary%2001%20N020%20DjMack.mp4,https://pub-f6a0038b509c4b508e48df3c30d5061d.r2.dev/020/The%20Mercenary%2001%20N020%20DjMack.mp4,,https://pub-f6a0038b509c4b508e48df3c30d5061d.r2.dev/020/020.webp,,,,,,,2024-01-01 00:00:00+00,,0,true,,,,,,,,,,,
tweve_siz_n021,Home Service (Happy),Mwaka: 2023 • Vipindi: 14,https://pub-f6a0038b509c4b508e48df3c30d5061d.r2.dev/021/Happy%2001%20N021%20Samstudio.mp4,https://pub-f6a0038b509c4b508e48df3c30d5061d.r2.dev/021/Happy%2001%20N021%20Samstudio.mp4,,https://pub-f6a0038b509c4b508e48df3c30d5061d.r2.dev/021/021.webp,,,,,,,2024-01-01 00:00:00+00,,0,true,,,,,,,,,,,
tweve_siz_n022,The Killer,Mwaka: 2024 • Vipindi: 12,https://pub-f6a0038b509c4b508e48df3c30d5061d.r2.dev/022/The%20Killer%2001%20N022%20DjMack.mp4,https://pub-f6a0038b509c4b508e48df3c30d5061d.r2.dev/022/The%20Killer%2001%20N022%20DjMack.mp4,,https://pub-f6a0038b509c4b508e48df3c30d5061d.r2.dev/022/022.webp,,,,,,,2024-01-01 00:00:00+00,,0,true,,,,,,,,,,,
tweve_siz_n023,Indecent Proposal,Mwaka: 1993 • Vipindi: 14,https://pub-f6a0038b509c4b508e48df3c30d5061d.r2.dev/023/Proposal%2001%20N023%20Samstudio.mp4,https://pub-f6a0038b509c4b508e48df3c30d5061d.r2.dev/023/Proposal%2001%20N023%20Samstudio.mp4,,https://pub-f6a0038b509c4b508e48df3c30d5061d.r2.dev/023/023.webp,,,,,,,2024-01-01 00:00:00+00,,0,true,,,,,,,,,,,
tweve_siz_n024,Coming to America,Mwaka: 1988 • Vipindi: 12,https://pub-f6a0038b509c4b508e48df3c30d5061d.r2.dev/024/Coming%20To%20America%2001%20N024%20DjMack.mp4,https://pub-f6a0038b509c4b508e48df3c30d5061d.r2.dev/024/Coming%20To%20America%2001%20N024%20DjMack.mp4,,https://pub-f6a0038b509c4b508e48df3c30d5061d.r2.dev/024/024.webp,,,,,,,2024-01-01 00:00:00+00,,0,true,,,,,,,,,,,
tweve_siz_n025,The King's Affection,Mwaka: 2021 • Vipindi: 20,https://pub-f6a0038b509c4b508e48df3c30d5061d.r2.dev/025/Affection%201%20Skills%20deejay-Samstudio-www.sizoni.com.mp4,https://pub-f6a0038b509c4b508e48df3c30d5061d.r2.dev/025/Affection%201%20Skills%20deejay-Samstudio-www.sizoni.com.mp4,,https://pub-f6a0038b509c4b508e48df3c30d5061d.r2.dev/025/025.webp,,,,,,,2024-01-01 00:00:00+00,,0,true,,,,,,,,,,,
tweve_siz_n026,Hush,Mwaka: 2019 • Vipindi: 12,https://pub-f6a0038b509c4b508e48df3c30d5061d.r2.dev/026/Hush%2001%20N026%20BabuDj.mp4,https://pub-f6a0038b509c4b508e48df3c30d5061d.r2.dev/026/Hush%2001%20N026%20BabuDj.mp4,,https://pub-f6a0038b509c4b508e48df3c30d5061d.r2.dev/026/026.webp,,,,,,,2024-01-01 00:00:00+00,,0,true,,,,,,,,,,,
tweve_siz_n027,Tag,Mwaka: 2015 • Vipindi: 10,https://pub-f6a0038b509c4b508e48df3c30d5061d.r2.dev/027/Tag%2001%20N027%20Djm.mp4,https://pub-f6a0038b509c4b508e48df3c30d5061d.r2.dev/027/Tag%2001%20N027%20Djm.mp4,,https://pub-f6a0038b509c4b508e48df3c30d5061d.r2.dev/027/027.webp,,,,,,,2024-01-01 00:00:00+00,,0,true,,,,,,,,,,,
tweve_siz_n028,Splice,Mwaka: 2009 • Vipindi: 10,https://pub-f6a0038b509c4b508e48df3c30d5061d.r2.dev/028/Splice%2001%20N028%20DjMack.mp4,https://pub-f6a0038b509c4b508e48df3c30d5061d.r2.dev/028/Splice%2001%20N028%20DjMack.mp4,,https://pub-f6a0038b509c4b508e48df3c30d5061d.r2.dev/028/028.webp,,,,,,,2024-01-01 00:00:00+00,,1,true,,,,,,,,,,,
tweve_siz_n029,First They Killed My Father,Mwaka: 2017 • Vipindi: 13,https://pub-f6a0038b509c4b508e48df3c30d5061d.r2.dev/029/First%20They%20Killed%20My%20Father%2001%20N029%20DjMack.mp4,https://pub-f6a0038b509c4b508e48df3c30d5061d.r2.dev/029/First%20They%20Killed%20My%20Father%2001%20N029%20DjMack.mp4,,https://pub-f6a0038b509c4b508e48df3c30d5061d.r2.dev/029/029.webp,,,,,,,2024-01-01 00:00:00+00,,0,true,,,,,,,,,,,
tweve_siz_n030,Sex & Fury,Mwaka: 1973 • Vipindi: 10,https://pub-f6a0038b509c4b508e48df3c30d5061d.r2.dev/030/Sex%20Fury%2001%20N030%20Samstudio.mp4,https://pub-f6a0038b509c4b508e48df3c30d5061d.r2.dev/030/Sex%20Fury%2001%20N030%20Samstudio.mp4,,https://pub-f6a0038b509c4b508e48df3c30d5061d.r2.dev/030/030.webp,,,,,,,2024-01-01 00:00:00+00,,0,true,,,,,,,,,,,
tweve_siz_n031,Panama,Mwaka: 2022 • Vipindi: 9,https://pub-f6a0038b509c4b508e48df3c30d5061d.r2.dev/031/Panama%2001%20N031%20Djm.mp4,https://pub-f6a0038b509c4b508e48df3c30d5061d.r2.dev/031/Panama%2001%20N031%20Djm.mp4,,https://pub-f6a0038b509c4b508e48df3c30d5061d.r2.dev/031/031.webp,,,,,,,2024-01-01 00:00:00+00,,0,true,,,,,,,,,,,
tweve_siz_n032,Hey You,Mwaka: 2022 • Vipindi: 8,https://pub-f6a0038b509c4b508e48df3c30d5061d.r2.dev/032/Hey%20You%20Ep.%2001%20N032%20DJMacklove.mp4,https://pub-f6a0038b509c4b508e48df3c30d5061d.r2.dev/032/Hey%20You%20Ep.%2001%20N032%20DJMacklove.mp4,,https://pub-f6a0038b509c4b508e48df3c30d5061d.r2.dev/032/032.webp,,,,,,,2024-01-01 00:00:00+00,,0,true,,,,,,,,,,,
tweve_siz_n033,Knights of the Zodiac,Mwaka: 2023 • Vipindi: 10,https://pub-f6a0038b509c4b508e48df3c30d5061d.r2.dev/033/Knights%20Of%20The%20Zodiac%2001%20N033%20Dj%20Mack.mp4,https://pub-f6a0038b509c4b508e48df3c30d5061d.r2.dev/033/Knights%20Of%20The%20Zodiac%2001%20N033%20Dj%20Mack.mp4,,https://pub-f6a0038b509c4b508e48df3c30d5061d.r2.dev/033/033.webp,,,,,,,2024-01-01 00:00:00+00,,0,true,,,,,,,,,,,
tweve_siz_n034,The Mummy Returns,Mwaka: 2001 • Vipindi: 13,https://pub-f6a0038b509c4b508e48df3c30d5061d.r2.dev/034/Mummy%20Returns%202%20Ep01%20N034%20BabuDj.mp4,https://pub-f6a0038b509c4b508e48df3c30d5061d.r2.dev/034/Mummy%20Returns%202%20Ep01%20N034%20BabuDj.mp4,,https://pub-f6a0038b509c4b508e48df3c30d5061d.r2.dev/034/034.webp,,,,,,,2024-01-01 00:00:00+00,,0,true,,,,,,,,,,,
tweve_siz_n035,Survive,Mwaka: 2024 • Vipindi: 10,https://pub-f6a0038b509c4b508e48df3c30d5061d.r2.dev/035/Survive%2001%20N035%20DjMack.mp4,https://pub-f6a0038b509c4b508e48df3c30d5061d.r2.dev/035/Survive%2001%20N035%20DjMack.mp4,,https://pub-f6a0038b509c4b508e48df3c30d5061d.r2.dev/035/035.webp,,,,,,,2024-01-01 00:00:00+00,,0,true,,,,,,,,,,,
tweve_siz_n036,Descendants of the Sun,Mwaka: 2016 • Vipindi: 11,https://pub-f6a0038b509c4b508e48df3c30d5061d.r2.dev/036/The%20Son%20Ep01%20N036%20DjMurphy.mp4,https://pub-f6a0038b509c4b508e48df3c30d5061d.r2.dev/036/The%20Son%20Ep01%20N036%20DjMurphy.mp4,,https://pub-f6a0038b509c4b508e48df3c30d5061d.r2.dev/036/036.webp,,,,,,,2024-01-01 00:00:00+00,,0,true,,,,,,,,,,,
tweve_siz_n037,Alice,Mwaka: 2019 • Vipindi: 13,https://pub-f6a0038b509c4b508e48df3c30d5061d.r2.dev/037/Alice%2001%20N037%20Djm.mp4,https://pub-f6a0038b509c4b508e48df3c30d5061d.r2.dev/037/Alice%2001%20N037%20Djm.mp4,,https://pub-f6a0038b509c4b508e48df3c30d5061d.r2.dev/037/037.webp,,,,,,,2024-01-01 00:00:00+00,,0,true,,,,,,,,,,,
tweve_siz_n038,The Black Book,Mwaka: 2023 • Vipindi: 14,https://pub-f6a0038b509c4b508e48df3c30d5061d.r2.dev/038/The.Black.Book%20N038%20DjMackPart001.mp4,https://pub-f6a0038b509c4b508e48df3c30d5061d.r2.dev/038/The.Black.Book%20N038%20DjMackPart001.mp4,,https://pub-f6a0038b509c4b508e48df3c30d5061d.r2.dev/038/038.webp,,,,,,,2024-01-01 00:00:00+00,,0,true,,,,,,,,,,,
tweve_siz_n039,Mayor of Kingstown S1,Mwaka: 2021 • Vipindi: 15,https://pub-f6a0038b509c4b508e48df3c30d5061d.r2.dev/039/S1/Mayor%20Of%20Kingston%20S1.Ep01%20N039%20Babu%20Dj.mp4,https://pub-f6a0038b509c4b508e48df3c30d5061d.r2.dev/039/S1/Mayor%20Of%20Kingston%20S1.Ep01%20N039%20Babu%20Dj.mp4,,https://pub-f6a0038b509c4b508e48df3c30d5061d.r2.dev/039/S1/039.webp,,,,,,,2024-01-01 00:00:00+00,,0,true,,,,,,,,,,,
tweve_siz_n040,Hacksaw Ridge,Mwaka: 2016 • Vipindi: 13,https://pub-f6a0038b509c4b508e48df3c30d5061d.r2.dev/040/Hacksaw%20Ridge%20a%2B255759727895Part001.mp4,https://pub-f6a0038b509c4b508e48df3c30d5061d.r2.dev/040/Hacksaw%20Ridge%20a%2B255759727895Part001.mp4,,https://pub-f6a0038b509c4b508e48df3c30d5061d.r2.dev/040/040.webp,,,,,,,2024-01-01 00:00:00+00,,0,true,,,,,,,,,,,
tweve_siz_n041,Angels Fallen Warriors of Peace,Mwaka: 2021 • Vipindi: 8,https://pub-f6a0038b509c4b508e48df3c30d5061d.r2.dev/041/N041%20Angels.Fallen.Warriors%20dj%20mjukuu%2B255759727895Part001.mp4,https://pub-f6a0038b509c4b508e48df3c30d5061d.r2.dev/041/N041%20Angels.Fallen.Warriors%20dj%20mjukuu%2B255759727895Part001.mp4,,https://pub-f6a0038b509c4b508e48df3c30d5061d.r2.dev/041/041.webp,,,,,,,2024-01-01 00:00:00+00,,0,true,,,,,,,,,,,
tweve_siz_n042,Platinum,Mwaka: 2022 • Vipindi: 8,https://pub-f6a0038b509c4b508e48df3c30d5061d.r2.dev/042/PIMP%20MASTER%201%20N042%20-255759727895.mp4,https://pub-f6a0038b509c4b508e48df3c30d5061d.r2.dev/042/PIMP%20MASTER%201%20N042%20-255759727895.mp4,,https://pub-f6a0038b509c4b508e48df3c30d5061d.r2.dev/042/042.webp,,,,,,,2024-01-01 00:00:00+00,,0,true,,,,,,,,,,,
tweve_siz_n043,All the Queen's Men,Mwaka: 2021 • Vipindi: 10,https://pub-f6a0038b509c4b508e48df3c30d5061d.r2.dev/043/all%20queens.Men.01%20N043%20babu%20dj-255759727895.mp4,https://pub-f6a0038b509c4b508e48df3c30d5061d.r2.dev/043/all%20queens.Men.01%20N043%20babu%20dj-255759727895.mp4,,https://pub-f6a0038b509c4b508e48df3c30d5061d.r2.dev/043/043.webp,,,,,,,2024-01-01 00:00:00+00,,0,true,,,,,,,,,,,
tweve_siz_n044,Obsession Graphic Sex,Mwaka: 2023 • Vipindi: 8,https://pub-f6a0038b509c4b508e48df3c30d5061d.r2.dev/044/GRAPHIC%20SEX%201djm%20N044%20%2B255759727895.mp4,https://pub-f6a0038b509c4b508e48df3c30d5061d.r2.dev/044/GRAPHIC%20SEX%201djm%20N044%20%2B255759727895.mp4,,https://pub-f6a0038b509c4b508e48df3c30d5061d.r2.dev/044/044.jpg,,,,,,,2024-01-01 00:00:00+00,,0,true,,,,,,,,,,,
tweve_siz_n045,The Sand,Mwaka: 2015 • Vipindi: 9,https://pub-f6a0038b509c4b508e48df3c30d5061d.r2.dev/045/The%20Sand%2001%20N045%20DjMack.mp4,https://pub-f6a0038b509c4b508e48df3c30d5061d.r2.dev/045/The%20Sand%2001%20N045%20DjMack.mp4,,https://pub-f6a0038b509c4b508e48df3c30d5061d.r2.dev/045/045.webp,,,,,,,2024-01-01 00:00:00+00,,0,true,,,,,,,,,,,
tweve_siz_n046,Fifty Shades of Grey,Mwaka: 2015 • Vipindi: 8,https://pub-f6a0038b509c4b508e48df3c30d5061d.r2.dev/046/ASHANT%201djm%20N046%20-255759727895.mp4,https://pub-f6a0038b509c4b508e48df3c30d5061d.r2.dev/046/ASHANT%201djm%20N046%20-255759727895.mp4,,https://pub-f6a0038b509c4b508e48df3c30d5061d.r2.dev/046/046.webp,,,,,,,2024-01-01 00:00:00+00,,0,true,,,,,,,,,,,
tweve_siz_n047,Terrifier 3,Mwaka: 2024 • Vipindi: 12,https://pub-f6a0038b509c4b508e48df3c30d5061d.r2.dev/047/Terrifier.3.2024%20A%20N047%20-255759727895Part001.mp4,https://pub-f6a0038b509c4b508e48df3c30d5061d.r2.dev/047/Terrifier.3.2024%20A%20N047%20-255759727895Part001.mp4,,https://pub-f6a0038b509c4b508e48df3c30d5061d.r2.dev/047/047.webp,,,,,,,2024-01-01 00:00:00+00,,0,true,,,,,,,,,,,
tweve_siz_n048,Venom The Last Dance,Mwaka: 2024 • Vipindi: 10,https://pub-f6a0038b509c4b508e48df3c30d5061d.r2.dev/048/Venom%20The%20Last%20Dance%20(2024)%20N048%20%2B255759727895Part001.mp4,https://pub-f6a0038b509c4b508e48df3c30d5061d.r2.dev/048/Venom%20The%20Last%20Dance%20(2024)%20N048%20%2B255759727895Part001.mp4,,https://pub-f6a0038b509c4b508e48df3c30d5061d.r2.dev/048/048.webp,,,,,,,2024-01-01 00:00:00+00,,0,true,,,,,,,,,,,
tweve_siz_n049,Unfaithful,Mwaka: 2002 • Vipindi: 6,https://pub-f6a0038b509c4b508e48df3c30d5061d.r2.dev/049/Unfaithful%2001%20N049%20Djm.mp4,https://pub-f6a0038b509c4b508e48df3c30d5061d.r2.dev/049/Unfaithful%2001%20N049%20Djm.mp4,,https://pub-f6a0038b509c4b508e48df3c30d5061d.r2.dev/049/049.webp,,,,,,,2024-01-01 00:00:00+00,,0,true,,,,,,,,,,,
tweve_siz_n050,Fatal Seduction,Mwaka: 2023 • Vipindi: 14,https://pub-f6a0038b509c4b508e48df3c30d5061d.r2.dev/050/%20FATAL%20SEDUCTION%201djm%20N050%20-255759727895.mp4,https://pub-f6a0038b509c4b508e48df3c30d5061d.r2.dev/050/%20FATAL%20SEDUCTION%201djm%20N050%20-255759727895.mp4,,https://pub-f6a0038b509c4b508e48df3c30d5061d.r2.dev/050/050.jpg,,,,,,,2024-01-01 00:00:00+00,,0,true,,,,,,,,,,,
tweve_siz_n051,Black Summer S1,Mwaka: 2019 • Vipindi: 9,https://pub-f6a0038b509c4b508e48df3c30d5061d.r2.dev/051/BLACK%20SUMMER%201djm%20N051%20A.mp4,https://pub-f6a0038b509c4b508e48df3c30d5061d.r2.dev/051/BLACK%20SUMMER%201djm%20N051%20A.mp4,,https://pub-f6a0038b509c4b508e48df3c30d5061d.r2.dev/051/051.webp,,,,,,,2024-01-01 00:00:00+00,,0,true,,,,,,,,,,,
tweve_siz_n052,The Voyeurs,Mwaka: 2021 • Vipindi: 2,https://pub-f6a0038b509c4b508e48df3c30d5061d.r2.dev/052/THE%20VOYEURS%201%20djm%20N052%20-255759727895.mp4,https://pub-f6a0038b509c4b508e48df3c30d5061d.r2.dev/052/THE%20VOYEURS%201%20djm%20N052%20-255759727895.mp4,,https://pub-f6a0038b509c4b508e48df3c30d5061d.r2.dev/052/052.webp,,,,,,,2024-01-01 00:00:00+00,,0,true,,,,,,,,,,,
tweve_siz_n053,Fifty Shades Darker,Mwaka: 2017 • Vipindi: 12,https://pub-f6a0038b509c4b508e48df3c30d5061d.r2.dev/053/Fifty%20Shades%20Darker-djm%20N053%20A-SamstudioPart001.mp4,https://pub-f6a0038b509c4b508e48df3c30d5061d.r2.dev/053/Fifty%20Shades%20Darker-djm%20N053%20A-SamstudioPart001.mp4,,https://pub-f6a0038b509c4b508e48df3c30d5061d.r2.dev/053/053%20(2).jpg,,,,,,,2024-01-01 00:00:00+00,,0,true,,,,,,,,,,,
tweve_siz_n054,The Little Mermaid,Mwaka: 2023 • Vipindi: 10,https://pub-f6a0038b509c4b508e48df3c30d5061d.r2.dev/054/The.Little.Mermaid.2023%20(1).mp4,https://pub-f6a0038b509c4b508e48df3c30d5061d.r2.dev/054/The.Little.Mermaid.2023%20(1).mp4,,https://pub-f6a0038b509c4b508e48df3c30d5061d.r2.dev/054/054.jpg,,,,,,,2024-01-01 00:00:00+00,,0,true,,,,,,,,,,,
tweve_siz_n055,365 Days,Mwaka: 2022 • Vipindi: 11,https://pub-f6a0038b509c4b508e48df3c30d5061d.r2.dev/055/365%20DAYS%201djm%20N055%20SamstudioPart001.mp4,https://pub-f6a0038b509c4b508e48df3c30d5061d.r2.dev/055/365%20DAYS%201djm%20N055%20SamstudioPart001.mp4,,https://pub-f6a0038b509c4b508e48df3c30d5061d.r2.dev/055/055.jpg,,,,,,,2024-01-01 00:00:00+00,,0,true,,,,,,,,,,,
tweve_siz_n056,The Bodyguard,Mwaka: 2024 • Vipindi: 8,https://pub-f6a0038b509c4b508e48df3c30d5061d.r2.dev/056/The%20Bodyguard%20(1).mp4,https://pub-f6a0038b509c4b508e48df3c30d5061d.r2.dev/056/The%20Bodyguard%20(1).mp4,,https://pub-f6a0038b509c4b508e48df3c30d5061d.r2.dev/056/N056%20(1).jpg,,,,,,,2024-01-01 00:00:00+00,,0,true,,,,,,,,,,,
tweve_siz_n063,Cocaine Godmother,Mwaka: 2017 • Vipindi: 11,https://pub-f6a0038b509c4b508e48df3c30d5061d.r2.dev/063/Cocaine%20Godmother%2001%20N063%20Samstudio.mp4,https://pub-f6a0038b509c4b508e48df3c30d5061d.r2.dev/063/Cocaine%20Godmother%2001%20N063%20Samstudio.mp4,,https://lh5.googleusercontent.com/proxy/9yHcwLQqROmUYDtrqEC8OR2-oy8mCOocT_q1h3n97_TpyTO2OwS_N4osYzKg0WC2DJrJ0fYnX5cauJQ_GfN2zF3HGnrAdRtzP8q51X_1Euo,,,,,,,2024-01-01 00:00:00+00,,0,true,,,,,,,,,,,
tweve_siz_n068,Illicit Desire,Mwaka: 2025 • Vipindi: 9,https://pub-f6a0038b509c4b508e48df3c30d5061d.r2.dev/068/Illicit%20Desire%2001%20N068%20DjM.mp4,https://pub-f6a0038b509c4b508e48df3c30d5061d.r2.dev/068/Illicit%20Desire%2001%20N068%20DjM.mp4,,https://pub-f6a0038b509c4b508e48df3c30d5061d.r2.dev/068/068.jpg,,,,,,,2024-01-01 00:00:00+00,,0,true,,,,,,,,,,,
tweve_siz_n074,Submission,Mwaka: 2016 • Vipindi: 12,https://pub-f6a0038b509c4b508e48df3c30d5061d.r2.dev/074/SUBMISSION%201djm%20N074%20-255759727895.mp4,https://pub-f6a0038b509c4b508e48df3c30d5061d.r2.dev/074/SUBMISSION%201djm%20N074%20-255759727895.mp4,,https://pub-f6a0038b509c4b508e48df3c30d5061d.r2.dev/074/074%20(2).webp,,,,,,,2024-01-01 00:00:00+00,,0,true,,,,,,,,,,,
tweve_siz_n076,Shazam! Fury of the Gods,Mwaka: 2023 • Vipindi: 12,https://pub-f6a0038b509c4b508e48df3c30d5061d.r2.dev/076/Shazam%202023%20Ep01%20N076%20DjMack.mp4,https://pub-f6a0038b509c4b508e48df3c30d5061d.r2.dev/076/Shazam%202023%20Ep01%20N076%20DjMack.mp4,,https://pub-f6a0038b509c4b508e48df3c30d5061d.r2.dev/076/076.webp,,,,,,,2024-01-01 00:00:00+00,,0,true,,,,,,,,,,,
tweve_siz_n082,Balinsasayaw,Mwaka: 2024 • Vipindi: 10,https://sizoni.com/d/N082%20Balinsasayaw/Balinsasayaw%2001%20N082%20Samstudio.mp4,https://sizoni.com/d/N082%20Balinsasayaw/Balinsasayaw%2001%20N082%20Samstudio.mp4,,https://i.pinimg.com/1200x/0f/ad/83/0fad83f36d89122e71c7a43efffa2027.jpg,,,,,,,2024-01-01 00:00:00+00,,0,true,,,,,,,,,,,
tweve_siz_n084,Lagaslas,Mwaka: 2023 • Vipindi: 10,https://sizoni.com/d/N084%20lagaslas%20BabuDj/Lagaslas%20Samstudio%20%281%29%20N084%20BabuDj.mp4,https://sizoni.com/d/N084%20lagaslas%20BabuDj/Lagaslas%20Samstudio%20%281%29%20N084%20BabuDj.mp4,,https://i.pinimg.com/1200x/ae/3e/3b/ae3e3bf18b90a4016d2d628632da6e1c.jpg,,,,,,,2024-01-01 00:00:00+00,,0,true,,,,,,,,,,,
tweve_siz_n090,Sleeping Beauty,Mwaka: 2011 • Vipindi: 10,https://pub-f6a0038b509c4b508e48df3c30d5061d.r2.dev/090/Sleeping%20Beauty%2001%20N090%20DjRoboti.mp4,https://pub-f6a0038b509c4b508e48df3c30d5061d.r2.dev/090/Sleeping%20Beauty%2001%20N090%20DjRoboti.mp4,,https://pub-f6a0038b509c4b508e48df3c30d5061d.r2.dev/090/090.jpg,,,,,,,2024-01-01 00:00:00+00,,1,true,,,,,,,,,,,
tweve_siz_n100,Perfume The Story of a Murderer,Mwaka: 2016 • Vipindi: 14,https://pub-f6a0038b509c4b508e48df3c30d5061d.r2.dev/100/Perfume%2001%20N100%20BabuDj.mp4,https://pub-f6a0038b509c4b508e48df3c30d5061d.r2.dev/100/Perfume%2001%20N100%20BabuDj.mp4,,https://pub-f6a0038b509c4b508e48df3c30d5061d.r2.dev/100/N100.webp,,,,,,,2024-01-01 00:00:00+00,,0,true,,,,,,,,,,,
tweve_siz_n117,Cheaters,Mwaka: 2024 • Vipindi: 7,https://sizoni.com/d/N117%20Cheaters/Cheaters%2001%20N117%20DjRobot.mp4,https://sizoni.com/d/N117%20Cheaters/Cheaters%2001%20N117%20DjRobot.mp4,,https://i.pinimg.com/1200x/9f/9e/6b/9f9e6b035de31e843b82d06cd308c76b.jpg,,,,,,,2024-01-01 00:00:00+00,,0,true,,,,,,,,,,,
tweve_siz_n118,The Odyssey,Mwaka: 2025 • Vipindi: 15,https://pub-f6a0038b509c4b508e48df3c30d5061d.r2.dev/118/The%20Odyssey%2001%20N118%20Samstudio.mp4,https://pub-f6a0038b509c4b508e48df3c30d5061d.r2.dev/118/The%20Odyssey%2001%20N118%20Samstudio.mp4,,https://pub-f6a0038b509c4b508e48df3c30d5061d.r2.dev/118/118.webp,,,,,,,2024-01-01 00:00:00+00,,0,true,,,,,,,,,,,
tweve_siz_n122,Sisu 1,Mwaka: 2022 • Vipindi: 9,https://pub-f6a0038b509c4b508e48df3c30d5061d.r2.dev/122/Sisu%201%20Ep%2001%20N122%20DjMack.mp4,https://pub-f6a0038b509c4b508e48df3c30d5061d.r2.dev/122/Sisu%201%20Ep%2001%20N122%20DjMack.mp4,,https://pub-f6a0038b509c4b508e48df3c30d5061d.r2.dev/122/122.webp,,,,,,,2024-01-01 00:00:00+00,,0,true,,,,,,,,,,,
tweve_siz_n123,Red Sparrow,Mwaka: 2018 • Vipindi: 15,https://pub-f6a0038b509c4b508e48df3c30d5061d.r2.dev/123/Red%20Sparrow%2001%20N123%20Samstudio.mp4,https://pub-f6a0038b509c4b508e48df3c30d5061d.r2.dev/123/Red%20Sparrow%2001%20N123%20Samstudio.mp4,,https://pub-f6a0038b509c4b508e48df3c30d5061d.r2.dev/123/123.webp,,,,,,,2024-01-01 00:00:00+00,,1,true,,,,,,,,,,,
tweve_siz_n136,Baby's Day Out,Mwaka: 2025 • Vipindi: 10,https://pub-f6a0038b509c4b508e48df3c30d5061d.r2.dev/136/Babys%20Day%20Out%20Ep01%20N136%20DjBryton.mp4,https://pub-f6a0038b509c4b508e48df3c30d5061d.r2.dev/136/Babys%20Day%20Out%20Ep01%20N136%20DjBryton.mp4,,https://pub-f6a0038b509c4b508e48df3c30d5061d.r2.dev/136/136.webp,,,,,,,2024-01-01 00:00:00+00,,0,true,,,,,,,,,,,
tweve_siz_n140,Dayo,Mwaka: 2024 • Vipindi: 10,https://sizoni.com/d/N140%20Dayo/Dayo%2001%20N140%20Samstudio.mp4,https://sizoni.com/d/N140%20Dayo/Dayo%2001%20N140%20Samstudio.mp4,,https://i.pinimg.com/1200x/7e/02/50/7e0250d60142e6690d83dd1ec7a02bde.jpg,,,,,,,2024-01-01 00:00:00+00,,0,true,,,,,,,,,,,
tweve_siz_n143,Desire,Mwaka: 2011 • Vipindi: 10,https://pub-f6a0038b509c4b508e48df3c30d5061d.r2.dev/143/Desire%2001%20N143%20DjRoboti.mp4,https://pub-f6a0038b509c4b508e48df3c30d5061d.r2.dev/143/Desire%2001%20N143%20DjRoboti.mp4,,https://pub-f6a0038b509c4b508e48df3c30d5061d.r2.dev/143/143.webp,,,,,,,2024-01-01 00:00:00+00,,0,true,,,,,,,,,,,
tweve_siz_n153,Knock Knock,Mwaka: 2015 • Vipindi: 10,https://pub-f6a0038b509c4b508e48df3c30d5061d.r2.dev/153/Knock%20Knock%2001%20N153%20Samstudio.mp4,https://pub-f6a0038b509c4b508e48df3c30d5061d.r2.dev/153/Knock%20Knock%2001%20N153%20Samstudio.mp4,,https://cdn.filmnudes.com/717001/ana-de-armas-knock-knock-scaled.webp,,,,,,,2024-01-01 00:00:00+00,,0,true,,,,,,,,,,,
tweve_siz_n160,Adulting,Mwaka: 2023 • Vipindi: 11,https://pub-f6a0038b509c4b508e48df3c30d5061d.r2.dev/160/Street%20Life%2001%20N160%20Djm.mp4,https://pub-f6a0038b509c4b508e48df3c30d5061d.r2.dev/160/Street%20Life%2001%20N160%20Djm.mp4,,https://pub-f6a0038b509c4b508e48df3c30d5061d.r2.dev/160/160.webp,,,,,,,2024-01-01 00:00:00+00,,0,true,,,,,,,,,,,
tweve_siz_n169,Six Swedish Girls in a Boarding School,Mwaka: 1979 • Vipindi: 10,https://pub-f6a0038b509c4b508e48df3c30d5061d.r2.dev/169/Six%20Swedish%20Girls%2001%20N169%20Samstudio.mp4,https://pub-f6a0038b509c4b508e48df3c30d5061d.r2.dev/169/Six%20Swedish%20Girls%2001%20N169%20Samstudio.mp4,,https://pub-f6a0038b509c4b508e48df3c30d5061d.r2.dev/169/1b.webp,,,,,,,2024-01-01 00:00:00+00,,0,true,,,,,,,,,,,
tweve_siz_n173,Ruthless S1,Mwaka: 2020 • Vipindi: 18,https://pub-f6a0038b509c4b508e48df3c30d5061d.r2.dev/173/S1/Ruthless%2001%20babudj%20N173%20Samstudio.mp4,https://pub-f6a0038b509c4b508e48df3c30d5061d.r2.dev/173/S1/Ruthless%2001%20babudj%20N173%20Samstudio.mp4,,https://pub-f6a0038b509c4b508e48df3c30d5061d.r2.dev/173/UIO.jpg,,,,,,,2024-01-01 00:00:00+00,,0,true,,,,,,,,,,,
tweve_siz_n176,Malena,Mwaka: 2000 • Vipindi: 10,https://pub-f6a0038b509c4b508e48df3c30d5061d.r2.dev/176/Malena%20Mtoto%20Kautaka%2001%20N176%20Samstudio.mp4,https://pub-f6a0038b509c4b508e48df3c30d5061d.r2.dev/176/Malena%20Mtoto%20Kautaka%2001%20N176%20Samstudio.mp4,,https://pub-f6a0038b509c4b508e48df3c30d5061d.r2.dev/176/176.webp,,,,,,,2024-01-01 00:00:00+00,,0,true,,,,,,,,,,,
tweve_siz_n180,Swap Out,Mwaka: 2022 • Vipindi: 10,https://pub-f6a0038b509c4b508e48df3c30d5061d.r2.dev/180/Swap%20Out%2001%20N180%20DjRobot.mp4,https://pub-f6a0038b509c4b508e48df3c30d5061d.r2.dev/180/Swap%20Out%2001%20N180%20DjRobot.mp4,,https://i.pinimg.com/1200x/01/6f/72/016f724848ca344e2b65417651d0f421.jpg,,,,,,,2024-01-01 00:00:00+00,,0,true,,,,,,,,,,,
tweve_siz_n183,"Kinsenas, Katapusan",Mwaka: 2022 • Vipindi: 9,https://sizoni.com/d/N183%20Kinsenas%20Katapusan/Kinsenas.Katapusan.01%20N183%20Samstudio.mp4,https://sizoni.com/d/N183%20Kinsenas%20Katapusan/Kinsenas.Katapusan.01%20N183%20Samstudio.mp4,,https://i.pinimg.com/1200x/ce/f1/c2/cef1c24dd9e8f2ef65bd03c56379180e.jpg,,,,,,,2024-01-01 00:00:00+00,,0,true,,,,,,,,,,,
tweve_siz_n184,Sugar Baby,Mwaka: 2023 • Vipindi: 8,https://sizoni.com/d/N184%20SUGAR%20BABY/SUGAR%20BABY%201%20N184%20Samstudio.mp4,https://sizoni.com/d/N184%20SUGAR%20BABY/SUGAR%20BABY%201%20N184%20Samstudio.mp4,,https://i.pinimg.com/1200x/04/e7/e6/04e7e6b18b85d23f40f52d64ce9f8e91.jpg,,,,,,,2024-01-01 00:00:00+00,,0,true,,,,,,,,,,,
tweve_siz_n188,Malagit,Mwaka: 2025 • Vipindi: 10,https://sizoni.com/d/N188%20Malagkit/Malagkit%2001%20N188%20Samstudio.mp4,https://sizoni.com/d/N188%20Malagkit/Malagkit%2001%20N188%20Samstudio.mp4,,https://i.pinimg.com/1200x/81/ca/f0/81caf050903b8b13b898870c7fd93352.jpg,,,,,,,2024-01-01 00:00:00+00,,0,true,,,,,,,,,,,
tweve_siz_n191,Fatal Season 2,Mwaka: 2023 • Vipindi: 14,https://pub-f6a0038b509c4b508e48df3c30d5061d.r2.dev/191/Fatal%20Seduction%20S2%2001%20N191%20Djm.mp4,https://pub-f6a0038b509c4b508e48df3c30d5061d.r2.dev/191/Fatal%20Seduction%20S2%2001%20N191%20Djm.mp4,,https://pub-f6a0038b509c4b508e48df3c30d5061d.r2.dev/191/191.webp,,,,,,,2024-01-01 00:00:00+00,,0,true,,,,,,,,,,,
tweve_siz_n192,Benedetta,Mwaka: 2021 • Vipindi: 10,https://pub-f6a0038b509c4b508e48df3c30d5061d.r2.dev/192/Sister%20Benedetta.01%20Warete%20Dj.mp4,https://pub-f6a0038b509c4b508e48df3c30d5061d.r2.dev/192/Sister%20Benedetta.01%20Warete%20Dj.mp4,,https://pub-f6a0038b509c4b508e48df3c30d5061d.r2.dev/192/192.webp,,,,,,,2024-01-01 00:00:00+00,,0,true,,,,,,,,,,,
tweve_siz_n193,Hit Man,Mwaka: 2023 • Vipindi: 10,https://pub-f6a0038b509c4b508e48df3c30d5061d.r2.dev/193/Hit%20Man%2001%20N193%20Samstudio.mp4,https://pub-f6a0038b509c4b508e48df3c30d5061d.r2.dev/193/Hit%20Man%2001%20N193%20Samstudio.mp4,,https://pub-f6a0038b509c4b508e48df3c30d5061d.r2.dev/193/193.webp,,,,,,,2024-01-01 00:00:00+00,,0,true,,,,,,,,,,,
tweve_siz_n195,House of Ga'a,Mwaka: 2025 • Vipindi: 12,https://pub-f6a0038b509c4b508e48df3c30d5061d.r2.dev/195/House%20Of%20Gaa%2001%20N195%20DjMack.mp4,https://pub-f6a0038b509c4b508e48df3c30d5061d.r2.dev/195/House%20Of%20Gaa%2001%20N195%20DjMack.mp4,,https://pub-f6a0038b509c4b508e48df3c30d5061d.r2.dev/195/195.webp,,,,,,,2024-01-01 00:00:00+00,,0,true,,,,,,,,,,,
tweve_siz_n197,Tayuan,Mwaka: 2023 • Vipindi: 10,https://sizoni.com/d/N197%20Tayuan/Tayuan%2001%20N197%20DjRoboti.mp4,https://sizoni.com/d/N197%20Tayuan/Tayuan%2001%20N197%20DjRoboti.mp4,,https://i.pinimg.com/1200x/91/9a/ce/919ace675e0933834158c4b43dd252de.jpg,,,,,,,2024-01-01 00:00:00+00,,0,true,,,,,,,,,,,
tweve_siz_n198,Virgin Territory,Mwaka: 2007 • Vipindi: 10,https://pub-f6a0038b509c4b508e48df3c30d5061d.r2.dev/198/Virgin%20Territory%2001%20N198%20Samstudio.mp4,https://pub-f6a0038b509c4b508e48df3c30d5061d.r2.dev/198/Virgin%20Territory%2001%20N198%20Samstudio.mp4,,https://pub-f6a0038b509c4b508e48df3c30d5061d.r2.dev/198/unnamed%20(2).webp,,,,,,,2024-01-01 00:00:00+00,,0,true,,,,,,,,,,,
tweve_siz_n202,Umjolo The Gone Girl,Mwaka: 2024 • Vipindi: 12,https://pub-f6a0038b509c4b508e48df3c30d5061d.r2.dev/202/Umjolo%2001%20N202%20dj%20zedy%20boy.mp4,https://pub-f6a0038b509c4b508e48df3c30d5061d.r2.dev/202/Umjolo%2001%20N202%20dj%20zedy%20boy.mp4,,https://pub-f6a0038b509c4b508e48df3c30d5061d.r2.dev/202/202.webp,,,,,,,2024-01-01 00:00:00+00,,0,true,,,,,,,,,,,
tweve_siz_n205,Pleasure,Mwaka: 2021 • Vipindi: 12,https://pub-f6a0038b509c4b508e48df3c30d5061d.r2.dev/205/Pleasure%2001%20N205%20DjRoboti.mp4,https://pub-f6a0038b509c4b508e48df3c30d5061d.r2.dev/205/Pleasure%2001%20N205%20DjRoboti.mp4,,https://pub-f6a0038b509c4b508e48df3c30d5061d.r2.dev/205/205.webp,,,,,,,2024-01-01 00:00:00+00,,0,true,,,,,,,,,,,
tweve_siz_n209,Kalakal,Mwaka: 2025 • Vipindi: 10,https://pub-f6a0038b509c4b508e48df3c30d5061d.r2.dev/209/Kalakal%2001%20N209%20DjRoboti.mp4,https://pub-f6a0038b509c4b508e48df3c30d5061d.r2.dev/209/Kalakal%2001%20N209%20DjRoboti.mp4,,https://i.pinimg.com/1200x/22/82/8e/22828e8d2ce151056bda756b10565de3.jpg,,,,,,,2024-01-01 00:00:00+00,,0,true,,,,,,,,,,,
tweve_siz_n210,Tokyo Nights,Mwaka: 2025 • Vipindi: 10,https://sizoni.com/d/N210%20Tokyo%20Night/Tokyo%20Nights%2001%20N210%20DjRobot.mp4,https://sizoni.com/d/N210%20Tokyo%20Night/Tokyo%20Nights%2001%20N210%20DjRobot.mp4,,https://i.pinimg.com/1200x/65/da/24/65da2480e17600a9e23c464ebdba5e48.jpg,,,,,,,2024-01-01 00:00:00+00,,0,true,,,,,,,,,,,
tweve_siz_n211,Veil Of Sin,Mwaka: 2025 • Vipindi: 10,https://pub-f6a0038b509c4b508e48df3c30d5061d.r2.dev/211/Veil%20Of%20Sin%20Samstudio%20(1)%20N211.mp4,https://pub-f6a0038b509c4b508e48df3c30d5061d.r2.dev/211/Veil%20Of%20Sin%20Samstudio%20(1)%20N211.mp4,,https://pub-f6a0038b509c4b508e48df3c30d5061d.r2.dev/211/211.webp,,,,,,,2024-01-01 00:00:00+00,,0,true,,,,,,,,,,,
tweve_siz_n213,Maalikaya,Mwaka: 2025 • Vipindi: 10,https://sizoni.com/d/N213%20Maalikaya/Maalikaya%2001%20N213%20DjRoboti.mp4,https://sizoni.com/d/N213%20Maalikaya/Maalikaya%2001%20N213%20DjRoboti.mp4,,https://i.pinimg.com/736x/48/cc/1d/48cc1d724e449e2203e38243d9adccfa.jpg,,,,,,,2024-01-01 00:00:00+00,,0,true,,,,,,,,,,,
tweve_siz_n215,Pintor at paraluman,Mwaka: 2024 • Vipindi: 12,https://sizoni.com/d/N215%20Pintor%20At%20Paraluman/Pintor%20At%20Paraluman%2001%20N215%20DjRobot.mp4,https://sizoni.com/d/N215%20Pintor%20At%20Paraluman/Pintor%20At%20Paraluman%2001%20N215%20DjRobot.mp4,,https://i.pinimg.com/1200x/d6/4e/6b/d64e6bac032a8bf8e86cda3af725ece3.jpg,,,,,,,2024-01-01 00:00:00+00,,0,true,,,,,,,,,,,
tweve_siz_n216,Zatima S1,Mwaka: 2020 • Vipindi: 15,https://pub-f6a0038b509c4b508e48df3c30d5061d.r2.dev/216/Zatima%20Ep%2001%20N216%20Dj.mp4,https://pub-f6a0038b509c4b508e48df3c30d5061d.r2.dev/216/Zatima%20Ep%2001%20N216%20Dj.mp4,,https://pub-f6a0038b509c4b508e48df3c30d5061d.r2.dev/216/216.webp,,,,,,,2024-01-01 00:00:00+00,,0,true,,,,,,,,,,,
tweve_siz_n217,Ungol,Mwaka: 2024 • Vipindi: 8,https://sizoni.com/d/N217%20Ungol/Ungol%2001%20N217%20DjRoboti.mp4,https://sizoni.com/d/N217%20Ungol/Ungol%2001%20N217%20DjRoboti.mp4,,https://i.pinimg.com/1200x/0f/2b/a1/0f2ba147fc6b00a26bc6906e0fac3bbe.jpg,,,,,,,2024-01-01 00:00:00+00,,0,true,,,,,,,,,,,
tweve_siz_n226,Maninilip,Mwaka: 2025 • Vipindi: 10,https://pub-f6a0038b509c4b508e48df3c30d5061d.r2.dev/226/Maninilip%2001%20N226%20Samstudio.mp4,https://pub-f6a0038b509c4b508e48df3c30d5061d.r2.dev/226/Maninilip%2001%20N226%20Samstudio.mp4,,https://pub-f6a0038b509c4b508e48df3c30d5061d.r2.dev/226/226.webp,,,,,,,2024-01-01 00:00:00+00,,0,true,,,,,,,,,,,
tweve_siz_n227,Mayor of Kingstown S2,Mwaka: 2023 • Vipindi: 15,https://pub-f6a0038b509c4b508e48df3c30d5061d.r2.dev/039/S2/Mayor%20Of%20Kingston%20S2.Ep16%20Samstudio.mp4,https://pub-f6a0038b509c4b508e48df3c30d5061d.r2.dev/039/S2/Mayor%20Of%20Kingston%20S2.Ep16%20Samstudio.mp4,,https://pub-f6a0038b509c4b508e48df3c30d5061d.r2.dev/039/S2/039B.webp,,,,,,,2024-01-01 00:00:00+00,,0,true,,,,,,,,,,,
tweve_siz_n230,Valiant One,Mwaka: 2025 • Vipindi: 9,https://pub-f6a0038b509c4b508e48df3c30d5061d.r2.dev/230/Valiant%20One%2001%20N230%20DjMack.mp4,https://pub-f6a0038b509c4b508e48df3c30d5061d.r2.dev/230/Valiant%20One%2001%20N230%20DjMack.mp4,,https://pub-f6a0038b509c4b508e48df3c30d5061d.r2.dev/230/230.webp,,,,,,,2024-01-01 00:00:00+00,,0,true,,,,,,,,,,,
tweve_siz_n231,Ruthless S2,Mwaka: 2020 • Vipindi: 18,https://pub-f6a0038b509c4b508e48df3c30d5061d.r2.dev/173/S2/Ruthless%2019%20S2%20babudj%20Samstudio.mp4,https://pub-f6a0038b509c4b508e48df3c30d5061d.r2.dev/173/S2/Ruthless%2019%20S2%20babudj%20Samstudio.mp4,,https://pub-f6a0038b509c4b508e48df3c30d5061d.r2.dev/173/GTRE.jpg,,,,,,,2024-01-01 00:00:00+00,,0,true,,,,,,,,,,,
tweve_siz_n232,Ruthless S3,Mwaka: 2020 • Vipindi: 19,https://pub-f6a0038b509c4b508e48df3c30d5061d.r2.dev/173/S3/Ruthless%2037%20S3%20babudj%20Samstudio.mp4,https://pub-f6a0038b509c4b508e48df3c30d5061d.r2.dev/173/S3/Ruthless%2037%20S3%20babudj%20Samstudio.mp4,,https://pub-f6a0038b509c4b508e48df3c30d5061d.r2.dev/173/YTUJ.jpg,,,,,,,2024-01-01 00:00:00+00,,0,true,,,,,,,,,,,
tweve_siz_n233,Sarafina,Mwaka: 1992 • Vipindi: 10,https://pub-f6a0038b509c4b508e48df3c30d5061d.r2.dev/231/Sarafina%2001%20N231%20DjMack.mp4,https://pub-f6a0038b509c4b508e48df3c30d5061d.r2.dev/231/Sarafina%2001%20N231%20DjMack.mp4,,https://pub-f6a0038b509c4b508e48df3c30d5061d.r2.dev/231/231.webp,,,,,,,2024-01-01 00:00:00+00,,0,true,,,,,,,,,,,
tweve_siz_n234,Sisu 2 Road to Revenge,Mwaka: 2025 • Vipindi: 9,https://pub-f6a0038b509c4b508e48df3c30d5061d.r2.dev/234/Sisu%202%20Road%20To%20Revenge%20N234%20DjMack%2001.mp4,https://pub-f6a0038b509c4b508e48df3c30d5061d.r2.dev/234/Sisu%202%20Road%20To%20Revenge%20N234%20DjMack%2001.mp4,,https://pub-f6a0038b509c4b508e48df3c30d5061d.r2.dev/234/234.webp,,,,,,,2024-01-01 00:00:00+00,,0,true,,,,,,,,,,,
tweve_siz_n235,Morbius,Mwaka: 2025 • Vipindi: 10,https://pub-f6a0038b509c4b508e48df3c30d5061d.r2.dev/235/Morbius%2001%20N235%20DjMack.mp4,https://pub-f6a0038b509c4b508e48df3c30d5061d.r2.dev/235/Morbius%2001%20N235%20DjMack.mp4,,https://pub-f6a0038b509c4b508e48df3c30d5061d.r2.dev/235/235.webp,,,,,,,2024-01-01 00:00:00+00,,0,true,,,,,,,,,,,
tweve_siz_n236,Divorce in the Black,Mwaka: 2024 • Vipindi: 12,https://pub-f6a0038b509c4b508e48df3c30d5061d.r2.dev/236/Divorce%20In%20The%20Black%2001%20N236%20Babudj.mp4,https://pub-f6a0038b509c4b508e48df3c30d5061d.r2.dev/236/Divorce%20In%20The%20Black%2001%20N236%20Babudj.mp4,,https://pub-f6a0038b509c4b508e48df3c30d5061d.r2.dev/236/236.webp,,,,,,,2024-01-01 00:00:00+00,,0,true,,,,,,,,,,,
tweve_siz_n237,Spartacus 2 House of Ashur,Mwaka: 2025 • Vipindi: 6,https://pub-f6a0038b509c4b508e48df3c30d5061d.r2.dev/237/Spartacus.House.Of.Ashur.S01e01.%20Mack%20DjPart001.mp4,https://pub-f6a0038b509c4b508e48df3c30d5061d.r2.dev/237/Spartacus.House.Of.Ashur.S01e01.%20Mack%20DjPart001.mp4,,https://pub-f6a0038b509c4b508e48df3c30d5061d.r2.dev/237/237.webp,,,,,,,2024-01-01 00:00:00+00,,0,true,,,,,,,,,,,
tweve_siz_n238,Rampage,Mwaka: 2018 • Vipindi: 10,https://pub-f6a0038b509c4b508e48df3c30d5061d.r2.dev/238/Rampage%2001%20N238%20Masterdj.mp4,https://pub-f6a0038b509c4b508e48df3c30d5061d.r2.dev/238/Rampage%2001%20N238%20Masterdj.mp4,,https://pub-f6a0038b509c4b508e48df3c30d5061d.r2.dev/238/238.webp,,,,,,,2024-01-01 00:00:00+00,,0,true,,,,,,,,,,,
tweve_siz_n239,Now You See Me 2,Mwaka: 2016 • Vipindi: 12,https://pub-f6a0038b509c4b508e48df3c30d5061d.r2.dev/239/Now%20You%20See%20Me%202%20N239%20Samstudio%2001.mp4,https://pub-f6a0038b509c4b508e48df3c30d5061d.r2.dev/239/Now%20You%20See%20Me%202%20N239%20Samstudio%2001.mp4,,https://pub-f6a0038b509c4b508e48df3c30d5061d.r2.dev/239/239.webp,,,,,,,2024-01-01 00:00:00+00,,0,true,,,,,,,,,,,
tweve_siz_n240,"The Starry Night, The Starry Sea",Mwaka: 2017 • Vipindi: 12,https://pub-f6a0038b509c4b508e48df3c30d5061d.r2.dev/240/THE%20NIGHT%20SEA%20EP%2001%20N240%20DjMurphy.mp4,https://pub-f6a0038b509c4b508e48df3c30d5061d.r2.dev/240/THE%20NIGHT%20SEA%20EP%2001%20N240%20DjMurphy.mp4,,https://pub-f6a0038b509c4b508e48df3c30d5061d.r2.dev/240/240.webp,,,,,,,2024-01-01 00:00:00+00,,0,true,,,,,,,,,,,
tweve_siz_n241,Teerandaz (Aar Ya Paar),Mwaka: 2022 • Vipindi: 10,https://pub-f6a0038b509c4b508e48df3c30d5061d.r2.dev/241/Aar%20Ya%20PaarEP01%20N241%20Djmurphy.mp4,https://pub-f6a0038b509c4b508e48df3c30d5061d.r2.dev/241/Aar%20Ya%20PaarEP01%20N241%20Djmurphy.mp4,,https://pub-f6a0038b509c4b508e48df3c30d5061d.r2.dev/241/241.webp,,,,,,,2024-01-01 00:00:00+00,,0,true,,,,,,,,,,,
tweve_siz_n242,Men in Black 3,Mwaka: 2012 • Vipindi: 10,https://pub-f6a0038b509c4b508e48df3c30d5061d.r2.dev/242/Men%20In%20Black%203%20Ep01%20N242%20Babudj.mp4,https://pub-f6a0038b509c4b508e48df3c30d5061d.r2.dev/242/Men%20In%20Black%203%20Ep01%20N242%20Babudj.mp4,,https://pub-f6a0038b509c4b508e48df3c30d5061d.r2.dev/242/242.webp,,,,,,,2024-01-01 00:00:00+00,,0,true,,,,,,,,,,,
tweve_siz_n243,Jesus,Mwaka: 1974 • Vipindi: 12,https://pub-f6a0038b509c4b508e48df3c30d5061d.r2.dev/243/JESUS%20N243%20Samstudio%20Swahili%20KenyaPart001.mp4,https://pub-f6a0038b509c4b508e48df3c30d5061d.r2.dev/243/JESUS%20N243%20Samstudio%20Swahili%20KenyaPart001.mp4,,https://pub-f6a0038b509c4b508e48df3c30d5061d.r2.dev/243/243.webp,,,,,,,2024-01-01 00:00:00+00,,0,true,,,,,,,,,,,
tweve_siz_n244,Barurot,Mwaka: 2025 • Vipindi: 8,https://pub-f6a0038b509c4b508e48df3c30d5061d.r2.dev/244/BarurotPart001.mp4,https://pub-f6a0038b509c4b508e48df3c30d5061d.r2.dev/244/BarurotPart001.mp4,,https://pub-f6a0038b509c4b508e48df3c30d5061d.r2.dev/244/244.webp,,,,,,,2024-01-01 00:00:00+00,,0,true,,,,,,,,,,,
tweve_siz_n245,Foreign Exchange,Mwaka: 2025 • Vipindi: 7,https://pub-f6a0038b509c4b508e48df3c30d5061d.r2.dev/245/Foreign%20ExchangePart001.mp4,https://pub-f6a0038b509c4b508e48df3c30d5061d.r2.dev/245/Foreign%20ExchangePart001.mp4,,https://pub-f6a0038b509c4b508e48df3c30d5061d.r2.dev/245/245.webp,,,,,,,2024-01-01 00:00:00+00,,0,true,,,,,,,,,,,
tweve_siz_n246,Mamasan,Mwaka: 2025 • Vipindi: 7,https://pub-f6a0038b509c4b508e48df3c30d5061d.r2.dev/246/MamasanPart001.mp4,https://pub-f6a0038b509c4b508e48df3c30d5061d.r2.dev/246/MamasanPart001.mp4,,https://pub-f6a0038b509c4b508e48df3c30d5061d.r2.dev/246/246.webp,,,,,,,2024-01-01 00:00:00+00,,0,true,,,,,,,,,,,
tweve_siz_n247,The Pursuit of Lust 1,Mwaka: 2025 • Vipindi: 5,https://pub-f6a0038b509c4b508e48df3c30d5061d.r2.dev/247/Pursuit.of.lustPart001.mp4,https://pub-f6a0038b509c4b508e48df3c30d5061d.r2.dev/247/Pursuit.of.lustPart001.mp4,,https://pub-f6a0038b509c4b508e48df3c30d5061d.r2.dev/247/247.webp,,,,,,,2024-01-01 00:00:00+00,,0,true,,,,,,,,,,,
tweve_siz_n248,Unli Pop,Mwaka: 2025 • Vipindi: 7,https://pub-f6a0038b509c4b508e48df3c30d5061d.r2.dev/248/Unli%20PopPart001.mp4,https://pub-f6a0038b509c4b508e48df3c30d5061d.r2.dev/248/Unli%20PopPart001.mp4,,https://pub-f6a0038b509c4b508e48df3c30d5061d.r2.dev/248/248.webp,,,,,,,2024-01-01 00:00:00+00,,0,true,,,,,,,,,,,
tweve_siz_n249,Ekis,Mwaka: 2025 • Vipindi: 12,https://pub-f6a0038b509c4b508e48df3c30d5061d.r2.dev/249/Ekis%20Part001.mp4,https://pub-f6a0038b509c4b508e48df3c30d5061d.r2.dev/249/Ekis%20Part001.mp4,,https://pub-f6a0038b509c4b508e48df3c30d5061d.r2.dev/249/249.webp,,,,,,,2024-01-01 00:00:00+00,,0,true,,,,,,,,,,,
tweve_siz_n250,The White Masai,Mwaka: 2005 • Vipindi: 12,https://pub-f6a0038b509c4b508e48df3c30d5061d.r2.dev/250/The%20white%20Masai-aPart001~1.mp4,https://pub-f6a0038b509c4b508e48df3c30d5061d.r2.dev/250/The%20white%20Masai-aPart001~1.mp4,,https://pub-f6a0038b509c4b508e48df3c30d5061d.r2.dev/250/250.jpg,,,,,,,2024-01-01 00:00:00+00,,0,true,,,,,,,,,,,
tweve_siz_n251,Whispers of Vengeance,Mwaka: 2023 • Vipindi: 6,https://pub-f6a0038b509c4b508e48df3c30d5061d.r2.dev/251/Whispers.Of.Vengeance.Part001.mp4,https://pub-f6a0038b509c4b508e48df3c30d5061d.r2.dev/251/Whispers.Of.Vengeance.Part001.mp4,,https://pub-f6a0038b509c4b508e48df3c30d5061d.r2.dev/251/251%20(2).jpg,,,,,,,2024-01-01 00:00:00+00,,0,true,,,,,,,,,,,
tweve_siz_n254,Angkinin mo ako,Mwaka: 2026 • Vipindi: 7,https://pub-f6a0038b509c4b508e48df3c30d5061d.r2.dev/254/Angkinin.Mo.AkoPart001.mp4,https://pub-f6a0038b509c4b508e48df3c30d5061d.r2.dev/254/Angkinin.Mo.AkoPart001.mp4,,https://pub-f6a0038b509c4b508e48df3c30d5061d.r2.dev/254/254.jpg,,,,,,,2024-01-01 00:00:00+00,,0,true,,,,,,,,,,,
tweve_siz_n255,Bagong Tukso,Mwaka: 2026 • Vipindi: 6,https://pub-f6a0038b509c4b508e48df3c30d5061d.r2.dev/255/Bagong.Tukso.2026Part001.mp4,https://pub-f6a0038b509c4b508e48df3c30d5061d.r2.dev/255/Bagong.Tukso.2026Part001.mp4,,https://pub-f6a0038b509c4b508e48df3c30d5061d.r2.dev/255/255.jpg,,,,,,,2024-01-01 00:00:00+00,,0,true,,,,,,,,,,,
tweve_siz_n256,The Pendragon Cycle: Rise of the Merlin,Mwaka: 2025 • Vipindi: 4,https://pub-f6a0038b509c4b508e48df3c30d5061d.r2.dev/257/Rise_of_the_MerlinE01.mp4,https://pub-f6a0038b509c4b508e48df3c30d5061d.r2.dev/257/Rise_of_the_MerlinE01.mp4,,https://pub-f6a0038b509c4b508e48df3c30d5061d.r2.dev/257/p31790124_i_v8_aa.jpg,,,,,,,2024-01-01 00:00:00+00,,0,true,,,,,,,,,,,
tweve_siz_n257,Sulutan,Mwaka: 2026 • Vipindi: 7,https://pub-f6a0038b509c4b508e48df3c30d5061d.r2.dev/256/Sulutan%202026Part001.mp4,https://pub-f6a0038b509c4b508e48df3c30d5061d.r2.dev/256/Sulutan%202026Part001.mp4,,https://pub-f6a0038b509c4b508e48df3c30d5061d.r2.dev/256/257P.jpg,,,,,,,2024-01-01 00:00:00+00,,0,true,,,,,,,,,,,
tweve_siz_n258,Us Tv Series,Mwaka: 2024 • Vipindi: 18,https://pub-f6a0038b509c4b508e48df3c30d5061d.r2.dev/258/US%202024%20S01E01Part001.mp4,https://pub-f6a0038b509c4b508e48df3c30d5061d.r2.dev/258/US%202024%20S01E01Part001.mp4,,https://pub-f6a0038b509c4b508e48df3c30d5061d.r2.dev/258/258.webp,,,,,,,2024-01-01 00:00:00+00,,0,true,,,,,,,,,,,
tweve_siz_n259,Fatal Seduction S3,Mwaka: 2026 • Vipindi: 11,https://pub-f6a0038b509c4b508e48df3c30d5061d.r2.dev/259/Fatal%20Seduction%20S03E01.mp4,https://pub-f6a0038b509c4b508e48df3c30d5061d.r2.dev/259/Fatal%20Seduction%20S03E01.mp4,,https://pub-f6a0038b509c4b508e48df3c30d5061d.r2.dev/259/259.webp,,,,,,,2024-01-01 00:00:00+00,,0,true,,,,,,,,,,,
tweve_siz_n260,"Good Luck to You, Leo Grande",Mwaka: 2022 • Vipindi: 10,https://pub-f6a0038b509c4b508e48df3c30d5061d.r2.dev/260/GL2Y%20LEO%20GRANDE%202022%20Part001.mp4,https://pub-f6a0038b509c4b508e48df3c30d5061d.r2.dev/260/GL2Y%20LEO%20GRANDE%202022%20Part001.mp4,,https://pub-f6a0038b509c4b508e48df3c30d5061d.r2.dev/260/260.webp,,,,,,,2024-01-01 00:00:00+00,,0,true,,,,,,,,,,,
tweve_siz_n261,Sinners,Mwaka: 2025 • Vipindi: 10,https://pub-f6a0038b509c4b508e48df3c30d5061d.r2.dev/261/Sinners%202025Part001.mp4,https://pub-f6a0038b509c4b508e48df3c30d5061d.r2.dev/261/Sinners%202025Part001.mp4,,https://pub-f6a0038b509c4b508e48df3c30d5061d.r2.dev/261/261.webp,,,,,,,2024-01-01 00:00:00+00,,0,true,,,,,,,,,,,
tweve_siz_n262,War Machine,Mwaka: 2026 • Vipindi: 10,https://pub-f6a0038b509c4b508e48df3c30d5061d.r2.dev/262/War%20Machine%20(2026)Part001.mp4,https://pub-f6a0038b509c4b508e48df3c30d5061d.r2.dev/262/War%20Machine%20(2026)Part001.mp4,,https://pub-f6a0038b509c4b508e48df3c30d5061d.r2.dev/262/262.webp,,,,,,,2024-01-01 00:00:00+00,,0,true,,,,,,,,,,,
tweve_siz_n263,Zootopia 2,Mwaka: 2025 • Vipindi: 10,https://pub-f6a0038b509c4b508e48df3c30d5061d.r2.dev/263/Zootopia.2.2025Part001.mp4,https://pub-f6a0038b509c4b508e48df3c30d5061d.r2.dev/263/Zootopia.2.2025Part001.mp4,,https://pub-f6a0038b509c4b508e48df3c30d5061d.r2.dev/263/263.webp,,,,,,,2024-01-01 00:00:00+00,,0,true,,,,,,,,,,,
tweve_siz_n264,Straight Ruthless,Mwaka: 2023 • Vipindi: 6,https://pub-f6a0038b509c4b508e48df3c30d5061d.r2.dev/264/Straight%20Ruthless%20Part001.mp4,https://pub-f6a0038b509c4b508e48df3c30d5061d.r2.dev/264/Straight%20Ruthless%20Part001.mp4,,https://pub-f6a0038b509c4b508e48df3c30d5061d.r2.dev/264/264.webp,,,,,,,2024-01-01 00:00:00+00,,0,true,,,,,,,,,,,
tweve_siz_n265,Primal Pleasure Station,Mwaka: 2017 • Vipindi: 8,https://pub-f6a0038b509c4b508e48df3c30d5061d.r2.dev/265/Escape%20from%20Pleasure%20PlanetPart001.mp4,https://pub-f6a0038b509c4b508e48df3c30d5061d.r2.dev/265/Escape%20from%20Pleasure%20PlanetPart001.mp4,,https://pub-f6a0038b509c4b508e48df3c30d5061d.r2.dev/265/265.webp,,,,,,,2024-01-01 00:00:00+00,,0,true,,,,,,,,,,,
tweve_siz_n266,Pleasure Spa,Mwaka: 2013 • Vipindi: 7,https://pub-f6a0038b509c4b508e48df3c30d5061d.r2.dev/266/Pleasure%20SpaPart001.mp4,https://pub-f6a0038b509c4b508e48df3c30d5061d.r2.dev/266/Pleasure%20SpaPart001.mp4,,https://pub-f6a0038b509c4b508e48df3c30d5061d.r2.dev/266/266.jpg,,,,,,,2024-01-01 00:00:00+00,,0,true,,,,,,,,,,,
tweve_siz_n267,Avatar,Mwaka: 2009 • Vipindi: 11,https://pub-f6a0038b509c4b508e48df3c30d5061d.r2.dev/267/AvatarECE2009-aPart001.mp4,https://pub-f6a0038b509c4b508e48df3c30d5061d.r2.dev/267/AvatarECE2009-aPart001.mp4,,https://pub-f6a0038b509c4b508e48df3c30d5061d.r2.dev/267/267.webp,,,,,,,2024-01-01 00:00:00+00,,0,true,,,,,,,,,,,
tweve_siz_n268,Avatar The Way Of Water,Mwaka: 2022 • Vipindi: 10,https://pub-f6a0038b509c4b508e48df3c30d5061d.r2.dev/268/Avatar%20The%20Way%20Of%20Water%202022%20Part001.mp4,https://pub-f6a0038b509c4b508e48df3c30d5061d.r2.dev/268/Avatar%20The%20Way%20Of%20Water%202022%20Part001.mp4,,https://pub-f6a0038b509c4b508e48df3c30d5061d.r2.dev/268/268.webp,,,,,,,2024-01-01 00:00:00+00,,0,true,,,,,,,,,,,
tweve_siz_n270,Tayuan 2,Mwaka: 2026 • Vipindi: 7,https://pub-f6a0038b509c4b508e48df3c30d5061d.r2.dev/270/Tayuan%202%202026Part001.mp4,https://pub-f6a0038b509c4b508e48df3c30d5061d.r2.dev/270/Tayuan%202%202026Part001.mp4,,https://pub-f6a0038b509c4b508e48df3c30d5061d.r2.dev/270/270P.jpg,,,,,,,2024-01-01 00:00:00+00,,0,true,,,,,,,,,,,
tweve_siz_n271,Sex Weather,Mwaka: 2018 • Vipindi: 9,https://pub-f6a0038b509c4b508e48df3c30d5061d.r2.dev/271/Sex%20Weather%202018%20(1).mp4,https://pub-f6a0038b509c4b508e48df3c30d5061d.r2.dev/271/Sex%20Weather%202018%20(1).mp4,,https://metadata-static.plex.tv/a/gracenote/af59a6ad810000132453d35b1cfac4a8.jpg,,,,,,,2024-01-01 00:00:00+00,,0,true,,,,,,,,,,,
tweve_siz_n272,Sexy Wives Sinsations,Mwaka: 2013 • Vipindi: 8,https://pub-f6a0038b509c4b508e48df3c30d5061d.r2.dev/272/Sexy%20Wives%20Sinsations%20(1).mp4,https://pub-f6a0038b509c4b508e48df3c30d5061d.r2.dev/272/Sexy%20Wives%20Sinsations%20(1).mp4,,https://pub-f6a0038b509c4b508e48df3c30d5061d.r2.dev/272/272.jpg,,,,,,,2024-01-01 00:00:00+00,,0,true,,,,,,,,,,,
tweve_siz_n273,Cinderella's Hot Night,Mwaka: 2017 • Vipindi: 8,https://pub-f6a0038b509c4b508e48df3c30d5061d.r2.dev/273/Cinderella's%20Hot%20Night%20(2017)Part001.mp4,https://pub-f6a0038b509c4b508e48df3c30d5061d.r2.dev/273/Cinderella's%20Hot%20Night%20(2017)Part001.mp4,,https://pub-f6a0038b509c4b508e48df3c30d5061d.r2.dev/273/273.jpg,,,,,,,2024-01-01 00:00:00+00,,0,true,,,,,,,,,,,
tweve_siz_n274,The Decameron,Mwaka: 1971 • Vipindi: 10,https://pub-f6a0038b509c4b508e48df3c30d5061d.r2.dev/274/The%20Decameron-720PPart001.mp4,https://pub-f6a0038b509c4b508e48df3c30d5061d.r2.dev/274/The%20Decameron-720PPart001.mp4,,https://pub-f6a0038b509c4b508e48df3c30d5061d.r2.dev/274/274%20(2).jpg,,,,,,,2024-01-01 00:00:00+00,,0,true,,,,,,,,,,,
tweve_siz_n275,The Oval,Mwaka: 2019 • Vipindi: 12,https://pub-f6a0038b509c4b508e48df3c30d5061d.r2.dev/275/The%20Oval%201%20Tyler%20Perrys%20babudjPart001.mp4,https://pub-f6a0038b509c4b508e48df3c30d5061d.r2.dev/275/The%20Oval%201%20Tyler%20Perrys%20babudjPart001.mp4,,https://pub-f6a0038b509c4b508e48df3c30d5061d.r2.dev/275/275%20(2).jpg,,,,,,,2024-01-01 00:00:00+00,,0,true,,,,,,,,,,,
tweve_siz_n276,Maids Obsession,Mwaka: 2026 • Vipindi: 6,https://pub-f6a0038b509c4b508e48df3c30d5061d.r2.dev/276/Maids%20Obsession%202026Part001.mp4,https://pub-f6a0038b509c4b508e48df3c30d5061d.r2.dev/276/Maids%20Obsession%202026Part001.mp4,,https://pub-f6a0038b509c4b508e48df3c30d5061d.r2.dev/276/276.jpg,,,,,,,2024-01-01 00:00:00+00,,0,true,,,,,,,,,,,
tweve_siz_n277,Pansamantala,Mwaka: 2026 • Vipindi: 6,https://pub-f6a0038b509c4b508e48df3c30d5061d.r2.dev/277/Pansamantala%202026Part001.mp4,https://pub-f6a0038b509c4b508e48df3c30d5061d.r2.dev/277/Pansamantala%202026Part001.mp4,,https://pub-f6a0038b509c4b508e48df3c30d5061d.r2.dev/277/277p.jpg,,,,,,,2024-01-01 00:00:00+00,,0,true,,,,,,,,,,,
tweve_siz_n278,Scorpio Nights 4,Mwaka: 2026 • Vipindi: 8,https://pub-f6a0038b509c4b508e48df3c30d5061d.r2.dev/278/Scorpio%20Nights%204%202026Part001.mp4,https://pub-f6a0038b509c4b508e48df3c30d5061d.r2.dev/278/Scorpio%20Nights%204%202026Part001.mp4,,https://pub-f6a0038b509c4b508e48df3c30d5061d.r2.dev/278/278.jpg,,,,,,,2024-01-01 00:00:00+00,,0,true,,,,,,,,,,,
tweve_siz_n279,Sex Trip,Mwaka: 2026 • Vipindi: 6,https://pub-f6a0038b509c4b508e48df3c30d5061d.r2.dev/279/Sex%20Trip%202026%201.mp4,https://pub-f6a0038b509c4b508e48df3c30d5061d.r2.dev/279/Sex%20Trip%202026%201.mp4,,https://pub-f6a0038b509c4b508e48df3c30d5061d.r2.dev/279/279%20(1).jpg,,,,,,,2024-01-01 00:00:00+00,,0,true,,,,,,,,,,,
tweve_siz_n280,Sirena,Mwaka: 2026 • Vipindi: 9,https://pub-f6a0038b509c4b508e48df3c30d5061d.r2.dev/280/Sirena%202026%201Part001.mp4,https://pub-f6a0038b509c4b508e48df3c30d5061d.r2.dev/280/Sirena%202026%201Part001.mp4,,https://pub-f6a0038b509c4b508e48df3c30d5061d.r2.dev/280/sirena%20(1).webp,,,,,,,2024-01-01 00:00:00+00,,0,true,,,,,,,,,,,
tweve_siz_n281,Viva Riva!,Mwaka: 2010 • Vipindi: 9,https://pub-f6a0038b509c4b508e48df3c30d5061d.r2.dev/281/Viva%20RivaPart001.mp4,https://pub-f6a0038b509c4b508e48df3c30d5061d.r2.dev/281/Viva%20RivaPart001.mp4,,https://pub-f6a0038b509c4b508e48df3c30d5061d.r2.dev/281/281.jpg,,,,,,,2024-01-01 00:00:00+00,,0,true,,,,,,,,,,,
tweve_siz_n282,Virgin Forest,Mwaka: 2022 • Vipindi: 11,https://pub-f6a0038b509c4b508e48df3c30d5061d.r2.dev/282/Virgin%20Forest_720P_480PPart001.mp4,https://pub-f6a0038b509c4b508e48df3c30d5061d.r2.dev/282/Virgin%20Forest_720P_480PPart001.mp4,,https://pub-f6a0038b509c4b508e48df3c30d5061d.r2.dev/282/282.jpg,,,,,,,2024-01-01 00:00:00+00,,0,true,,,,,,,,,,,
tweve_siz_n283,The Polygamist S1,Mwaka: 2026 • Vipindi: 11,https://pub-f6a0038b509c4b508e48df3c30d5061d.r2.dev/283/The%20Polygamist-S1E1-360P.mp4,https://pub-f6a0038b509c4b508e48df3c30d5061d.r2.dev/283/The%20Polygamist-S1E1-360P.mp4,,https://pub-f6a0038b509c4b508e48df3c30d5061d.r2.dev/283/283.jpg,,,,,,,2024-01-01 00:00:00+00,,0,true,,,,,,,,,,,
tweve_siz_n284,Shelter,Mwaka: 2026 • Vipindi: 7,https://pub-f6a0038b509c4b508e48df3c30d5061d.r2.dev/284/Shelter%20Part1.mp4,https://pub-f6a0038b509c4b508e48df3c30d5061d.r2.dev/284/Shelter%20Part1.mp4,,https://pub-f6a0038b509c4b508e48df3c30d5061d.r2.dev/284/N284.jpg,,,,,,,2024-01-01 00:00:00+00,,0,true,,,,,,,,,,,
tweve_siz_n285,Lokah,Mwaka: 2025 • Vipindi: 7,https://pub-f6a0038b509c4b508e48df3c30d5061d.r2.dev/N285/Lokah%20Chapter%201%20Part1.mp4,https://pub-f6a0038b509c4b508e48df3c30d5061d.r2.dev/N285/Lokah%20Chapter%201%20Part1.mp4,,https://pub-f6a0038b509c4b508e48df3c30d5061d.r2.dev/N285/N285P.jpg,,,,,,,2024-01-01 00:00:00+00,,0,true,,,,,,,,,,,
tweve_siz_n286,Lokah Chapter 1B,Mwaka: 2025 • Vipindi: 8,https://pub-f6a0038b509c4b508e48df3c30d5061d.r2.dev/N286/Lokah%20Chapter%201B%20Part1.mp4,https://pub-f6a0038b509c4b508e48df3c30d5061d.r2.dev/N286/Lokah%20Chapter%201B%20Part1.mp4,,https://pub-f6a0038b509c4b508e48df3c30d5061d.r2.dev/N286/N286P%20(1).jpg,,,,,,,2024-01-01 00:00:00+00,,0,true,,,,,,,,,,,
tweve_siz_n287,The Raja Saab,Mwaka: 2026 • Vipindi: 6,https://pub-f6a0038b509c4b508e48df3c30d5061d.r2.dev/N287/The%20Raja%20Saab%20Part1.mp4,https://pub-f6a0038b509c4b508e48df3c30d5061d.r2.dev/N287/The%20Raja%20Saab%20Part1.mp4,,https://pub-f6a0038b509c4b508e48df3c30d5061d.r2.dev/N287/N287%20(1).jpg,,,,,,,2024-01-01 00:00:00+00,,0,true,,,,,,,,,,,
tweve_siz_n288,The Raja Saab 2,Mwaka: 2026 • Vipindi: 7,https://pub-f6a0038b509c4b508e48df3c30d5061d.r2.dev/N288/The%20Raja%20Saab%202%20Part1.mp4,https://pub-f6a0038b509c4b508e48df3c30d5061d.r2.dev/N288/The%20Raja%20Saab%202%20Part1.mp4,,https://pub-f6a0038b509c4b508e48df3c30d5061d.r2.dev/N288/N288%20(1).jpg,,,,,,,2024-01-01 00:00:00+00,,0,true,,,,,,,,,,,
tweve_siz_n289,Rambo 2025,Mwaka: 2025 • Vipindi: 10,https://pub-f6a0038b509c4b508e48df3c30d5061d.r2.dev/N289/Rambo%202025%20E1.mp4,https://pub-f6a0038b509c4b508e48df3c30d5061d.r2.dev/N289/Rambo%202025%20E1.mp4,,https://pub-f6a0038b509c4b508e48df3c30d5061d.r2.dev/N289/N289P.jpg,,,,,,,2024-01-01 00:00:00+00,,0,true,,,,,,,,,,,
tweve_siz_n290,Shou Zhe Tian,Mwaka: 2026 • Vipindi: 8,https://pub-f6a0038b509c4b508e48df3c30d5061d.r2.dev/N290/Shou%20Zhe%20Tian%20(2026)%20E1.mp4,https://pub-f6a0038b509c4b508e48df3c30d5061d.r2.dev/N290/Shou%20Zhe%20Tian%20(2026)%20E1.mp4,,https://pub-f6a0038b509c4b508e48df3c30d5061d.r2.dev/N290/N290P.jpg,,,,,,,2024-01-01 00:00:00+00,,0,true,,,,,,,,,,,
tweve_siz_n291,Speed Demon,Mwaka: 2026 • Vipindi: 9,https://pub-f6a0038b509c4b508e48df3c30d5061d.r2.dev/N291/Speed%20Demon%20(2026)%20E1.mp4,https://pub-f6a0038b509c4b508e48df3c30d5061d.r2.dev/N291/Speed%20Demon%20(2026)%20E1.mp4,,https://pub-f6a0038b509c4b508e48df3c30d5061d.r2.dev/N291/N291P.jpg,,,,,,,2024-01-01 00:00:00+00,,0,true,,,,,,,,,,,
tweve_siz_n292,The Day Everything Changed,Mwaka: 2020 • Vipindi: 10,https://pub-f6a0038b509c4b508e48df3c30d5061d.r2.dev/N292/The%20Day%20Everything%20Changed%20(2024)%20E1.mp4,https://pub-f6a0038b509c4b508e48df3c30d5061d.r2.dev/N292/The%20Day%20Everything%20Changed%20(2024)%20E1.mp4,,https://pub-f6a0038b509c4b508e48df3c30d5061d.r2.dev/N292/N292P.jpg,,,,,,,2024-01-01 00:00:00+00,,0,true,,,,,,,,,,,
tweve_siz_n293,Agent Zero,Mwaka: 2025 • Vipindi: 8,https://pub-f6a0038b509c4b508e48df3c30d5061d.r2.dev/N293/Agent%20Zero%20E1.mp4,https://pub-f6a0038b509c4b508e48df3c30d5061d.r2.dev/N293/Agent%20Zero%20E1.mp4,,https://pub-f6a0038b509c4b508e48df3c30d5061d.r2.dev/N293/N293P.jpg,,,,,,,2024-01-01 00:00:00+00,,0,true,,,,,,,,,,,
tweve_siz_n294,Dirty Hands,Mwaka: 2026 • Vipindi: 8,https://pub-f6a0038b509c4b508e48df3c30d5061d.r2.dev/N294/Dirty%20Hands%20E1.mp4,https://pub-f6a0038b509c4b508e48df3c30d5061d.r2.dev/N294/Dirty%20Hands%20E1.mp4,,https://pub-f6a0038b509c4b508e48df3c30d5061d.r2.dev/N294/N294P.jpg,,,,,,,2024-01-01 00:00:00+00,,0,true,,,,,,,,,,,
tweve_siz_n295,Faces  Of Death,Mwaka: 2026 • Vipindi: 9,https://pub-f6a0038b509c4b508e48df3c30d5061d.r2.dev/N295/Faces%20Of%20Death%20E1.mp4,https://pub-f6a0038b509c4b508e48df3c30d5061d.r2.dev/N295/Faces%20Of%20Death%20E1.mp4,,https://pub-f6a0038b509c4b508e48df3c30d5061d.r2.dev/N295/N295P.jpg,,,,,,,2024-01-01 00:00:00+00,,0,true,,,,,,,,,,,
tweve_siz_n296,Normal,Mwaka: 2025 • Vipindi: 7,https://pub-f6a0038b509c4b508e48df3c30d5061d.r2.dev/N296/Normal%202025%20E1.mp4,https://pub-f6a0038b509c4b508e48df3c30d5061d.r2.dev/N296/Normal%202025%20E1.mp4,,https://pub-f6a0038b509c4b508e48df3c30d5061d.r2.dev/N296/N296P.jpg,,,,,,,2024-01-01 00:00:00+00,,0,true,,,,,,,,,,,
tweve_siz_n297,My dearest Assasin,Mwaka: 2026 • Vipindi: 13,https://pub-f6a0038b509c4b508e48df3c30d5061d.r2.dev/N297/My%20Dearest%20Assasin%20E1.mp4,https://pub-f6a0038b509c4b508e48df3c30d5061d.r2.dev/N297/My%20Dearest%20Assasin%20E1.mp4,,https://pub-f6a0038b509c4b508e48df3c30d5061d.r2.dev/N297/N297P.jpg,,,,,,,2024-01-01 00:00:00+00,,0,true,,,,,,,,,,,
tweve_siz_n298,Blades of the Guardians,Mwaka: 2026 • Vipindi: 11,https://pub-f6a0038b509c4b508e48df3c30d5061d.r2.dev/N298/Blades%20of%20the%20Guardians%20E1.mp4,https://pub-f6a0038b509c4b508e48df3c30d5061d.r2.dev/N298/Blades%20of%20the%20Guardians%20E1.mp4,,https://pub-f6a0038b509c4b508e48df3c30d5061d.r2.dev/N298/N298P.jpg,,,,,,,2024-01-01 00:00:00+00,,0,true,,,,,,,,,,,
tweve_siz_n299,Blind Cop 2,Mwaka: 2025 • Vipindi: 7,https://pub-f6a0038b509c4b508e48df3c30d5061d.r2.dev/N299/Blind%20Cop%202%20E1.mp4,https://pub-f6a0038b509c4b508e48df3c30d5061d.r2.dev/N299/Blind%20Cop%202%20E1.mp4,,https://pub-f6a0038b509c4b508e48df3c30d5061d.r2.dev/N299/N299p.jpg,,,,,,,2024-01-01 00:00:00+00,,0,true,,,,,,,,,,,
tweve_siz_n300,The Polygamist S2,Mwaka: 2026 • Vipindi: 11,https://pub-f6a0038b509c4b508e48df3c30d5061d.r2.dev/300/The%20Polygamist-S1E12-360P.mp4,https://pub-f6a0038b509c4b508e48df3c30d5061d.r2.dev/300/The%20Polygamist-S1E12-360P.mp4,,https://pub-f6a0038b509c4b508e48df3c30d5061d.r2.dev/300/N300S2.jpg,,,,,,,2024-01-01 00:00:00+00,,0,true,,,,,,,,,,,
tweve_siz_n301,Abot Langit,Mwaka: 2026 • Vipindi: 6,https://pub-f6a0038b509c4b508e48df3c30d5061d.r2.dev/301/Abot%20Langit%202026Part001.mp4,https://pub-f6a0038b509c4b508e48df3c30d5061d.r2.dev/301/Abot%20Langit%202026Part001.mp4,,https://pub-f6a0038b509c4b508e48df3c30d5061d.r2.dev/301/301.jpg,,,,,,,2024-01-01 00:00:00+00,,0,true,,,,,,,,,,,
tweve_siz_n302,Warat,Mwaka: 2026 • Vipindi: 8,https://pub-f6a0038b509c4b508e48df3c30d5061d.r2.dev/302/Warat%202026%20Part001.mp4,https://pub-f6a0038b509c4b508e48df3c30d5061d.r2.dev/302/Warat%202026%20Part001.mp4,,https://pub-f6a0038b509c4b508e48df3c30d5061d.r2.dev/302/302.webp,,,,,,,2024-01-01 00:00:00+00,,0,true,,,,,,,,,,,
tweve_siz_n303,Greenland 2: Migration,Mwaka: 2026 • Vipindi: 9,https://pub-f6a0038b509c4b508e48df3c30d5061d.r2.dev/303/Greenland%202%20Migration%20(2026).MACK%20DJPart001.mp4,https://pub-f6a0038b509c4b508e48df3c30d5061d.r2.dev/303/Greenland%202%20Migration%20(2026).MACK%20DJPart001.mp4,,https://pub-f6a0038b509c4b508e48df3c30d5061d.r2.dev/303/303.webp,,,,,,,2024-01-01 00:00:00+00,,0,true,,,,,,,,,,,
tweve_siz_n304,Greenland 1,Mwaka: 2020 • Vipindi: 10,https://pub-f6a0038b509c4b508e48df3c30d5061d.r2.dev/304/Greenland%201%20babudjPart001.mp4,https://pub-f6a0038b509c4b508e48df3c30d5061d.r2.dev/304/Greenland%201%20babudjPart001.mp4,,https://pub-f6a0038b509c4b508e48df3c30d5061d.r2.dev/304/304%20(2).webp,,,,,,,2024-01-01 00:00:00+00,,0,true,,,,,,,,,,,
tweve_siz_n305,Check In,Mwaka: 2026 • Vipindi: 7,https://pub-f6a0038b509c4b508e48df3c30d5061d.r2.dev/305/Check%20In%202026Part001.mp4,https://pub-f6a0038b509c4b508e48df3c30d5061d.r2.dev/305/Check%20In%202026Part001.mp4,,https://pub-f6a0038b509c4b508e48df3c30d5061d.r2.dev/305/305.jpg,,,,,,,2024-01-01 00:00:00+00,,0,true,,,,,,,,,,,
tweve_siz_n307,Prison Break Maximum Skills,Mwaka: 2005 • Vipindi: 16,https://pub-f6a0038b509c4b508e48df3c30d5061d.r2.dev/307/Maxmum%20Skils%20EP01.mp4,https://pub-f6a0038b509c4b508e48df3c30d5061d.r2.dev/307/Maxmum%20Skils%20EP01.mp4,,https://pub-f6a0038b509c4b508e48df3c30d5061d.r2.dev/307/307%20(2).webp,,,,,,,2024-01-01 00:00:00+00,,0,true,,,,,,,,,,,
tweve_siz_n308,Untitled,Mwaka: 2026 • Vipindi: 11,https://pub-f6a0038b509c4b508e48df3c30d5061d.r2.dev/308/The%20Furious-480PPart001.mp4,https://pub-f6a0038b509c4b508e48df3c30d5061d.r2.dev/308/The%20Furious-480PPart001.mp4,,https://pub-f6a0038b509c4b508e48df3c30d5061d.r2.dev/308/308.webp,,,,,,,2024-01-01 00:00:00+00,,0,true,,,,,,,,,,,
tweve_siz_n309,Man of War,Mwaka: 2026 • Vipindi: 10,https://pub-f6a0038b509c4b508e48df3c30d5061d.r2.dev/309/Man.Of.War.2026.dijay%20blakiPart001.mp4,https://pub-f6a0038b509c4b508e48df3c30d5061d.r2.dev/309/Man.Of.War.2026.dijay%20blakiPart001.mp4,,https://pub-f6a0038b509c4b508e48df3c30d5061d.r2.dev/309/309%20(2).webp,,,,,,,2024-01-01 00:00:00+00,,0,true,,,,,,,,,,,
tweve_siz_n401,Deep Water,Mwaka: 2026 • Vipindi: 10,https://pub-f6a0038b509c4b508e48df3c30d5061d.r2.dev/N401/Deep%20Water%20E1.mp4,https://pub-f6a0038b509c4b508e48df3c30d5061d.r2.dev/N401/Deep%20Water%20E1.mp4,,https://pub-f6a0038b509c4b508e48df3c30d5061d.r2.dev/N401/N401P.jpg,,,,,,,2024-01-01 00:00:00+00,,0,true,,,,,,,,,,,
tweve_siz_n402,Cats In The Museum,Mwaka: 2023 • Vipindi: 9,https://pub-f6a0038b509c4b508e48df3c30d5061d.r2.dev/N402/Cats%20In%20The%20Museum%20E1.mp4,https://pub-f6a0038b509c4b508e48df3c30d5061d.r2.dev/N402/Cats%20In%20The%20Museum%20E1.mp4,,https://pub-f6a0038b509c4b508e48df3c30d5061d.r2.dev/N402/N402P.jpg,,,,,,,2024-01-01 00:00:00+00,,0,true,,,,,,,,,,,
tweve_siz_n403,Chase For Amber,Mwaka: 2025,https://pub-f6a0038b509c4b508e48df3c30d5061d.r2.dev/N403/N403TL.mp4,https://pub-f6a0038b509c4b508e48df3c30d5061d.r2.dev/N403/N403TL.mp4,,https://pub-f6a0038b509c4b508e48df3c30d5061d.r2.dev/N403/N403P.jpg,,,,,,,2024-01-01 00:00:00+00,,0,true,,,,,,,,,,,
tweve_siz_n404,Mexicali,Mwaka: 2026 • Vipindi: 10,https://pub-f6a0038b509c4b508e48df3c30d5061d.r2.dev/N404/Mexicali%20E1.mp4,https://pub-f6a0038b509c4b508e48df3c30d5061d.r2.dev/N404/Mexicali%20E1.mp4,,https://pub-f6a0038b509c4b508e48df3c30d5061d.r2.dev/N404/N404P.jpg,,,,,,,2024-01-01 00:00:00+00,,0,true,,,,,,,,,,,
tweve_siz_n405,Sniper No Nation,Mwaka: 2026 • Vipindi: 10,https://pub-f6a0038b509c4b508e48df3c30d5061d.r2.dev/N405/Sniper%20No%20Nation%20E1.mp4,https://pub-f6a0038b509c4b508e48df3c30d5061d.r2.dev/N405/Sniper%20No%20Nation%20E1.mp4,,https://pub-f6a0038b509c4b508e48df3c30d5061d.r2.dev/N405/N405P.jpeg,,,,,,,2024-01-01 00:00:00+00,,0,true,,,,,,,,,,,
tweve_siz_n406,Fist To Fist,Mwaka: 2026 • Vipindi: 9,https://pub-f6a0038b509c4b508e48df3c30d5061d.r2.dev/N406/Fist%20To%20Fist%20E1.mp4,https://pub-f6a0038b509c4b508e48df3c30d5061d.r2.dev/N406/Fist%20To%20Fist%20E1.mp4,,https://pub-f6a0038b509c4b508e48df3c30d5061d.r2.dev/N406/N406P.jpg,,,,,,,2024-01-01 00:00:00+00,,0,true,,,,,,,,,,,
tweve_siz_n407,In The Grey,Mwaka: 2026 • Vipindi: 10,https://pub-f6a0038b509c4b508e48df3c30d5061d.r2.dev/N407/In%20The%20Grey%20E1.mp4,https://pub-f6a0038b509c4b508e48df3c30d5061d.r2.dev/N407/In%20The%20Grey%20E1.mp4,,https://pub-f6a0038b509c4b508e48df3c30d5061d.r2.dev/N407/N407p.jpg,,,,,,,2024-01-01 00:00:00+00,,0,true,,,,,,,,,,,
tweve_siz_n408,Seven Sniper,Mwaka: 2026 • Vipindi: 9,https://pub-f6a0038b509c4b508e48df3c30d5061d.r2.dev/N408/Seven%20Snipers%20(2026)%20%20E1.mp4,https://pub-f6a0038b509c4b508e48df3c30d5061d.r2.dev/N408/Seven%20Snipers%20(2026)%20%20E1.mp4,,https://pub-f6a0038b509c4b508e48df3c30d5061d.r2.dev/N408/N408P.jpg,,,,,,,2024-01-01 00:00:00+00,,0,true,,,,,,,,,,,
tweve_siz_n409,The Mortuary Assistant,Mwaka: 2026 • Vipindi: 10,https://pub-f6a0038b509c4b508e48df3c30d5061d.r2.dev/N409/The%20Mortuary%20Assistant%20%20E1.mp4,https://pub-f6a0038b509c4b508e48df3c30d5061d.r2.dev/N409/The%20Mortuary%20Assistant%20%20E1.mp4,,https://pub-f6a0038b509c4b508e48df3c30d5061d.r2.dev/N409/N409P.jpg,,,,,,,2024-01-01 00:00:00+00,,0,true,,,,,,,,,,,
tweve_siz_n410,The Strangers 3,Mwaka: 2026 • Vipindi: 9,https://pub-f6a0038b509c4b508e48df3c30d5061d.r2.dev/N410/The%20Strangers%203%20%20E1.mp4,https://pub-f6a0038b509c4b508e48df3c30d5061d.r2.dev/N410/The%20Strangers%203%20%20E1.mp4,,https://pub-f6a0038b509c4b508e48df3c30d5061d.r2.dev/N410/N410P.jpg,,,,,,,2024-01-01 00:00:00+00,,0,true,,,,,,,,,,,
tweve_siz_n411,War Machine,Mwaka: 2026 • Vipindi: 11,https://pub-f6a0038b509c4b508e48df3c30d5061d.r2.dev/N411/War%20Machine%20E1.mp4,https://pub-f6a0038b509c4b508e48df3c30d5061d.r2.dev/N411/War%20Machine%20E1.mp4,,https://pub-f6a0038b509c4b508e48df3c30d5061d.r2.dev/N411/N411P.jpg,,,,,,,2024-01-01 00:00:00+00,,0,true,,,,,,,,,,,
tweve_siz_n412,Whistle (2025),Mwaka: 2025 • Vipindi: 10,https://pub-f6a0038b509c4b508e48df3c30d5061d.r2.dev/N412/Whistle%20(2025)%20E1.mp4,https://pub-f6a0038b509c4b508e48df3c30d5061d.r2.dev/N412/Whistle%20(2025)%20E1.mp4,,https://pub-f6a0038b509c4b508e48df3c30d5061d.r2.dev/N412/N412P.jpg,,,,,,,2024-01-01 00:00:00+00,,0,true,,,,,,,,,,,
tweve_siz_n413,Agent Zeta,Mwaka: 2026 • Vipindi: 9,https://pub-f6a0038b509c4b508e48df3c30d5061d.r2.dev/N413/Agent%20Zeta%20(2026)%20E1.mp4,https://pub-f6a0038b509c4b508e48df3c30d5061d.r2.dev/N413/Agent%20Zeta%20(2026)%20E1.mp4,,https://pub-f6a0038b509c4b508e48df3c30d5061d.r2.dev/N413/N413P.jpg,,,,,,,2024-01-01 00:00:00+00,,0,true,,,,,,,,,,,
tweve_siz_n414,My Name,Mwaka: 2021 • Vipindi: 26,https://pub-f6a0038b509c4b508e48df3c30d5061d.r2.dev/N414/My%20Name%20E1.mp4,https://pub-f6a0038b509c4b508e48df3c30d5061d.r2.dev/N414/My%20Name%20E1.mp4,,https://pub-f6a0038b509c4b508e48df3c30d5061d.r2.dev/N414/N414P.jpg,,,,,,,2024-01-01 00:00:00+00,,0,true,,,,,,,,,,,
tweve_siz_n415,Study Group,Mwaka: 2025 • Vipindi: 28,https://pub-f6a0038b509c4b508e48df3c30d5061d.r2.dev/N415/Study%20Group%20%20Skills%20E1.mp4,https://pub-f6a0038b509c4b508e48df3c30d5061d.r2.dev/N415/Study%20Group%20%20Skills%20E1.mp4,,https://pub-f6a0038b509c4b508e48df3c30d5061d.r2.dev/N415/N415P.jpg,,,,,,,2024-01-01 00:00:00+00,,0,true,,,,,,,,,,,
tweve_siz_n416,Thrash,Mwaka: 2025 • Vipindi: 10,https://pub-f6a0038b509c4b508e48df3c30d5061d.r2.dev/N416/Thrash%20%20E1.mp4,https://pub-f6a0038b509c4b508e48df3c30d5061d.r2.dev/N416/Thrash%20%20E1.mp4,,https://pub-f6a0038b509c4b508e48df3c30d5061d.r2.dev/N416/N416P.jpeg,,,,,,,2024-01-01 00:00:00+00,,0,true,,,,,,,,,,,
tweve_siz_n417,Protector 2025,Mwaka: 2025 • Vipindi: 9,https://pub-f6a0038b509c4b508e48df3c30d5061d.r2.dev/N417/Protector%20(2025)%20%20E1.mp4,https://pub-f6a0038b509c4b508e48df3c30d5061d.r2.dev/N417/Protector%20(2025)%20%20E1.mp4,,https://pub-f6a0038b509c4b508e48df3c30d5061d.r2.dev/N417/N417P.jpeg,,,,,,,2024-01-01 00:00:00+00,,0,true,,,,,,,,,,,
tweve_siz_n418,Pinecone,Mwaka: 2026,https://pub-f6a0038b509c4b508e48df3c30d5061d.r2.dev/N418/N418TL.mp4,https://pub-f6a0038b509c4b508e48df3c30d5061d.r2.dev/N418/N418TL.mp4,,https://pub-f6a0038b509c4b508e48df3c30d5061d.r2.dev/N418/N418P.jpeg,,,,,,,2024-01-01 00:00:00+00,,0,true,,,,,,,,,,,
tweve_siz_n419,Brother Under Fire,Mwaka: 2026 • Vipindi: 10,https://pub-f6a0038b509c4b508e48df3c30d5061d.r2.dev/N419/Brothers%20Under%20Fire%20%20E1.mp4,https://pub-f6a0038b509c4b508e48df3c30d5061d.r2.dev/N419/Brothers%20Under%20Fire%20%20E1.mp4,,https://pub-f6a0038b509c4b508e48df3c30d5061d.r2.dev/N419/N419P.jpeg,,,,,,,2024-01-01 00:00:00+00,,0,true,,,,,,,,,,,
tweve_siz_n420,Vengaza,Mwaka: 2026 • Vipindi: 11,https://pub-f6a0038b509c4b508e48df3c30d5061d.r2.dev/N420/Vengaza%202026%20%20E1.mp4,https://pub-f6a0038b509c4b508e48df3c30d5061d.r2.dev/N420/Vengaza%202026%20%20E1.mp4,,https://pub-f6a0038b509c4b508e48df3c30d5061d.r2.dev/N420/N420P.jpeg,,,,,,,2024-01-01 00:00:00+00,,0,true,,,,,,,,,,,
tweve_siz_n421,Hummit,Mwaka: 2026,https://pub-f6a0038b509c4b508e48df3c30d5061d.r2.dev/N421/N421TL.mp4,https://pub-f6a0038b509c4b508e48df3c30d5061d.r2.dev/N421/N421TL.mp4,,https://pub-f6a0038b509c4b508e48df3c30d5061d.r2.dev/N421/N421P.jpeg,,,,,,,2024-01-01 00:00:00+00,,0,true,,,,,,,,,,,
tweve_siz_n422,Hoppers,Mwaka: 2026 • Vipindi: 10,https://pub-f6a0038b509c4b508e48df3c30d5061d.r2.dev/N422/Hoppers%202026%20E1.mp4,https://pub-f6a0038b509c4b508e48df3c30d5061d.r2.dev/N422/Hoppers%202026%20E1.mp4,,https://pub-f6a0038b509c4b508e48df3c30d5061d.r2.dev/N422/N422P.jpg,,,,,,,2024-01-01 00:00:00+00,,0,true,,,,,,,,,,,
tweve_siz_n423,Goat,Mwaka: 2026 • Vipindi: 10,https://pub-f6a0038b509c4b508e48df3c30d5061d.r2.dev/N423/Goat%202026%20E1.mp4,https://pub-f6a0038b509c4b508e48df3c30d5061d.r2.dev/N423/Goat%202026%20E1.mp4,,https://pub-f6a0038b509c4b508e48df3c30d5061d.r2.dev/N423/N423P.jpg,,,,,,,2024-01-01 00:00:00+00,,0,true,,,,,,,,,,,
tweve_siz_n424,Delivery Run,Mwaka: 2024 • Vipindi: 8,https://pub-f6a0038b509c4b508e48df3c30d5061d.r2.dev/N424/Delivery%20Run%20(2024)%20E1.mp4,https://pub-f6a0038b509c4b508e48df3c30d5061d.r2.dev/N424/Delivery%20Run%20(2024)%20E1.mp4,,https://pub-f6a0038b509c4b508e48df3c30d5061d.r2.dev/N424/N424P.jpeg,,,,,,,2024-01-01 00:00:00+00,,0,true,,,,,,,,,,,
tweve_siz_n425,Contraband,Mwaka: 2012,https://pub-f6a0038b509c4b508e48df3c30d5061d.r2.dev/N425/N425TL.mp4,https://pub-f6a0038b509c4b508e48df3c30d5061d.r2.dev/N425/N425TL.mp4,,https://pub-f6a0038b509c4b508e48df3c30d5061d.r2.dev/N425/N425P.jpg,,,,,,,2024-01-01 00:00:00+00,,0,true,,,,,,,,,,,
tweve_siz_n426,Bring The Law,Mwaka: 2026 • Vipindi: 10,https://pub-f6a0038b509c4b508e48df3c30d5061d.r2.dev/N426/Bring%20The%20Law%20(2026)%20E1.mp4,https://pub-f6a0038b509c4b508e48df3c30d5061d.r2.dev/N426/Bring%20The%20Law%20(2026)%20E1.mp4,,https://pub-f6a0038b509c4b508e48df3c30d5061d.r2.dev/N426/N426P.jpeg,,,,,,,2024-01-01 00:00:00+00,,0,true,,,,,,,,,,,
tweve_siz_n427,On the Hunt,Mwaka: 2026 • Vipindi: 8,https://pub-f6a0038b509c4b508e48df3c30d5061d.r2.dev/N427/On%20The%20Hunt%20(2026)%20E1.mp4,https://pub-f6a0038b509c4b508e48df3c30d5061d.r2.dev/N427/On%20The%20Hunt%20(2026)%20E1.mp4,,https://pub-f6a0038b509c4b508e48df3c30d5061d.r2.dev/N427/N427P.jpeg,,,,,,,2024-01-01 00:00:00+00,,0,true,,,,,,,,,,,
tweve_siz_n428,Nie Xiaoqian,Mwaka: 2026 • Vipindi: 9,https://pub-f6a0038b509c4b508e48df3c30d5061d.r2.dev/N428/Nie%20Xiaoqian%20E1.mp4,https://pub-f6a0038b509c4b508e48df3c30d5061d.r2.dev/N428/Nie%20Xiaoqian%20E1.mp4,,https://pub-f6a0038b509c4b508e48df3c30d5061d.r2.dev/N428/N428P.jpg,,,,,,,2024-01-01 00:00:00+00,,0,true,,,,,,,,,,,
tweve_siz_n429,Mortal Kombat II,Mwaka: 2026 • Vipindi: 10,https://pub-f6a0038b509c4b508e48df3c30d5061d.r2.dev/N429/Mortal%20Kombat%20II%20(2026))%20E1.mp4,https://pub-f6a0038b509c4b508e48df3c30d5061d.r2.dev/N429/Mortal%20Kombat%20II%20(2026))%20E1.mp4,,https://pub-f6a0038b509c4b508e48df3c30d5061d.r2.dev/N429/N429P.jpg,,,,,,,2024-01-01 00:00:00+00,,0,true,,,,,,,,,,,
tweve_siz_n430,Badland Rising,Mwaka: 2025 • Vipindi: 9,https://pub-f6a0038b509c4b508e48df3c30d5061d.r2.dev/N430/Badland%20Rising%20(2025)%20%20E1.mp4,https://pub-f6a0038b509c4b508e48df3c30d5061d.r2.dev/N430/Badland%20Rising%20(2025)%20%20E1.mp4,,https://pub-f6a0038b509c4b508e48df3c30d5061d.r2.dev/N430/N430P.jpg,,,,,,,2024-01-01 00:00:00+00,,0,true,,,,,,,,,,,
tweve_siz_n431,Banduan,Mwaka: 2025 • Vipindi: 13,https://pub-f6a0038b509c4b508e48df3c30d5061d.r2.dev/N431/Banduan%20(2025)%20%20E1.mp4,https://pub-f6a0038b509c4b508e48df3c30d5061d.r2.dev/N431/Banduan%20(2025)%20%20E1.mp4,,https://pub-f6a0038b509c4b508e48df3c30d5061d.r2.dev/N431/N431P.jpg,,,,,,,2024-01-01 00:00:00+00,,0,true,,,,,,,,,,,
tweve_siz_n432,Amsterdamned II,Mwaka: 2025 • Vipindi: 12,https://pub-f6a0038b509c4b508e48df3c30d5061d.r2.dev/N432/Amsterdamned%20II%20(2025%20%20E1.mp4,https://pub-f6a0038b509c4b508e48df3c30d5061d.r2.dev/N432/Amsterdamned%20II%20(2025%20%20E1.mp4,,https://pub-f6a0038b509c4b508e48df3c30d5061d.r2.dev/N432/N432P.jpeg,,,,,,,2024-01-01 00:00:00+00,,0,true,,,,,,,,,,,
tweve_siz_n9999,Joti Tv,Mwaka: 2018 • Vipindi: 10,https://pub-f6a0038b509c4b508e48df3c30d5061d.r2.dev/9999/01%20POPOMPO%20-%20Joti%20TV.mp4,https://pub-f6a0038b509c4b508e48df3c30d5061d.r2.dev/9999/01%20POPOMPO%20-%20Joti%20TV.mp4,,https://i.ytimg.com/vi/uE9mBXvGgRg/hq720.jpg,,,,,,,2024-01-01 00:00:00+00,,0,true,,,,,,,,,,,
TzB8m0y0Vbo7ByR8PYWs,"The Suspect ","Filamu inamfuata polisi mchunguzi Arjun, ambaye kupandishwa cheo kuwa DCP inakuja na jukumu kubwa: kuchunguza uhai wa msichana asiyejulikana aliyepatikana ameuawa",https://iframe.mediadelivery.net/play/552231/d722c261-83ae-4264-b11c-a437e2fec1c9,https://vz-efe8986b-460.b-cdn.net/d722c261-83ae-4264-b11c-a437e2fec1c9/play_480p.mp4,,https://blogger.googleusercontent.com/img/b/R29vZ2xl/AVvXsEjJKSfUTw8F7SFFYQ7At8PMEgqX1nP7qBwfrrF0qB6PFfWaNPTpWqAJ_Do1LFvAM0BbX_2vPvUCm2bJoOS8QARY1dZXpMF3arF2sz-u1gkrLzT0pxRsC5ecj1HuiVXiv8_5AxxaLsA2efZyIvh9V1ma_f1Y3VB1q2kfANQwi1BVji1jwpcONs0N3vwucPM/s251/download%20(3).jpeg,120,,"[""Drama"",""Crime""]",en,"[""HD""]","[""FEDHA"",""CHUMA"",""DHAHABU"",""MALKIA"",""ALMASI""]",2024-01-01 00:00:00+00,,28,true,false,,0,[],Garnepudi Radha Krishna,[],false,,30,[],
u0dvNEmcxnBd2KtvazMH,"The Pickup ","ni jaribio la heist‑comedy lenye chachu ndogo — gari lenye fedha linalipigwa pigo, ghasia, wizi wa kasino, ufuatiliaji wa polisi, na ucheshi wa “buddy duo” ambao hatimaye unashindwa kuleta “chemistry” ya kusisimua.",https://iframe.mediadelivery.net/play/552231/bdd7d243-628c-4b74-a184-479be040d516,https://vz-efe8986b-460.b-cdn.net/bdd7d243-628c-4b74-a184-479be040d516/play_480p.mp4,,https://blogger.googleusercontent.com/img/b/R29vZ2xl/AVvXsEjlFO2a-uLL7nlTc9l9SZMiEfB36fJvYeiESNcKlntjJv-T7icjtbeGFZXdYBjrZjqne5Junwx-NeaSJrIbM8NXXVY-FwOce4ubXqYuWF3STVIanJyM-AdF5gsZpZztC0HkzmDIF9cZJrECIQkqQmb93m0Ib7dTRvm9cgWzOAMbCTFXGQ1t008eZk2hJOw/s375/The_Pickup_2025_poster.jpg,60,,"[""Action"",""Comedy""]",en,"[""HD""]","[""FEDHA"",""CHUMA"",""DHAHABU"",""MALKIA"",""ALMASI""]",2024-01-01 00:00:00+00,,37,true,false,,0,[],	Tim Story,[],false,,30,[],
U0qZYfeJSXgBUpX9jISl,Trust,Trust MOVIE,https://iframe.mediadelivery.net/play/563274/28f6ff2d-46e9-4015-b1e3-aec9e2591f02,https://vz-042af568-50e.b-cdn.net/28f6ff2d-46e9-4015-b1e3-aec9e2591f02/ORIGINAL,,https://upload.wikimedia.org/wikipedia/en/thumb/7/73/Trust_%282025_film%29.jpg/250px-Trust_%282025_film%29.jpg,60,2026-05-02 00:00:00+00,"[""Thriller""]",en,"[""HD""]",[],2026-05-02 19:06:32.22+00,2026-05-05 23:37:00.712+00,15,true,true,movies-ngono,0,[],	Carlson Young,[],true,2000,3,[],
UuQSnbttDsVKtwzOhKz4,Thanal (2025 film),Filamu Thanal ni “action‑thriller” ya lugha ya Tamil inayoelezea tukio moja ambalo hubadilisha mtu kuwa shujaa na mwingine kuwa mhalifu,https://iframe.mediadelivery.net/play/552231/e6db2016-9afc-4755-a051-d743b36fc015,https://vz-efe8986b-460.b-cdn.net/e6db2016-9afc-4755-a051-d743b36fc015/play_360p.mp4,,https://blogger.googleusercontent.com/img/b/R29vZ2xl/AVvXsEh1u9ixez7cZa3QQytb_5WS5q892okexDIUnu47wuHkFwkNjvlhPo833cZnnwTHfBbytt8tH8gaUoJZe3Jk3hUM4BnlWpMxaOpM_UmMT9auOQM7kychaPH-pIc-pXtplPXu4Rn-AzxJMz3yTW8cc7j_D3Hwla1Qk13WSagRuQMjV-BeqBCHxhpWjfBWzgY/s375/Thanal_(2025_film).jpg,120,,"[""Action"",""Thriller""]",en,"[""HD""]","[""FEDHA"",""CHUMA"",""DHAHABU"",""MALKIA"",""ALMASI""]",2026-05-24 12:54:23.552+00,2026-05-24 12:54:23.552+00,209,true,false,,0,[],Ravindra Madhava,[],false,0,30,[],
vitm1FrW0oRF4gKwI23s," Clown in a Cornfield 2025","**Clown in a Cornfield** (2025) inatokana na riwaya maarufu ya kutisha na inahusu **Quinn Maybrook** (mfano wa jina) na **baba yake daktari** wanaohamia katika mji mdogo wa **Knutting’s Field** baada ya msiba.

Wanajaribu kuanza maisha mapya, lakini mji huo una **siri chafu** kuhusu **historia yake** na **mgogoro** mkubwa kati ya **vijana** na **wazee** wanaokaa huko. **Vijana** wanasherehekea na **kucheka** utamaduni wa mji.

Usiku mmoja wa sherehe, **Clown** mwenye jina la **Frendo** ambaye alikuwa **kizushi** cha zamani cha mji, anaanza **kuwaua** vijana kwa ukatili ndani ya **shamba la mahindi** lenye **giza na utata**. **Quinn** lazima apambane na **clown huyo mwendawazimu** na **siri za jamii** hiyo ndogo ili **kutoroka** na **kuishi**. Ni mchanganyiko wa **kutisha** na **siri za kijamii**.",https://iframe.mediadelivery.net/play/554297/28cceaa2-960a-4640-b405-f376ec6edcc1,https://vz-12176983-62c.b-cdn.net/28cceaa2-960a-4640-b405-f376ec6edcc1/playlist.m3u8,,https://vz-12176983-62c.b-cdn.net/28cceaa2-960a-4640-b405-f376ec6edcc1/thumbnail_11688d04.jpg,60,2025-12-07 00:00:00+00,"[""Comedy"",""Action""]",en,"[""HD""]","[""CHUMA"",""FEDHA"",""ALMASI"",""MALKIA"",""DHAHABU""]",2026-05-24 12:58:33.136+00,2026-05-24 12:58:33.136+00,270,true,false,,0,[],	Eli Craig,[],false,0,30,[],
VTdubXWIFFXFslbItT0T,Suky,"ni drama-thriller inayomfuata msichana kijana anayeingia kwenye dunia ya uhalifu baada ya kutoroka mazingira ya nyumbani yasiyo salama. Anapokutana na watu hatari wanaomdanganya kwa ahadi za mafanikio ya haraka, analazimika kupigania uhuru wake, kutafuta ukweli, na kufanya maamuzi magumu ili kuokoa maisha yake.",https://iframe.mediadelivery.net/play/552231/45393b45-1636-423a-8c66-7d4afe13baae,https://vz-efe8986b-460.b-cdn.net/45393b45-1636-423a-8c66-7d4afe13baae/play_720p.mp4,,https://blogger.googleusercontent.com/img/b/R29vZ2xl/AVvXsEheYP7GsdcIXmg7p-fnRcFbg0T-1iNCvZ-fmiAbI9uFhWCN9CeTa1Ru_Kfx6KkFQZavhxMe-cFDBa9RCHZipOqdWcuTHil3k3yd21WcWs7F1vNFCabTVcQEWH3rpHAKS6iqjufjXx0TRkg65kLKckdjVzzjxk7pwhPgu-YBg59wenN6LN-NtR62sTzyQrA/s312/Suky_2025_Movie_Poster.jpg,60,,"[""Drama"",""Thriller""]",en,"[""HD""]","[""FEDHA"",""CHUMA"",""DHAHABU"",""MALKIA"",""ALMASI""]",2026-05-24 13:07:18.28+00,2026-05-24 13:07:18.28+00,408,true,false,,0,[],	Ola Cardoso,[],false,0,30,[],
WnE35obMZO3FfChiPdMD,Knock Knock,"Knock Knock (2015) ni filamu ya thriller inayoonyesha maisha ya Evan, mwanaume wa familia anayebaki nyumbani peke yake usiku wa mvua. Wasichana wawili wazuri wanaonekana mlangoni wakidai kuhitaji msaada. Evan anawakaribisha, lakini usiku unageuka kuwa mtego wa mateso, vitisho, na michezo ya kisaikolojia. Filamu inaonyesha jinsi tamaa ndogo inavyoweza kuharibu maisha, ikionyesha vurugu, udanganyifu, na hali ya kukosa uwezo wakati mambo yanapoenda vibaya.
",https://iframe.mediadelivery.net/play/556043/c3970429-f916-4428-9a4f-ea4bd1d222e9,https://vz-4ad49bf8-098.b-cdn.net/c3970429-f916-4428-9a4f-ea4bd1d222e9/original,,https://upload.wikimedia.org/wikipedia/en/thumb/d/d1/Knock_Knock_poster.jpg/250px-Knock_Knock_poster.jpg,60,2026-05-04 00:00:00+00,"[""Thriller""]",en,"[""HD""]",[],2026-05-04 01:06:41.816+00,2026-05-04 01:06:41.816+00,15,true,true,movies-ngono,0,[],	Eli Roth,[],true,2000,3,[],
WwkRVf7uigdA2rF7GCA1,Mwanachuo wa IFM,daah,https://iframe.mediadelivery.net/play/555904/1858b1d5-9f39-45d7-bd53-ebf193eba1ae,https://vz-d9bb3b5b-3a4.b-cdn.net/1858b1d5-9f39-45d7-bd53-ebf193eba1ae/original,,https://vz-d9bb3b5b-3a4.b-cdn.net/1858b1d5-9f39-45d7-bd53-ebf193eba1ae/thumbnail.jpg,0,2026-05-02 00:00:00+00,[],sw,"[""HD""]",[],2026-05-02 08:49:18.19+00,2026-05-23 12:21:11.643+00,84,true,true,zilizovuja,0,[],,[],true,2000,3,[],
x9P07Hp4loRzhOVKsBUj,The Last 7 Days,"Filamu inaeleza hadithi ya ndugu — Tari na Kadar — wanaorudi nyumbani kwa mama yao mgonjwa, Anggun, aliyekufa. Wanagundua kuwa mama yao alikuwa amesheheni laana ya kizamani: roho yake haiwezi kupumzishwa hadi siku ya “Kamis Kliwon,” — siku maalum ndani ya siku saba.",https://iframe.mediadelivery.net/play/552231/29c8fd79-f03b-4af0-93fd-065058c445ea,https://vz-efe8986b-460.b-cdn.net/29c8fd79-f03b-4af0-93fd-065058c445ea/play_360p.mp4,,https://blogger.googleusercontent.com/img/b/R29vZ2xl/AVvXsEgsZJIeR_EzZ-hZU_dxCPqGocDzg0-ytJjdVor0ocLNMfvTzpd4j6FCKrxfolBNLrkaAm3j95a7sKXAsfIExl3ybjHOTB-WfLsGv0OHt3xrZyW_oIgIXs2umtdSg_xm09CnP2lg60BOPTaCQvptw20AQssIEDIqRbCUadoUlXHxjBk_M-VUGd2m5PmDLcA/s273/download%20(2).jpeg,60,,"[""Horror""]",en,"[""HD""]","[""FEDHA"",""CHUMA"",""DHAHABU"",""MALKIA"",""ALMASI""]",2024-01-01 00:00:00+00,,92,true,false,,0,[]," Awi Suryadi",[],false,,30,[],
xhqX2phPAFOG6g5RhUxH,The Demon's Bride,"Mwanamke mzaliti, Ranti, anakabiliana na dhiki baada ya binti yake, Nina, kujeruhiwa vibaya katika ajali. Hakuna msaada, na gharama za matibabu ni kubwa — hivyo Ranti anakubali ombi la kichawi na kwenda katika “ndoa” ya kikatili na pepo ili apate pesa za kuponya binti yake",https://iframe.mediadelivery.net/play/552231/aa833ed3-ded8-47d0-aa79-74c4c8325457,https://vz-efe8986b-460.b-cdn.net/aa833ed3-ded8-47d0-aa79-74c4c8325457/play_360p.mp4,,https://blogger.googleusercontent.com/img/b/R29vZ2xl/AVvXsEginIRbuDtwMlaxc-TAyLmccz65A8LszwmWh4dGzo6xMkVl6r2ujjkPnvVLjK_mEK9jKN2Q-6cYlcN6t_U3_aKPuDBdP4jpG_B9KEInUWcCSdsSdUAbJRJSFordnnZc20CqYM5T43n_Ji2pDUY2H9Mjgizso6JLLltxQlTAbymQiUk6sn5TEKlBpbOOUy0/s2953/MV5BMTk3YTFkOTItYzJkYy00NTY0LTk5MWYtNzQ2NDA4OTRlZjI5XkEyXkFqcGc@._V1_.jpg,60,,"[""Horror"",""Thriller""]",en,"[""HD""]","[""FEDHA"",""CHUMA"",""DHAHABU"",""MALKIA"",""ALMASI""]",2024-01-01 00:00:00+00,,174,true,false,,0,[]," Azhar Kinoi Lubis",[],false,,30,[],
xmgUBqy1ERleMUYdOFMj,Red Daw,"ni filamu ya action inayosimulia uvamizi wa ghafla wa majeshi ya kigeni nchini Marekani. Kundi la vijana wanaunda kikosi cha siri kinachoitwa Wolverines na kutumia mbinu za guerilla kupambana na wavamizi, kulinda familia zao na kupigania uhuru wa nchi.",https://iframe.mediadelivery.net/play/552231/12372f3b-e65f-412f-8243-fdead570535e,https://vz-efe8986b-460.b-cdn.net/12372f3b-e65f-412f-8243-fdead570535e/play_240p.mp4,,https://blogger.googleusercontent.com/img/b/R29vZ2xl/AVvXsEgPfKfTUu8pc3dYPV2rIEMSFSx-qxM5gFDLejOwHhtvjbp4LsymEOtFWzaUXPfEN20kKyf0gxS8qsibT88lL3ReMkTZ-hhB6hspVWGV0l76zleAtCjd-LEpVcvXDG6rXJXvMi8ViaR9FDYHSFNgJrDEfqhYRL2_CLQCmrxfteKMZNvTtwlCsoJRqS2_eY8/s370/Red_Dawn_FilmPoster.jpeg,60,,"[""Action"",""War""]",en,"[""HD""]","[""FEDHA"",""CHUMA"",""DHAHABU"",""MALKIA"",""ALMASI""]",2024-01-01 00:00:00+00,,69,true,false,,0,[],Dan Bradley,[],false,,30,[],
xpKMxftTx6r0fBpkltUv,faustina part 5,hii,https://iframe.mediadelivery.net/play/555904/674d61a1-6fcb-4cca-9275-a9451eb7e3f1,https://vz-d9bb3b5b-3a4.b-cdn.net/674d61a1-6fcb-4cca-9275-a9451eb7e3f1/original,,https://blogger.googleusercontent.com/img/b/R29vZ2xl/AVvXsEisyCGUfBAVS9lQCGy7hVGcWA87JH5Imn3y8arBLt3lZFNLLSSi8XDyaUcwPDasjMD397FvNeYwNNpQ92HBjl1t394w-hDrRwoZBd6y0J9pvYJCofohixRHEra01TcTgSxG3TUlYs4nFIVK8YzVqmJ1MJiGb6uV3upGMDVfZ2Q5ekK1VVjtW6wGhyphenhyphenzmiLk/s4096/InShot_20251206_114143245.jpg,0,2026-05-02 00:00:00+00,[],sw,"[""HD""]",[],2026-05-02 08:44:30.412+00,2026-05-02 08:45:11.429+00,11,true,true,zilizovuja,0,[],,[],true,2000,3,[],
yGhskYlmHrqyf07UbHhR,Karam,"ni filamu ya kusisimua ya mapigano ya lugha ya Kimalayalam, iliyoongozwa na Vineeth Sreenivasan.

Hadithi inamfuata Dev Mahendran, afisa wa zamani wa jeshi la India, ambaye anaishi maisha ya kawaida na familia yake katika nchi ya kigeni. Maisha yake yanachukua mkondo hatari anapokutana na aliyekuwa mpenzi wake, ambaye ameshikiliwa na kikundi hatari cha magendo ya binadamu.

Dev analazimika kurudi kwenye uzoefu wake wa zamani wa kijeshi. Anaanzisha operesheni ya uokozi peke yake katika ardhi hiyo ya kigeni ili kumwokoa mpenzi wake na wengine walionaswa. Filamu inahusu dhamira yake ya kupambana na genge la uhalifu na kufichua siri zao.",https://iframe.mediadelivery.net/play/554297/56f7bc52-016e-4120-94fb-c9476c5000ce,https://vz-12176983-62c.b-cdn.net/56f7bc52-016e-4120-94fb-c9476c5000ce/original,,https://vz-12176983-62c.b-cdn.net/56f7bc52-016e-4120-94fb-c9476c5000ce/thumbnail.jpg,120,2025-12-07 00:00:00+00,"[""Action"",""Thriller""]",en,"[""HD""]","[""FEDHA"",""CHUMA"",""DHAHABU"",""MALKIA"",""ALMASI""]",2024-01-01 00:00:00+00,,17,true,false,,0,[],	Vineeth Sreenivasan,[],false,,30,[],
zcPj5OdvnwUZu8qXvHgU,G20,"ni filamu ya kusisimua ya vitendo na vichekesho iliyoigizwa na nyota Jackie Chan.

Inamwonyesha Agent Dragon, mlinzi wa zamani wa Ikulu, ambaye sasa anafanya kazi katika kituo cha afya cha magonjwa ya akili. Anafichua mpango wa kigaidi wa kumshambulia Rais wa Marekani na viongozi wengine wa dunia wakati wa Mkutano wa G20 unaofanyika nchini China.

Licha ya kujaribiwa kupuuzwa kutokana na kazi yake ya sasa, Dragon lazima ajitolee kuwalinda viongozi hao dhidi ya njama za siri. Anatumia mbinu zake za hali ya juu za karate na upelelezi wa haraka kutatua fumbo hili tata na kuwaokoa wote. Filamu imejaa mapigano ya kusisimua na utiririshaji wa vichekesho vya kawaida vya Chan",https://iframe.mediadelivery.net/play/554297/255cb65d-1523-41c6-962b-c2ad51fa9d4b,https://vz-12176983-62c.b-cdn.net/255cb65d-1523-41c6-962b-c2ad51fa9d4b/original,,https://vz-12176983-62c.b-cdn.net/255cb65d-1523-41c6-962b-c2ad51fa9d4b/thumbnail_cbbc1eb9.jpg,60,2015-07-23 00:00:00+00,"[""Action"",""Thriller""]",en,"[""HD""]","[""FEDHA"",""CHUMA"",""DHAHABU"",""MALKIA"",""ALMASI""]",2024-01-01 00:00:00+00,,107,true,false,,0,[],	Patricia Riggen,[],false,,30,[],